file,offset,length,encoding,text,context_hex
kigyo.dat,113,4,cp932,9303,00 00 00 00 00 00 00 04 39 33 30 33 00 00 00 00 00 00 00 00
kigyo.dat,168,4,cp932,9403,00 00 00 00 00 00 00 04 39 34 30 33 00 00 00 00 00 00 00 00
kigyo.dat,223,4,cp932,9503,00 00 00 00 00 00 00 04 39 35 30 33 00 00 00 00 00 00 00 00
kigyo.dat,278,4,cp932,9603,00 00 00 00 00 00 00 04 39 36 30 33 00 00 00 00 00 00 00 00
kigyo.dat,333,4,cp932,9703,00 00 00 00 00 00 00 04 39 37 30 33 00 00 00 00 00 00 00 00
kigyo.dat,388,4,cp932,9703,00 00 00 00 00 00 00 04 39 37 30 33 00 00 00 00 00 00 00 00
kigyo.dat,443,4,cp932,9503,00 00 00 00 00 00 00 04 39 35 30 33 00 00 00 00 00 00 00 00
kigyo.dat,498,4,cp932,9603,00 00 00 00 00 00 00 04 39 36 30 33 00 00 00 00 00 00 00 00
kigyo.dat,553,4,cp932,9703,00 00 00 00 00 00 00 04 39 37 30 33 00 00 00 00 00 00 00 00
kigyo.dat,608,4,cp932,9509,00 00 00 00 00 00 00 04 39 35 30 39 00 00 00 00 00 00 00 00
kigyo.dat,663,4,cp932,9609,00 00 00 00 00 00 00 04 39 36 30 39 00 00 00 00 00 00 00 00
kigyo.dat,718,4,cp932,9709,00 00 00 00 00 00 00 04 39 37 30 39 00 00 00 00 00 00 00 00
kigyo.dat,936,4,cp932,9303,00 00 00 00 00 00 00 04 39 33 30 33 00 00 00 00 00 00 00 00
kigyo.dat,991,4,cp932,9403,00 00 00 00 00 00 00 04 39 34 30 33 00 00 00 00 00 00 00 00
kigyo.dat,1046,4,cp932,9503,00 00 00 00 00 00 00 04 39 35 30 33 00 00 00 00 00 00 00 00
kigyo.dat,1101,4,cp932,9603,00 00 00 00 00 00 00 04 39 36 30 33 00 00 00 00 00 00 00 00
kigyo.dat,1156,4,cp932,9703,00 00 00 00 00 00 00 04 39 37 30 33 00 00 00 00 00 00 00 00
kigyo.dat,1211,4,cp932,9703,00 00 00 00 00 00 00 00 39 37 30 33 00 00 00 00 00 00 00 00
kigyo.dat,1266,4,cp932,9503,00 00 00 00 00 00 00 04 39 35 30 33 00 00 00 00 00 00 00 00
kigyo.dat,1321,4,cp932,9603,00 00 00 00 00 00 00 04 39 36 30 33 00 00 00 00 00 00 00 00
kigyo.dat,1376,4,cp932,9703,00 00 00 00 00 00 00 04 39 37 30 33 00 00 00 00 00 00 00 00
kigyo.dat,1431,4,cp932,9509,00 00 00 00 00 00 00 04 39 35 30 39 00 00 00 00 00 00 00 00
kigyo.dat,1486,4,cp932,9609,00 00 00 00 00 00 00 04 39 36 30 39 00 00 00 00 00 00 00 00
kigyo.dat,1541,4,cp932,9709,00 00 00 00 00 00 00 04 39 37 30 39 00 00 00 00 00 00 00 00
kigyo.dat,1759,4,cp932,1503,00 00 00 00 00 00 00 04 31 35 30 33 00 00 00 00 00 00 00 00
kigyo.dat,1814,4,cp932,1603,00 00 00 00 00 00 00 04 31 36 30 33 00 00 00 AA 3B 00 00 DC
kigyo.dat,1869,4,cp932,1703,00 00 00 00 00 00 00 04 31 37 30 33 00 00 00 7B 3E 00 00 27
kigyo.dat,1924,4,cp932,1803,00 00 00 00 00 00 00 04 31 38 30 33 00 00 00 DD 42 00 00 AE
kigyo.dat,1979,4,cp932,1903,00 00 00 00 00 00 00 04 31 39 30 33 00 00 00 00 00 00 00 00
kigyo.dat,2089,4,cp932,1503,00 00 00 00 00 00 00 04 31 35 30 33 00 00 00 00 00 00 00 00
kigyo.dat,2144,4,cp932,1603,00 00 00 00 00 00 00 04 31 36 30 33 00 00 00 DE 4C 00 00 08
kigyo.dat,2199,4,cp932,1703,00 00 00 00 00 00 00 04 31 37 30 33 00 00 00 F9 44 00 00 92
kigyo.dat,2254,4,cp932,1803,00 00 00 00 00 00 00 04 31 38 30 33 00 00 00 DD 42 00 00 AE
kigyo.dat,2290,6,cp932,2016/0,50 00 00 00 00 00 00 06 32 30 31 36 2F 30 00 00 00 00 00 00 00 00
kigyo.dat,2309,4,cp932,1903,00 00 00 00 00 00 00 04 31 39 30 33 00 00 00 8C 3C 00 00 DC
kigyo.dat,2345,6,cp932,2016/0,00 00 00 00 00 00 00 06 32 30 31 36 2F 30 00 00 00 00 00 00 00 00
kigyo.dat,2419,50,cp932,-nネックス、日本ゼニスパイプ、羽田コンクリート工業,00 00 00 00 00 00 00 01 2D 6E 83 6C 83 62 83 4E 83 58 81 41 93 FA 96 7B 83 5B 83 6A 83 58 83 70 83 43 83 76 81 41 89 48 93 63 83 52 83 93 83 4E 83 8A 81 5B 83 67 8D 48 8B C6 15 05 02 C9 97 97 6D 81
kigyo.dat,2472,11,cp932,ﾉ覧m　　　@,67 8D 48 8B C6 15 05 02 C9 97 97 6D 81 40 81 40 81 40 40 81 00 00 00 00 00 00 00
kigyo.dat,2527,6,cp932,070201,44 05 00 00 00 00 00 06 30 37 30 32 30 31 88 00 00 00 00 11 00 00
kigyo.dat,2582,4,cp932,2203,1B 00 00 00 00 00 00 04 32 32 30 33 00 00 00 00 00 00 00 00
kigyo.dat,2637,4,cp932,2303,00 00 00 00 00 00 00 04 32 33 30 33 00 00 00 00 00 00 00 00
kigyo.dat,2692,4,cp932,2403,00 00 00 00 00 00 00 04 32 34 30 33 00 00 00 00 00 00 00 00
kigyo.dat,2747,4,cp932,2503,00 00 00 00 00 00 00 04 32 35 30 33 00 00 00 00 00 00 00 00
kigyo.dat,2802,4,cp932,2603,00 00 00 00 00 00 00 04 32 36 30 33 00 00 00 00 00 00 00 00
kigyo.dat,2857,4,cp932,2603,00 00 00 00 00 00 00 00 32 36 30 33 00 01 00 00 00 00 00 00
kigyo.dat,2912,4,cp932,2203,00 00 00 00 00 00 00 04 32 32 30 33 00 00 00 00 00 00 00 F8
kigyo.dat,2967,4,cp932,2303,00 00 00 00 00 00 00 04 32 33 30 33 00 00 00 00 00 00 00 A9
kigyo.dat,3022,4,cp932,2403,00 00 00 00 00 00 00 04 32 34 30 33 00 00 00 E4 FD 03 00 66
kigyo.dat,3077,4,cp932,2503,00 00 00 00 00 00 00 04 32 35 30 33 00 00 00 59 9E 04 00 47
kigyo.dat,3132,4,cp932,2603,00 00 00 00 00 00 00 04 32 36 30 33 00 00 00 10 09 05 00 5C
kigyo.dat,3168,6,cp932,260206,00 00 00 00 00 00 00 06 32 36 30 32 30 36 00 00 00 00 00 00 00 00
kigyo.dat,3241,51,cp932,2水産品の貿易、加工、買い付け主力。すしネタに強み。,00 00 00 00 00 00 00 00 32 90 85 8E 59 95 69 82 CC 96 66 88 D5 81 41 89 C1 8D 48 81 41 94 83 82 A2 95 74 82 AF 8E E5 97 CD 81 42 82 B7 82 B5 83 6C 83 5E 82 C9 8B AD 82 DD 81 42 19 05 02 C9 97 97 6D 81
kigyo.dat,3295,11,cp932,ﾉ覧m　　　@,AD 82 DD 81 42 19 05 02 C9 97 97 6D 81 40 81 40 81 40 40 81 00 00 00 00 00 00 20
kigyo.dat,3350,6,cp932,070201,44 05 00 00 00 00 00 06 30 37 30 32 30 31 88 00 00 00 00 11 00 00
kigyo.dat,3405,4,cp932,1103,1B 00 00 00 00 00 00 04 31 31 30 33 00 00 00 29 42 02 00 20
kigyo.dat,3460,4,cp932,1203,00 00 00 00 00 00 00 04 31 32 30 33 00 00 00 69 87 02 00 11
kigyo.dat,3483,6,cp932,οﾌﾌﾌL,59 07 00 00 A0 02 00 00 83 CD CC CC CC 4C 83 00 00 00 00 20 00 00
kigyo.dat,3515,4,cp932,1303,00 00 00 00 00 00 00 04 31 33 30 33 00 00 00 62 73 02 00 DE
kigyo.dat,3539,5,cp932,)\渉u,05 00 00 26 03 00 00 83 29 5C 8F C2 75 83 00 00 00 00 20 00 00
kigyo.dat,3570,4,cp932,1403,00 00 00 00 00 00 00 04 31 34 30 33 00 00 00 1A EE 02 00 A7
kigyo.dat,3625,4,cp932,1503,00 00 00 00 00 00 00 04 31 35 30 33 00 00 00 00 00 00 00 00
kigyo.dat,3680,4,cp932,1503,00 00 00 00 00 00 00 04 31 35 30 33 00 01 00 00 00 00 00 00
kigyo.dat,3735,4,cp932,1103,00 00 00 00 00 00 00 04 31 31 30 33 00 00 00 AB 7B 02 00 34
kigyo.dat,3759,4,cp932,ﾍﾌﾌﾌ,06 00 00 3A 00 00 00 80 CD CC CC CC 0C 00 00 00 00 00 00 06
kigyo.dat,3771,6,cp932,110805,0C 00 00 00 00 00 00 06 31 31 30 38 30 35 00 00 00 00 00 00 00 00
kigyo.dat,3790,4,cp932,1203,00 00 00 00 00 00 00 04 31 32 30 33 00 00 00 7D C6 02 00 64
kigyo.dat,3826,6,cp932,130206,00 00 00 00 00 00 00 06 31 33 30 32 30 36 00 00 00 00 00 00 00 00
kigyo.dat,3845,4,cp932,1303,00 00 00 00 00 00 00 04 31 33 30 33 00 00 00 7E B7 02 00 14
kigyo.dat,3881,6,cp932,140205,41 00 00 00 00 00 00 06 31 34 30 32 30 35 00 00 00 00 00 00 00 00
kigyo.dat,3900,4,cp932,1403,00 00 00 00 00 00 00 04 31 34 30 33 00 00 00 93 16 03 00 63
kigyo.dat,3936,6,cp932,2014/0,62 00 00 00 00 00 00 06 32 30 31 34 2F 30 00 00 00 00 00 00 00 00
kigyo.dat,3955,4,cp932,1503,00 00 00 00 00 00 00 04 31 35 30 33 00 00 00 C8 20 03 00 74
kigyo.dat,3991,6,cp932,2014/0,00 00 00 00 00 00 00 06 32 30 31 34 2F 30 00 00 00 00 00 00 00 00
kigyo.dat,4010,4,cp932,1003,00 00 00 00 00 00 00 04 31 30 30 33 00 00 00 00 00 00 00 00
kigyo.dat,4064,51,cp932,2買い付け主力。すしネタに強み。加工食品は業務用が軸,00 00 00 00 00 00 00 00 32 94 83 82 A2 95 74 82 AF 8E E5 97 CD 81 42 82 B7 82 B5 83 6C 83 5E 82 C9 8B AD 82 DD 81 42 89 C1 8D 48 90 48 95 69 82 CD 8B C6 96 B1 97 70 82 AA 8E B2 1A 05 02 C9 97 97 6D 81
kigyo.dat,4118,11,cp932,ﾉ覧m　　　@,70 82 AA 8E B2 1A 05 02 C9 97 97 6D 81 40 81 40 81 40 40 81 00 00 00 00 00 00 20
kigyo.dat,4173,6,cp932,070201,44 05 00 00 00 00 00 06 30 37 30 32 30 31 88 00 00 00 00 11 00 00
kigyo.dat,4228,4,cp932,1103,1B 00 00 00 00 00 00 04 31 31 30 33 00 00 00 29 42 02 00 20
kigyo.dat,4283,4,cp932,1203,00 00 00 00 00 00 00 04 31 32 30 33 00 00 00 69 87 02 00 11
kigyo.dat,4306,6,cp932,οﾌﾌﾌL,59 07 00 00 A0 02 00 00 83 CD CC CC CC 4C 83 00 00 00 00 20 00 00
kigyo.dat,4338,4,cp932,1303,00 00 00 00 00 00 00 04 31 33 30 33 00 00 00 62 73 02 00 DE
kigyo.dat,4362,5,cp932,)\渉u,05 00 00 26 03 00 00 83 29 5C 8F C2 75 83 00 00 00 00 20 00 00
kigyo.dat,4393,4,cp932,1403,00 00 00 00 00 00 00 04 31 34 30 33 00 00 00 1A EE 02 00 A7
kigyo.dat,4448,4,cp932,1503,00 00 00 00 00 00 00 04 31 35 30 33 00 00 00 00 00 00 00 00
kigyo.dat,4503,4,cp932,1503,00 00 00 00 00 00 00 04 31 35 30 33 00 01 00 00 00 00 00 00
kigyo.dat,4558,4,cp932,1103,00 00 00 00 00 00 00 04 31 31 30 33 00 00 00 AB 7B 02 00 34
kigyo.dat,4582,4,cp932,ﾍﾌﾌﾌ,06 00 00 3A 00 00 00 80 CD CC CC CC 0C 00 00 00 00 00 00 06
kigyo.dat,4594,6,cp932,110805,0C 00 00 00 00 00 00 06 31 31 30 38 30 35 00 00 00 00 00 00 00 00
kigyo.dat,4613,4,cp932,1203,00 00 00 00 00 00 00 04 31 32 30 33 00 00 00 7D C6 02 00 64
kigyo.dat,4649,6,cp932,130206,00 00 00 00 00 00 00 06 31 33 30 32 30 36 00 00 00 00 00 00 00 00
kigyo.dat,4668,4,cp932,1303,00 00 00 00 00 00 00 04 31 33 30 33 00 00 00 7E B7 02 00 14
kigyo.dat,4704,6,cp932,140205,41 00 00 00 00 00 00 06 31 34 30 32 30 35 00 00 00 00 00 00 00 00
kigyo.dat,4723,4,cp932,1403,00 00 00 00 00 00 00 04 31 34 30 33 00 00 00 93 16 03 00 63
kigyo.dat,4759,6,cp932,2014/0,62 00 00 00 00 00 00 06 32 30 31 34 2F 30 00 00 00 00 00 00 00 00
kigyo.dat,4778,4,cp932,1503,00 00 00 00 00 00 00 04 31 35 30 33 00 00 00 C8 20 03 00 74
kigyo.dat,4814,6,cp932,2014/0,00 00 00 00 00 00 00 06 32 30 31 34 2F 30 00 00 00 00 00 00 00 00
kigyo.dat,4833,4,cp932,1003,00 00 00 00 00 00 00 04 31 30 30 33 00 00 00 00 00 00 00 00
kigyo.dat,4887,51,cp932,2水産品の貿易、加工、買い付け主力。すしネタに強み。,00 00 00 00 00 00 00 00 32 90 85 8E 59 95 69 82 CC 96 66 88 D5 81 41 89 C1 8D 48 81 41 94 83 82 A2 95 74 82 AF 8E E5 97 CD 81 42 82 B7 82 B5 83 6C 83 5E 82 C9 8B AD 82 DD 81 42 1C 05 02 C9 97 97 6D 81
kigyo.dat,4941,11,cp932,ﾉ覧m　　　@,AD 82 DD 81 42 1C 05 02 C9 97 97 6D 81 40 81 40 81 40 40 81 00 00 00 00 00 00 20
kigyo.dat,4996,6,cp932,070201,44 05 00 00 00 00 00 06 30 37 30 32 30 31 88 00 00 00 00 11 00 00
kigyo.dat,5051,4,cp932,1103,1B 00 00 00 00 00 00 04 31 31 30 33 00 00 00 29 42 02 00 20
kigyo.dat,5106,4,cp932,1203,00 00 00 00 00 00 00 04 31 32 30 33 00 00 00 69 87 02 00 11
kigyo.dat,5129,6,cp932,οﾌﾌﾌL,59 07 00 00 A0 02 00 00 83 CD CC CC CC 4C 83 00 00 00 00 20 00 00
kigyo.dat,5161,4,cp932,1303,00 00 00 00 00 00 00 04 31 33 30 33 00 00 00 62 73 02 00 DE
kigyo.dat,5185,5,cp932,)\渉u,05 00 00 26 03 00 00 83 29 5C 8F C2 75 83 00 00 00 00 20 00 00
kigyo.dat,5216,4,cp932,1403,00 00 00 00 00 00 00 04 31 34 30 33 00 00 00 1A EE 02 00 A7
kigyo.dat,5271,4,cp932,1503,00 00 00 00 00 00 00 04 31 35 30 33 00 00 00 00 00 00 00 00
kigyo.dat,5326,4,cp932,1503,00 00 00 00 00 00 00 04 31 35 30 33 00 01 00 00 00 00 00 00
kigyo.dat,5381,4,cp932,1103,00 00 00 00 00 00 00 04 31 31 30 33 00 00 00 AB 7B 02 00 34
kigyo.dat,5405,4,cp932,ﾍﾌﾌﾌ,06 00 00 3A 00 00 00 80 CD CC CC CC 0C 00 00 00 00 00 00 06
kigyo.dat,5417,6,cp932,110805,0C 00 00 00 00 00 00 06 31 31 30 38 30 35 00 00 00 00 00 00 00 00
kigyo.dat,5436,4,cp932,1203,00 00 00 00 00 00 00 04 31 32 30 33 00 00 00 7D C6 02 00 64
kigyo.dat,5472,6,cp932,130206,00 00 00 00 00 00 00 06 31 33 30 32 30 36 00 00 00 00 00 00 00 00
kigyo.dat,5491,4,cp932,1303,00 00 00 00 00 00 00 04 31 33 30 33 00 00 00 7E B7 02 00 14
kigyo.dat,5527,6,cp932,140205,41 00 00 00 00 00 00 06 31 34 30 32 30 35 00 00 00 00 00 00 00 00
kigyo.dat,5546,4,cp932,1403,00 00 00 00 00 00 00 04 31 34 30 33 00 00 00 93 16 03 00 63
kigyo.dat,5582,6,cp932,2014/0,62 00 00 00 00 00 00 06 32 30 31 34 2F 30 00 00 00 00 00 00 00 00
kigyo.dat,5601,4,cp932,1503,00 00 00 00 00 00 00 04 31 35 30 33 00 00 00 C8 20 03 00 74
kigyo.dat,5637,6,cp932,2014/0,00 00 00 00 00 00 00 06 32 30 31 34 2F 30 00 00 00 00 00 00 00 00
kigyo.dat,5656,4,cp932,1003,00 00 00 00 00 00 00 04 31 30 30 33 00 00 00 00 00 00 00 00
kigyo.dat,113,4,shift_jis,9303,00 00 00 00 00 00 00 04 39 33 30 33 00 00 00 00 00 00 00 00
kigyo.dat,168,4,shift_jis,9403,00 00 00 00 00 00 00 04 39 34 30 33 00 00 00 00 00 00 00 00
kigyo.dat,223,4,shift_jis,9503,00 00 00 00 00 00 00 04 39 35 30 33 00 00 00 00 00 00 00 00
kigyo.dat,278,4,shift_jis,9603,00 00 00 00 00 00 00 04 39 36 30 33 00 00 00 00 00 00 00 00
kigyo.dat,333,4,shift_jis,9703,00 00 00 00 00 00 00 04 39 37 30 33 00 00 00 00 00 00 00 00
kigyo.dat,388,4,shift_jis,9703,00 00 00 00 00 00 00 04 39 37 30 33 00 00 00 00 00 00 00 00
kigyo.dat,443,4,shift_jis,9503,00 00 00 00 00 00 00 04 39 35 30 33 00 00 00 00 00 00 00 00
kigyo.dat,498,4,shift_jis,9603,00 00 00 00 00 00 00 04 39 36 30 33 00 00 00 00 00 00 00 00
kigyo.dat,553,4,shift_jis,9703,00 00 00 00 00 00 00 04 39 37 30 33 00 00 00 00 00 00 00 00
kigyo.dat,608,4,shift_jis,9509,00 00 00 00 00 00 00 04 39 35 30 39 00 00 00 00 00 00 00 00
kigyo.dat,663,4,shift_jis,9609,00 00 00 00 00 00 00 04 39 36 30 39 00 00 00 00 00 00 00 00
kigyo.dat,718,4,shift_jis,9709,00 00 00 00 00 00 00 04 39 37 30 39 00 00 00 00 00 00 00 00
kigyo.dat,936,4,shift_jis,9303,00 00 00 00 00 00 00 04 39 33 30 33 00 00 00 00 00 00 00 00
kigyo.dat,991,4,shift_jis,9403,00 00 00 00 00 00 00 04 39 34 30 33 00 00 00 00 00 00 00 00
kigyo.dat,1046,4,shift_jis,9503,00 00 00 00 00 00 00 04 39 35 30 33 00 00 00 00 00 00 00 00
kigyo.dat,1101,4,shift_jis,9603,00 00 00 00 00 00 00 04 39 36 30 33 00 00 00 00 00 00 00 00
kigyo.dat,1156,4,shift_jis,9703,00 00 00 00 00 00 00 04 39 37 30 33 00 00 00 00 00 00 00 00
kigyo.dat,1211,4,shift_jis,9703,00 00 00 00 00 00 00 00 39 37 30 33 00 00 00 00 00 00 00 00
kigyo.dat,1266,4,shift_jis,9503,00 00 00 00 00 00 00 04 39 35 30 33 00 00 00 00 00 00 00 00
kigyo.dat,1321,4,shift_jis,9603,00 00 00 00 00 00 00 04 39 36 30 33 00 00 00 00 00 00 00 00
kigyo.dat,1376,4,shift_jis,9703,00 00 00 00 00 00 00 04 39 37 30 33 00 00 00 00 00 00 00 00
kigyo.dat,1431,4,shift_jis,9509,00 00 00 00 00 00 00 04 39 35 30 39 00 00 00 00 00 00 00 00
kigyo.dat,1486,4,shift_jis,9609,00 00 00 00 00 00 00 04 39 36 30 39 00 00 00 00 00 00 00 00
kigyo.dat,1541,4,shift_jis,9709,00 00 00 00 00 00 00 04 39 37 30 39 00 00 00 00 00 00 00 00
kigyo.dat,1759,4,shift_jis,1503,00 00 00 00 00 00 00 04 31 35 30 33 00 00 00 00 00 00 00 00
kigyo.dat,1814,4,shift_jis,1603,00 00 00 00 00 00 00 04 31 36 30 33 00 00 00 AA 3B 00 00 DC
kigyo.dat,1869,4,shift_jis,1703,00 00 00 00 00 00 00 04 31 37 30 33 00 00 00 7B 3E 00 00 27
kigyo.dat,1924,4,shift_jis,1803,00 00 00 00 00 00 00 04 31 38 30 33 00 00 00 DD 42 00 00 AE
kigyo.dat,1979,4,shift_jis,1903,00 00 00 00 00 00 00 04 31 39 30 33 00 00 00 00 00 00 00 00
kigyo.dat,2089,4,shift_jis,1503,00 00 00 00 00 00 00 04 31 35 30 33 00 00 00 00 00 00 00 00
kigyo.dat,2144,4,shift_jis,1603,00 00 00 00 00 00 00 04 31 36 30 33 00 00 00 DE 4C 00 00 08
kigyo.dat,2199,4,shift_jis,1703,00 00 00 00 00 00 00 04 31 37 30 33 00 00 00 F9 44 00 00 92
kigyo.dat,2254,4,shift_jis,1803,00 00 00 00 00 00 00 04 31 38 30 33 00 00 00 DD 42 00 00 AE
kigyo.dat,2290,6,shift_jis,2016/0,50 00 00 00 00 00 00 06 32 30 31 36 2F 30 00 00 00 00 00 00 00 00
kigyo.dat,2309,4,shift_jis,1903,00 00 00 00 00 00 00 04 31 39 30 33 00 00 00 8C 3C 00 00 DC
kigyo.dat,2345,6,shift_jis,2016/0,00 00 00 00 00 00 00 06 32 30 31 36 2F 30 00 00 00 00 00 00 00 00
kigyo.dat,2419,50,shift_jis,-nネックス、日本ゼニスパイプ、羽田コンクリート工業,00 00 00 00 00 00 00 01 2D 6E 83 6C 83 62 83 4E 83 58 81 41 93 FA 96 7B 83 5B 83 6A 83 58 83 70 83 43 83 76 81 41 89 48 93 63 83 52 83 93 83 4E 83 8A 81 5B 83 67 8D 48 8B C6 15 05 02 C9 97 97 6D 81
kigyo.dat,2472,11,shift_jis,ﾉ覧m　　　@,67 8D 48 8B C6 15 05 02 C9 97 97 6D 81 40 81 40 81 40 40 81 00 00 00 00 00 00 00
kigyo.dat,2527,6,shift_jis,070201,44 05 00 00 00 00 00 06 30 37 30 32 30 31 88 00 00 00 00 11 00 00
kigyo.dat,2582,4,shift_jis,2203,1B 00 00 00 00 00 00 04 32 32 30 33 00 00 00 00 00 00 00 00
kigyo.dat,2637,4,shift_jis,2303,00 00 00 00 00 00 00 04 32 33 30 33 00 00 00 00 00 00 00 00
kigyo.dat,2692,4,shift_jis,2403,00 00 00 00 00 00 00 04 32 34 30 33 00 00 00 00 00 00 00 00
kigyo.dat,2747,4,shift_jis,2503,00 00 00 00 00 00 00 04 32 35 30 33 00 00 00 00 00 00 00 00
kigyo.dat,2802,4,shift_jis,2603,00 00 00 00 00 00 00 04 32 36 30 33 00 00 00 00 00 00 00 00
kigyo.dat,2857,4,shift_jis,2603,00 00 00 00 00 00 00 00 32 36 30 33 00 01 00 00 00 00 00 00
kigyo.dat,2912,4,shift_jis,2203,00 00 00 00 00 00 00 04 32 32 30 33 00 00 00 00 00 00 00 F8
kigyo.dat,2967,4,shift_jis,2303,00 00 00 00 00 00 00 04 32 33 30 33 00 00 00 00 00 00 00 A9
kigyo.dat,3022,4,shift_jis,2403,00 00 00 00 00 00 00 04 32 34 30 33 00 00 00 E4 FD 03 00 66
kigyo.dat,3077,4,shift_jis,2503,00 00 00 00 00 00 00 04 32 35 30 33 00 00 00 59 9E 04 00 47
kigyo.dat,3132,4,shift_jis,2603,00 00 00 00 00 00 00 04 32 36 30 33 00 00 00 10 09 05 00 5C
kigyo.dat,3168,6,shift_jis,260206,00 00 00 00 00 00 00 06 32 36 30 32 30 36 00 00 00 00 00 00 00 00
kigyo.dat,3241,51,shift_jis,2水産品の貿易、加工、買い付け主力。すしネタに強み。,00 00 00 00 00 00 00 00 32 90 85 8E 59 95 69 82 CC 96 66 88 D5 81 41 89 C1 8D 48 81 41 94 83 82 A2 95 74 82 AF 8E E5 97 CD 81 42 82 B7 82 B5 83 6C 83 5E 82 C9 8B AD 82 DD 81 42 19 05 02 C9 97 97 6D 81
kigyo.dat,3295,11,shift_jis,ﾉ覧m　　　@,AD 82 DD 81 42 19 05 02 C9 97 97 6D 81 40 81 40 81 40 40 81 00 00 00 00 00 00 20
kigyo.dat,3350,6,shift_jis,070201,44 05 00 00 00 00 00 06 30 37 30 32 30 31 88 00 00 00 00 11 00 00
kigyo.dat,3405,4,shift_jis,1103,1B 00 00 00 00 00 00 04 31 31 30 33 00 00 00 29 42 02 00 20
kigyo.dat,3460,4,shift_jis,1203,00 00 00 00 00 00 00 04 31 32 30 33 00 00 00 69 87 02 00 11
kigyo.dat,3483,6,shift_jis,οﾌﾌﾌL,59 07 00 00 A0 02 00 00 83 CD CC CC CC 4C 83 00 00 00 00 20 00 00
kigyo.dat,3515,4,shift_jis,1303,00 00 00 00 00 00 00 04 31 33 30 33 00 00 00 62 73 02 00 DE
kigyo.dat,3539,5,shift_jis,)\渉u,05 00 00 26 03 00 00 83 29 5C 8F C2 75 83 00 00 00 00 20 00 00
kigyo.dat,3570,4,shift_jis,1403,00 00 00 00 00 00 00 04 31 34 30 33 00 00 00 1A EE 02 00 A7
kigyo.dat,3625,4,shift_jis,1503,00 00 00 00 00 00 00 04 31 35 30 33 00 00 00 00 00 00 00 00
kigyo.dat,3680,4,shift_jis,1503,00 00 00 00 00 00 00 04 31 35 30 33 00 01 00 00 00 00 00 00
kigyo.dat,3735,4,shift_jis,1103,00 00 00 00 00 00 00 04 31 31 30 33 00 00 00 AB 7B 02 00 34
kigyo.dat,3759,4,shift_jis,ﾍﾌﾌﾌ,06 00 00 3A 00 00 00 80 CD CC CC CC 0C 00 00 00 00 00 00 06
kigyo.dat,3771,6,shift_jis,110805,0C 00 00 00 00 00 00 06 31 31 30 38 30 35 00 00 00 00 00 00 00 00
kigyo.dat,3790,4,shift_jis,1203,00 00 00 00 00 00 00 04 31 32 30 33 00 00 00 7D C6 02 00 64
kigyo.dat,3826,6,shift_jis,130206,00 00 00 00 00 00 00 06 31 33 30 32 30 36 00 00 00 00 00 00 00 00
kigyo.dat,3845,4,shift_jis,1303,00 00 00 00 00 00 00 04 31 33 30 33 00 00 00 7E B7 02 00 14
kigyo.dat,3881,6,shift_jis,140205,41 00 00 00 00 00 00 06 31 34 30 32 30 35 00 00 00 00 00 00 00 00
kigyo.dat,3900,4,shift_jis,1403,00 00 00 00 00 00 00 04 31 34 30 33 00 00 00 93 16 03 00 63
kigyo.dat,3936,6,shift_jis,2014/0,62 00 00 00 00 00 00 06 32 30 31 34 2F 30 00 00 00 00 00 00 00 00
kigyo.dat,3955,4,shift_jis,1503,00 00 00 00 00 00 00 04 31 35 30 33 00 00 00 C8 20 03 00 74
kigyo.dat,3991,6,shift_jis,2014/0,00 00 00 00 00 00 00 06 32 30 31 34 2F 30 00 00 00 00 00 00 00 00
kigyo.dat,4010,4,shift_jis,1003,00 00 00 00 00 00 00 04 31 30 30 33 00 00 00 00 00 00 00 00
kigyo.dat,4064,51,shift_jis,2買い付け主力。すしネタに強み。加工食品は業務用が軸,00 00 00 00 00 00 00 00 32 94 83 82 A2 95 74 82 AF 8E E5 97 CD 81 42 82 B7 82 B5 83 6C 83 5E 82 C9 8B AD 82 DD 81 42 89 C1 8D 48 90 48 95 69 82 CD 8B C6 96 B1 97 70 82 AA 8E B2 1A 05 02 C9 97 97 6D 81
kigyo.dat,4118,11,shift_jis,ﾉ覧m　　　@,70 82 AA 8E B2 1A 05 02 C9 97 97 6D 81 40 81 40 81 40 40 81 00 00 00 00 00 00 20
kigyo.dat,4173,6,shift_jis,070201,44 05 00 00 00 00 00 06 30 37 30 32 30 31 88 00 00 00 00 11 00 00
kigyo.dat,4228,4,shift_jis,1103,1B 00 00 00 00 00 00 04 31 31 30 33 00 00 00 29 42 02 00 20
kigyo.dat,4283,4,shift_jis,1203,00 00 00 00 00 00 00 04 31 32 30 33 00 00 00 69 87 02 00 11
kigyo.dat,4306,6,shift_jis,οﾌﾌﾌL,59 07 00 00 A0 02 00 00 83 CD CC CC CC 4C 83 00 00 00 00 20 00 00
kigyo.dat,4338,4,shift_jis,1303,00 00 00 00 00 00 00 04 31 33 30 33 00 00 00 62 73 02 00 DE
kigyo.dat,4362,5,shift_jis,)\渉u,05 00 00 26 03 00 00 83 29 5C 8F C2 75 83 00 00 00 00 20 00 00
kigyo.dat,4393,4,shift_jis,1403,00 00 00 00 00 00 00 04 31 34 30 33 00 00 00 1A EE 02 00 A7
kigyo.dat,4448,4,shift_jis,1503,00 00 00 00 00 00 00 04 31 35 30 33 00 00 00 00 00 00 00 00
kigyo.dat,4503,4,shift_jis,1503,00 00 00 00 00 00 00 04 31 35 30 33 00 01 00 00 00 00 00 00
kigyo.dat,4558,4,shift_jis,1103,00 00 00 00 00 00 00 04 31 31 30 33 00 00 00 AB 7B 02 00 34
kigyo.dat,4582,4,shift_jis,ﾍﾌﾌﾌ,06 00 00 3A 00 00 00 80 CD CC CC CC 0C 00 00 00 00 00 00 06
kigyo.dat,4594,6,shift_jis,110805,0C 00 00 00 00 00 00 06 31 31 30 38 30 35 00 00 00 00 00 00 00 00
kigyo.dat,4613,4,shift_jis,1203,00 00 00 00 00 00 00 04 31 32 30 33 00 00 00 7D C6 02 00 64
kigyo.dat,4649,6,shift_jis,130206,00 00 00 00 00 00 00 06 31 33 30 32 30 36 00 00 00 00 00 00 00 00
kigyo.dat,4668,4,shift_jis,1303,00 00 00 00 00 00 00 04 31 33 30 33 00 00 00 7E B7 02 00 14
kigyo.dat,4704,6,shift_jis,140205,41 00 00 00 00 00 00 06 31 34 30 32 30 35 00 00 00 00 00 00 00 00
kigyo.dat,4723,4,shift_jis,1403,00 00 00 00 00 00 00 04 31 34 30 33 00 00 00 93 16 03 00 63
kigyo.dat,4759,6,shift_jis,2014/0,62 00 00 00 00 00 00 06 32 30 31 34 2F 30 00 00 00 00 00 00 00 00
kigyo.dat,4778,4,shift_jis,1503,00 00 00 00 00 00 00 04 31 35 30 33 00 00 00 C8 20 03 00 74
kigyo.dat,4814,6,shift_jis,2014/0,00 00 00 00 00 00 00 06 32 30 31 34 2F 30 00 00 00 00 00 00 00 00
kigyo.dat,4833,4,shift_jis,1003,00 00 00 00 00 00 00 04 31 30 30 33 00 00 00 00 00 00 00 00
kigyo.dat,4887,51,shift_jis,2水産品の貿易、加工、買い付け主力。すしネタに強み。,00 00 00 00 00 00 00 00 32 90 85 8E 59 95 69 82 CC 96 66 88 D5 81 41 89 C1 8D 48 81 41 94 83 82 A2 95 74 82 AF 8E E5 97 CD 81 42 82 B7 82 B5 83 6C 83 5E 82 C9 8B AD 82 DD 81 42 1C 05 02 C9 97 97 6D 81
kigyo.dat,4941,11,shift_jis,ﾉ覧m　　　@,AD 82 DD 81 42 1C 05 02 C9 97 97 6D 81 40 81 40 81 40 40 81 00 00 00 00 00 00 20
kigyo.dat,4996,6,shift_jis,070201,44 05 00 00 00 00 00 06 30 37 30 32 30 31 88 00 00 00 00 11 00 00
kigyo.dat,5051,4,shift_jis,1103,1B 00 00 00 00 00 00 04 31 31 30 33 00 00 00 29 42 02 00 20
kigyo.dat,5106,4,shift_jis,1203,00 00 00 00 00 00 00 04 31 32 30 33 00 00 00 69 87 02 00 11
kigyo.dat,5129,6,shift_jis,οﾌﾌﾌL,59 07 00 00 A0 02 00 00 83 CD CC CC CC 4C 83 00 00 00 00 20 00 00
kigyo.dat,5161,4,shift_jis,1303,00 00 00 00 00 00 00 04 31 33 30 33 00 00 00 62 73 02 00 DE
kigyo.dat,5185,5,shift_jis,)\渉u,05 00 00 26 03 00 00 83 29 5C 8F C2 75 83 00 00 00 00 20 00 00
kigyo.dat,5216,4,shift_jis,1403,00 00 00 00 00 00 00 04 31 34 30 33 00 00 00 1A EE 02 00 A7
kigyo.dat,5271,4,shift_jis,1503,00 00 00 00 00 00 00 04 31 35 30 33 00 00 00 00 00 00 00 00
kigyo.dat,5326,4,shift_jis,1503,00 00 00 00 00 00 00 04 31 35 30 33 00 01 00 00 00 00 00 00
kigyo.dat,5381,4,shift_jis,1103,00 00 00 00 00 00 00 04 31 31 30 33 00 00 00 AB 7B 02 00 34
kigyo.dat,5405,4,shift_jis,ﾍﾌﾌﾌ,06 00 00 3A 00 00 00 80 CD CC CC CC 0C 00 00 00 00 00 00 06
kigyo.dat,5417,6,shift_jis,110805,0C 00 00 00 00 00 00 06 31 31 30 38 30 35 00 00 00 00 00 00 00 00
kigyo.dat,5436,4,shift_jis,1203,00 00 00 00 00 00 00 04 31 32 30 33 00 00 00 7D C6 02 00 64
kigyo.dat,5472,6,shift_jis,130206,00 00 00 00 00 00 00 06 31 33 30 32 30 36 00 00 00 00 00 00 00 00
kigyo.dat,5491,4,shift_jis,1303,00 00 00 00 00 00 00 04 31 33 30 33 00 00 00 7E B7 02 00 14
kigyo.dat,5527,6,shift_jis,140205,41 00 00 00 00 00 00 06 31 34 30 32 30 35 00 00 00 00 00 00 00 00
kigyo.dat,5546,4,shift_jis,1403,00 00 00 00 00 00 00 04 31 34 30 33 00 00 00 93 16 03 00 63
kigyo.dat,5582,6,shift_jis,2014/0,62 00 00 00 00 00 00 06 32 30 31 34 2F 30 00 00 00 00 00 00 00 00
kigyo.dat,5601,4,shift_jis,1503,00 00 00 00 00 00 00 04 31 35 30 33 00 00 00 C8 20 03 00 74
kigyo.dat,5637,6,shift_jis,2014/0,00 00 00 00 00 00 00 06 32 30 31 34 2F 30 00 00 00 00 00 00 00 00
kigyo.dat,5656,4,shift_jis,1003,00 00 00 00 00 00 00 04 31 30 30 33 00 00 00 00 00 00 00 00
kigyo.dat,113,4,ascii,9303,00 00 00 00 00 00 00 04 39 33 30 33 00 00 00 00 00 00 00 00
kigyo.dat,168,4,ascii,9403,00 00 00 00 00 00 00 04 39 34 30 33 00 00 00 00 00 00 00 00
kigyo.dat,223,4,ascii,9503,00 00 00 00 00 00 00 04 39 35 30 33 00 00 00 00 00 00 00 00
kigyo.dat,278,4,ascii,9603,00 00 00 00 00 00 00 04 39 36 30 33 00 00 00 00 00 00 00 00
kigyo.dat,333,4,ascii,9703,00 00 00 00 00 00 00 04 39 37 30 33 00 00 00 00 00 00 00 00
kigyo.dat,388,4,ascii,9703,00 00 00 00 00 00 00 04 39 37 30 33 00 00 00 00 00 00 00 00
kigyo.dat,443,4,ascii,9503,00 00 00 00 00 00 00 04 39 35 30 33 00 00 00 00 00 00 00 00
kigyo.dat,498,4,ascii,9603,00 00 00 00 00 00 00 04 39 36 30 33 00 00 00 00 00 00 00 00
kigyo.dat,553,4,ascii,9703,00 00 00 00 00 00 00 04 39 37 30 33 00 00 00 00 00 00 00 00
kigyo.dat,608,4,ascii,9509,00 00 00 00 00 00 00 04 39 35 30 39 00 00 00 00 00 00 00 00
kigyo.dat,663,4,ascii,9609,00 00 00 00 00 00 00 04 39 36 30 39 00 00 00 00 00 00 00 00
kigyo.dat,718,4,ascii,9709,00 00 00 00 00 00 00 04 39 37 30 39 00 00 00 00 00 00 00 00
kigyo.dat,936,4,ascii,9303,00 00 00 00 00 00 00 04 39 33 30 33 00 00 00 00 00 00 00 00
kigyo.dat,991,4,ascii,9403,00 00 00 00 00 00 00 04 39 34 30 33 00 00 00 00 00 00 00 00
kigyo.dat,1046,4,ascii,9503,00 00 00 00 00 00 00 04 39 35 30 33 00 00 00 00 00 00 00 00
kigyo.dat,1101,4,ascii,9603,00 00 00 00 00 00 00 04 39 36 30 33 00 00 00 00 00 00 00 00
kigyo.dat,1156,4,ascii,9703,00 00 00 00 00 00 00 04 39 37 30 33 00 00 00 00 00 00 00 00
kigyo.dat,1211,4,ascii,9703,00 00 00 00 00 00 00 00 39 37 30 33 00 00 00 00 00 00 00 00
kigyo.dat,1266,4,ascii,9503,00 00 00 00 00 00 00 04 39 35 30 33 00 00 00 00 00 00 00 00
kigyo.dat,1321,4,ascii,9603,00 00 00 00 00 00 00 04 39 36 30 33 00 00 00 00 00 00 00 00
kigyo.dat,1376,4,ascii,9703,00 00 00 00 00 00 00 04 39 37 30 33 00 00 00 00 00 00 00 00
kigyo.dat,1431,4,ascii,9509,00 00 00 00 00 00 00 04 39 35 30 39 00 00 00 00 00 00 00 00
kigyo.dat,1486,4,ascii,9609,00 00 00 00 00 00 00 04 39 36 30 39 00 00 00 00 00 00 00 00
kigyo.dat,1541,4,ascii,9709,00 00 00 00 00 00 00 04 39 37 30 39 00 00 00 00 00 00 00 00
kigyo.dat,1759,4,ascii,1503,00 00 00 00 00 00 00 04 31 35 30 33 00 00 00 00 00 00 00 00
kigyo.dat,1814,4,ascii,1603,00 00 00 00 00 00 00 04 31 36 30 33 00 00 00 AA 3B 00 00 DC
kigyo.dat,1869,4,ascii,1703,00 00 00 00 00 00 00 04 31 37 30 33 00 00 00 7B 3E 00 00 27
kigyo.dat,1924,4,ascii,1803,00 00 00 00 00 00 00 04 31 38 30 33 00 00 00 DD 42 00 00 AE
kigyo.dat,1979,4,ascii,1903,00 00 00 00 00 00 00 04 31 39 30 33 00 00 00 00 00 00 00 00
kigyo.dat,2089,4,ascii,1503,00 00 00 00 00 00 00 04 31 35 30 33 00 00 00 00 00 00 00 00
kigyo.dat,2144,4,ascii,1603,00 00 00 00 00 00 00 04 31 36 30 33 00 00 00 DE 4C 00 00 08
kigyo.dat,2199,4,ascii,1703,00 00 00 00 00 00 00 04 31 37 30 33 00 00 00 F9 44 00 00 92
kigyo.dat,2254,4,ascii,1803,00 00 00 00 00 00 00 04 31 38 30 33 00 00 00 DD 42 00 00 AE
kigyo.dat,2290,6,ascii,2016/0,50 00 00 00 00 00 00 06 32 30 31 36 2F 30 00 00 00 00 00 00 00 00
kigyo.dat,2309,4,ascii,1903,00 00 00 00 00 00 00 04 31 39 30 33 00 00 00 8C 3C 00 00 DC
kigyo.dat,2345,6,ascii,2016/0,00 00 00 00 00 00 00 06 32 30 31 36 2F 30 00 00 00 00 00 00 00 00
kigyo.dat,2527,6,ascii,070201,44 05 00 00 00 00 00 06 30 37 30 32 30 31 88 00 00 00 00 11 00 00
kigyo.dat,2582,4,ascii,2203,1B 00 00 00 00 00 00 04 32 32 30 33 00 00 00 00 00 00 00 00
kigyo.dat,2637,4,ascii,2303,00 00 00 00 00 00 00 04 32 33 30 33 00 00 00 00 00 00 00 00
kigyo.dat,2692,4,ascii,2403,00 00 00 00 00 00 00 04 32 34 30 33 00 00 00 00 00 00 00 00
kigyo.dat,2747,4,ascii,2503,00 00 00 00 00 00 00 04 32 35 30 33 00 00 00 00 00 00 00 00
kigyo.dat,2802,4,ascii,2603,00 00 00 00 00 00 00 04 32 36 30 33 00 00 00 00 00 00 00 00
kigyo.dat,2857,4,ascii,2603,00 00 00 00 00 00 00 00 32 36 30 33 00 01 00 00 00 00 00 00
kigyo.dat,2912,4,ascii,2203,00 00 00 00 00 00 00 04 32 32 30 33 00 00 00 00 00 00 00 F8
kigyo.dat,2967,4,ascii,2303,00 00 00 00 00 00 00 04 32 33 30 33 00 00 00 00 00 00 00 A9
kigyo.dat,3022,4,ascii,2403,00 00 00 00 00 00 00 04 32 34 30 33 00 00 00 E4 FD 03 00 66
kigyo.dat,3077,4,ascii,2503,00 00 00 00 00 00 00 04 32 35 30 33 00 00 00 59 9E 04 00 47
kigyo.dat,3132,4,ascii,2603,00 00 00 00 00 00 00 04 32 36 30 33 00 00 00 10 09 05 00 5C
kigyo.dat,3168,6,ascii,260206,00 00 00 00 00 00 00 06 32 36 30 32 30 36 00 00 00 00 00 00 00 00
kigyo.dat,3350,6,ascii,070201,44 05 00 00 00 00 00 06 30 37 30 32 30 31 88 00 00 00 00 11 00 00
kigyo.dat,3405,4,ascii,1103,1B 00 00 00 00 00 00 04 31 31 30 33 00 00 00 29 42 02 00 20
kigyo.dat,3460,4,ascii,1203,00 00 00 00 00 00 00 04 31 32 30 33 00 00 00 69 87 02 00 11
kigyo.dat,3515,4,ascii,1303,00 00 00 00 00 00 00 04 31 33 30 33 00 00 00 62 73 02 00 DE
kigyo.dat,3570,4,ascii,1403,00 00 00 00 00 00 00 04 31 34 30 33 00 00 00 1A EE 02 00 A7
kigyo.dat,3625,4,ascii,1503,00 00 00 00 00 00 00 04 31 35 30 33 00 00 00 00 00 00 00 00
kigyo.dat,3680,4,ascii,1503,00 00 00 00 00 00 00 04 31 35 30 33 00 01 00 00 00 00 00 00
kigyo.dat,3735,4,ascii,1103,00 00 00 00 00 00 00 04 31 31 30 33 00 00 00 AB 7B 02 00 34
kigyo.dat,3771,6,ascii,110805,0C 00 00 00 00 00 00 06 31 31 30 38 30 35 00 00 00 00 00 00 00 00
kigyo.dat,3790,4,ascii,1203,00 00 00 00 00 00 00 04 31 32 30 33 00 00 00 7D C6 02 00 64
kigyo.dat,3826,6,ascii,130206,00 00 00 00 00 00 00 06 31 33 30 32 30 36 00 00 00 00 00 00 00 00
kigyo.dat,3845,4,ascii,1303,00 00 00 00 00 00 00 04 31 33 30 33 00 00 00 7E B7 02 00 14
kigyo.dat,3881,6,ascii,140205,41 00 00 00 00 00 00 06 31 34 30 32 30 35 00 00 00 00 00 00 00 00
kigyo.dat,3900,4,ascii,1403,00 00 00 00 00 00 00 04 31 34 30 33 00 00 00 93 16 03 00 63
kigyo.dat,3936,6,ascii,2014/0,62 00 00 00 00 00 00 06 32 30 31 34 2F 30 00 00 00 00 00 00 00 00
kigyo.dat,3955,4,ascii,1503,00 00 00 00 00 00 00 04 31 35 30 33 00 00 00 C8 20 03 00 74
kigyo.dat,3991,6,ascii,2014/0,00 00 00 00 00 00 00 06 32 30 31 34 2F 30 00 00 00 00 00 00 00 00
kigyo.dat,4010,4,ascii,1003,00 00 00 00 00 00 00 04 31 30 30 33 00 00 00 00 00 00 00 00
kigyo.dat,4173,6,ascii,070201,44 05 00 00 00 00 00 06 30 37 30 32 30 31 88 00 00 00 00 11 00 00
kigyo.dat,4228,4,ascii,1103,1B 00 00 00 00 00 00 04 31 31 30 33 00 00 00 29 42 02 00 20
kigyo.dat,4283,4,ascii,1203,00 00 00 00 00 00 00 04 31 32 30 33 00 00 00 69 87 02 00 11
kigyo.dat,4338,4,ascii,1303,00 00 00 00 00 00 00 04 31 33 30 33 00 00 00 62 73 02 00 DE
kigyo.dat,4393,4,ascii,1403,00 00 00 00 00 00 00 04 31 34 30 33 00 00 00 1A EE 02 00 A7
kigyo.dat,4448,4,ascii,1503,00 00 00 00 00 00 00 04 31 35 30 33 00 00 00 00 00 00 00 00
kigyo.dat,4503,4,ascii,1503,00 00 00 00 00 00 00 04 31 35 30 33 00 01 00 00 00 00 00 00
kigyo.dat,4558,4,ascii,1103,00 00 00 00 00 00 00 04 31 31 30 33 00 00 00 AB 7B 02 00 34
kigyo.dat,4594,6,ascii,110805,0C 00 00 00 00 00 00 06 31 31 30 38 30 35 00 00 00 00 00 00 00 00
kigyo.dat,4613,4,ascii,1203,00 00 00 00 00 00 00 04 31 32 30 33 00 00 00 7D C6 02 00 64
kigyo.dat,4649,6,ascii,130206,00 00 00 00 00 00 00 06 31 33 30 32 30 36 00 00 00 00 00 00 00 00
kigyo.dat,4668,4,ascii,1303,00 00 00 00 00 00 00 04 31 33 30 33 00 00 00 7E B7 02 00 14
kigyo.dat,4704,6,ascii,140205,41 00 00 00 00 00 00 06 31 34 30 32 30 35 00 00 00 00 00 00 00 00
kigyo.dat,4723,4,ascii,1403,00 00 00 00 00 00 00 04 31 34 30 33 00 00 00 93 16 03 00 63
kigyo.dat,4759,6,ascii,2014/0,62 00 00 00 00 00 00 06 32 30 31 34 2F 30 00 00 00 00 00 00 00 00
kigyo.dat,4778,4,ascii,1503,00 00 00 00 00 00 00 04 31 35 30 33 00 00 00 C8 20 03 00 74
kigyo.dat,4814,6,ascii,2014/0,00 00 00 00 00 00 00 06 32 30 31 34 2F 30 00 00 00 00 00 00 00 00
kigyo.dat,4833,4,ascii,1003,00 00 00 00 00 00 00 04 31 30 30 33 00 00 00 00 00 00 00 00
kigyo.dat,4996,6,ascii,070201,44 05 00 00 00 00 00 06 30 37 30 32 30 31 88 00 00 00 00 11 00 00
kigyo.dat,5051,4,ascii,1103,1B 00 00 00 00 00 00 04 31 31 30 33 00 00 00 29 42 02 00 20
kigyo.dat,5106,4,ascii,1203,00 00 00 00 00 00 00 04 31 32 30 33 00 00 00 69 87 02 00 11
kigyo.dat,5161,4,ascii,1303,00 00 00 00 00 00 00 04 31 33 30 33 00 00 00 62 73 02 00 DE
kigyo.dat,5216,4,ascii,1403,00 00 00 00 00 00 00 04 31 34 30 33 00 00 00 1A EE 02 00 A7
kigyo.dat,5271,4,ascii,1503,00 00 00 00 00 00 00 04 31 35 30 33 00 00 00 00 00 00 00 00
kigyo.dat,5326,4,ascii,1503,00 00 00 00 00 00 00 04 31 35 30 33 00 01 00 00 00 00 00 00
kigyo.dat,5381,4,ascii,1103,00 00 00 00 00 00 00 04 31 31 30 33 00 00 00 AB 7B 02 00 34
kigyo.dat,5417,6,ascii,110805,0C 00 00 00 00 00 00 06 31 31 30 38 30 35 00 00 00 00 00 00 00 00
kigyo.dat,5436,4,ascii,1203,00 00 00 00 00 00 00 04 31 32 30 33 00 00 00 7D C6 02 00 64
kigyo.dat,5472,6,ascii,130206,00 00 00 00 00 00 00 06 31 33 30 32 30 36 00 00 00 00 00 00 00 00
kigyo.dat,5491,4,ascii,1303,00 00 00 00 00 00 00 04 31 33 30 33 00 00 00 7E B7 02 00 14
kigyo.dat,5527,6,ascii,140205,41 00 00 00 00 00 00 06 31 34 30 32 30 35 00 00 00 00 00 00 00 00
kigyo.dat,5546,4,ascii,1403,00 00 00 00 00 00 00 04 31 34 30 33 00 00 00 93 16 03 00 63
kigyo.dat,5582,6,ascii,2014/0,62 00 00 00 00 00 00 06 32 30 31 34 2F 30 00 00 00 00 00 00 00 00
kigyo.dat,5601,4,ascii,1503,00 00 00 00 00 00 00 04 31 35 30 33 00 00 00 C8 20 03 00 74
kigyo.dat,5637,6,ascii,2014/0,00 00 00 00 00 00 00 06 32 30 31 34 2F 30 00 00 00 00 00 00 00 00
kigyo.dat,5656,4,ascii,1003,00 00 00 00 00 00 00 04 31 30 30 33 00 00 00 00 00 00 00 00
kigyo.dat,5819,6,ascii,070201,44 05 00 00 00 00 00 06 30 37 30 32 30 31 88 00 00 00 00 11 00 00
kigyo.dat,5874,4,ascii,1103,1B 00 00 00 00 00 00 04 31 31 30 33 00 00 00 29 42 02 00 20
kigyo.dat,5929,4,ascii,1203,00 00 00 00 00 00 00 04 31 32 30 33 00 00 00 69 87 02 00 11
kigyo.dat,5984,4,ascii,1303,00 00 00 00 00 00 00 04 31 33 30 33 00 00 00 62 73 02 00 DE
kigyo.dat,6039,4,ascii,1403,00 00 00 00 00 00 00 04 31 34 30 33 00 00 00 1A EE 02 00 A7
kigyo.dat,6094,4,ascii,1503,00 00 00 00 00 00 00 04 31 35 30 33 00 00 00 00 00 00 00 00
kigyo.dat,6149,4,ascii,1503,00 00 00 00 00 00 00 04 31 35 30 33 00 01 00 00 00 00 00 00
kigyo.dat,6204,4,ascii,1103,00 00 00 00 00 00 00 04 31 31 30 33 00 00 00 AB 7B 02 00 34
kigyo.dat,6240,6,ascii,110805,0C 00 00 00 00 00 00 06 31 31 30 38 30 35 00 00 00 00 00 00 00 00
kigyo.dat,6259,4,ascii,1203,00 00 00 00 00 00 00 04 31 32 30 33 00 00 00 7D C6 02 00 64
kigyo.dat,6295,6,ascii,130206,00 00 00 00 00 00 00 06 31 33 30 32 30 36 00 00 00 00 00 00 00 00
kigyo.dat,6314,4,ascii,1303,00 00 00 00 00 00 00 04 31 33 30 33 00 00 00 7E B7 02 00 14
kigyo.dat,6350,6,ascii,140205,41 00 00 00 00 00 00 06 31 34 30 32 30 35 00 00 00 00 00 00 00 00
kigyo.dat,6369,4,ascii,1403,00 00 00 00 00 00 00 04 31 34 30 33 00 00 00 93 16 03 00 63
kigyo.dat,6405,6,ascii,2014/0,62 00 00 00 00 00 00 06 32 30 31 34 2F 30 00 00 00 00 00 00 00 00
kigyo.dat,6424,4,ascii,1503,00 00 00 00 00 00 00 04 31 35 30 33 00 00 00 C8 20 03 00 74
kigyo.dat,6460,6,ascii,2014/0,00 00 00 00 00 00 00 06 32 30 31 34 2F 30 00 00 00 00 00 00 00 00
kigyo.dat,113,4,utf-8,9303,00 00 00 00 00 00 00 04 39 33 30 33 00 00 00 00 00 00 00 00
kigyo.dat,168,4,utf-8,9403,00 00 00 00 00 00 00 04 39 34 30 33 00 00 00 00 00 00 00 00
kigyo.dat,223,4,utf-8,9503,00 00 00 00 00 00 00 04 39 35 30 33 00 00 00 00 00 00 00 00
kigyo.dat,278,4,utf-8,9603,00 00 00 00 00 00 00 04 39 36 30 33 00 00 00 00 00 00 00 00
kigyo.dat,333,4,utf-8,9703,00 00 00 00 00 00 00 04 39 37 30 33 00 00 00 00 00 00 00 00
kigyo.dat,388,4,utf-8,9703,00 00 00 00 00 00 00 04 39 37 30 33 00 00 00 00 00 00 00 00
kigyo.dat,443,4,utf-8,9503,00 00 00 00 00 00 00 04 39 35 30 33 00 00 00 00 00 00 00 00
kigyo.dat,498,4,utf-8,9603,00 00 00 00 00 00 00 04 39 36 30 33 00 00 00 00 00 00 00 00
kigyo.dat,553,4,utf-8,9703,00 00 00 00 00 00 00 04 39 37 30 33 00 00 00 00 00 00 00 00
kigyo.dat,608,4,utf-8,9509,00 00 00 00 00 00 00 04 39 35 30 39 00 00 00 00 00 00 00 00
kigyo.dat,663,4,utf-8,9609,00 00 00 00 00 00 00 04 39 36 30 39 00 00 00 00 00 00 00 00
kigyo.dat,718,4,utf-8,9709,00 00 00 00 00 00 00 04 39 37 30 39 00 00 00 00 00 00 00 00
kigyo.dat,936,4,utf-8,9303,00 00 00 00 00 00 00 04 39 33 30 33 00 00 00 00 00 00 00 00
kigyo.dat,991,4,utf-8,9403,00 00 00 00 00 00 00 04 39 34 30 33 00 00 00 00 00 00 00 00
kigyo.dat,1046,4,utf-8,9503,00 00 00 00 00 00 00 04 39 35 30 33 00 00 00 00 00 00 00 00
kigyo.dat,1101,4,utf-8,9603,00 00 00 00 00 00 00 04 39 36 30 33 00 00 00 00 00 00 00 00
kigyo.dat,1156,4,utf-8,9703,00 00 00 00 00 00 00 04 39 37 30 33 00 00 00 00 00 00 00 00
kigyo.dat,1211,4,utf-8,9703,00 00 00 00 00 00 00 00 39 37 30 33 00 00 00 00 00 00 00 00
kigyo.dat,1266,4,utf-8,9503,00 00 00 00 00 00 00 04 39 35 30 33 00 00 00 00 00 00 00 00
kigyo.dat,1321,4,utf-8,9603,00 00 00 00 00 00 00 04 39 36 30 33 00 00 00 00 00 00 00 00
kigyo.dat,1376,4,utf-8,9703,00 00 00 00 00 00 00 04 39 37 30 33 00 00 00 00 00 00 00 00
kigyo.dat,1431,4,utf-8,9509,00 00 00 00 00 00 00 04 39 35 30 39 00 00 00 00 00 00 00 00
kigyo.dat,1486,4,utf-8,9609,00 00 00 00 00 00 00 04 39 36 30 39 00 00 00 00 00 00 00 00
kigyo.dat,1541,4,utf-8,9709,00 00 00 00 00 00 00 04 39 37 30 39 00 00 00 00 00 00 00 00
kigyo.dat,1759,4,utf-8,1503,00 00 00 00 00 00 00 04 31 35 30 33 00 00 00 00 00 00 00 00
kigyo.dat,1814,4,utf-8,1603,00 00 00 00 00 00 00 04 31 36 30 33 00 00 00 AA 3B 00 00 DC
kigyo.dat,1869,4,utf-8,1703,00 00 00 00 00 00 00 04 31 37 30 33 00 00 00 7B 3E 00 00 27
kigyo.dat,1924,4,utf-8,1803,00 00 00 00 00 00 00 04 31 38 30 33 00 00 00 DD 42 00 00 AE
kigyo.dat,1979,4,utf-8,1903,00 00 00 00 00 00 00 04 31 39 30 33 00 00 00 00 00 00 00 00
kigyo.dat,2089,4,utf-8,1503,00 00 00 00 00 00 00 04 31 35 30 33 00 00 00 00 00 00 00 00
kigyo.dat,2144,4,utf-8,1603,00 00 00 00 00 00 00 04 31 36 30 33 00 00 00 DE 4C 00 00 08
kigyo.dat,2199,4,utf-8,1703,00 00 00 00 00 00 00 04 31 37 30 33 00 00 00 F9 44 00 00 92
kigyo.dat,2254,4,utf-8,1803,00 00 00 00 00 00 00 04 31 38 30 33 00 00 00 DD 42 00 00 AE
kigyo.dat,2290,6,utf-8,2016/0,50 00 00 00 00 00 00 06 32 30 31 36 2F 30 00 00 00 00 00 00 00 00
kigyo.dat,2309,4,utf-8,1903,00 00 00 00 00 00 00 04 31 39 30 33 00 00 00 8C 3C 00 00 DC
kigyo.dat,2345,6,utf-8,2016/0,00 00 00 00 00 00 00 06 32 30 31 36 2F 30 00 00 00 00 00 00 00 00
kigyo.dat,2527,6,utf-8,070201,44 05 00 00 00 00 00 06 30 37 30 32 30 31 88 00 00 00 00 11 00 00
kigyo.dat,2582,4,utf-8,2203,1B 00 00 00 00 00 00 04 32 32 30 33 00 00 00 00 00 00 00 00
kigyo.dat,2637,4,utf-8,2303,00 00 00 00 00 00 00 04 32 33 30 33 00 00 00 00 00 00 00 00
kigyo.dat,2692,4,utf-8,2403,00 00 00 00 00 00 00 04 32 34 30 33 00 00 00 00 00 00 00 00
kigyo.dat,2747,4,utf-8,2503,00 00 00 00 00 00 00 04 32 35 30 33 00 00 00 00 00 00 00 00
kigyo.dat,2802,4,utf-8,2603,00 00 00 00 00 00 00 04 32 36 30 33 00 00 00 00 00 00 00 00
kigyo.dat,2857,4,utf-8,2603,00 00 00 00 00 00 00 00 32 36 30 33 00 01 00 00 00 00 00 00
kigyo.dat,2912,4,utf-8,2203,00 00 00 00 00 00 00 04 32 32 30 33 00 00 00 00 00 00 00 F8
kigyo.dat,2967,4,utf-8,2303,00 00 00 00 00 00 00 04 32 33 30 33 00 00 00 00 00 00 00 A9
kigyo.dat,3022,4,utf-8,2403,00 00 00 00 00 00 00 04 32 34 30 33 00 00 00 E4 FD 03 00 66
kigyo.dat,3077,4,utf-8,2503,00 00 00 00 00 00 00 04 32 35 30 33 00 00 00 59 9E 04 00 47
kigyo.dat,3132,4,utf-8,2603,00 00 00 00 00 00 00 04 32 36 30 33 00 00 00 10 09 05 00 5C
kigyo.dat,3168,6,utf-8,260206,00 00 00 00 00 00 00 06 32 36 30 32 30 36 00 00 00 00 00 00 00 00
kigyo.dat,3350,6,utf-8,070201,44 05 00 00 00 00 00 06 30 37 30 32 30 31 88 00 00 00 00 11 00 00
kigyo.dat,3405,4,utf-8,1103,1B 00 00 00 00 00 00 04 31 31 30 33 00 00 00 29 42 02 00 20
kigyo.dat,3460,4,utf-8,1203,00 00 00 00 00 00 00 04 31 32 30 33 00 00 00 69 87 02 00 11
kigyo.dat,3515,4,utf-8,1303,00 00 00 00 00 00 00 04 31 33 30 33 00 00 00 62 73 02 00 DE
kigyo.dat,3570,4,utf-8,1403,00 00 00 00 00 00 00 04 31 34 30 33 00 00 00 1A EE 02 00 A7
kigyo.dat,3625,4,utf-8,1503,00 00 00 00 00 00 00 04 31 35 30 33 00 00 00 00 00 00 00 00
kigyo.dat,3680,4,utf-8,1503,00 00 00 00 00 00 00 04 31 35 30 33 00 01 00 00 00 00 00 00
kigyo.dat,3735,4,utf-8,1103,00 00 00 00 00 00 00 04 31 31 30 33 00 00 00 AB 7B 02 00 34
kigyo.dat,3771,6,utf-8,110805,0C 00 00 00 00 00 00 06 31 31 30 38 30 35 00 00 00 00 00 00 00 00
kigyo.dat,3790,4,utf-8,1203,00 00 00 00 00 00 00 04 31 32 30 33 00 00 00 7D C6 02 00 64
kigyo.dat,3826,6,utf-8,130206,00 00 00 00 00 00 00 06 31 33 30 32 30 36 00 00 00 00 00 00 00 00
kigyo.dat,3845,4,utf-8,1303,00 00 00 00 00 00 00 04 31 33 30 33 00 00 00 7E B7 02 00 14
kigyo.dat,3881,6,utf-8,140205,41 00 00 00 00 00 00 06 31 34 30 32 30 35 00 00 00 00 00 00 00 00
kigyo.dat,3900,4,utf-8,1403,00 00 00 00 00 00 00 04 31 34 30 33 00 00 00 93 16 03 00 63
kigyo.dat,3936,6,utf-8,2014/0,62 00 00 00 00 00 00 06 32 30 31 34 2F 30 00 00 00 00 00 00 00 00
kigyo.dat,3955,4,utf-8,1503,00 00 00 00 00 00 00 04 31 35 30 33 00 00 00 C8 20 03 00 74
kigyo.dat,3991,6,utf-8,2014/0,00 00 00 00 00 00 00 06 32 30 31 34 2F 30 00 00 00 00 00 00 00 00
kigyo.dat,4010,4,utf-8,1003,00 00 00 00 00 00 00 04 31 30 30 33 00 00 00 00 00 00 00 00
kigyo.dat,4173,6,utf-8,070201,44 05 00 00 00 00 00 06 30 37 30 32 30 31 88 00 00 00 00 11 00 00
kigyo.dat,4228,4,utf-8,1103,1B 00 00 00 00 00 00 04 31 31 30 33 00 00 00 29 42 02 00 20
kigyo.dat,4283,4,utf-8,1203,00 00 00 00 00 00 00 04 31 32 30 33 00 00 00 69 87 02 00 11
kigyo.dat,4338,4,utf-8,1303,00 00 00 00 00 00 00 04 31 33 30 33 00 00 00 62 73 02 00 DE
kigyo.dat,4393,4,utf-8,1403,00 00 00 00 00 00 00 04 31 34 30 33 00 00 00 1A EE 02 00 A7
kigyo.dat,4448,4,utf-8,1503,00 00 00 00 00 00 00 04 31 35 30 33 00 00 00 00 00 00 00 00
kigyo.dat,4503,4,utf-8,1503,00 00 00 00 00 00 00 04 31 35 30 33 00 01 00 00 00 00 00 00
kigyo.dat,4558,4,utf-8,1103,00 00 00 00 00 00 00 04 31 31 30 33 00 00 00 AB 7B 02 00 34
kigyo.dat,4594,6,utf-8,110805,0C 00 00 00 00 00 00 06 31 31 30 38 30 35 00 00 00 00 00 00 00 00
kigyo.dat,4613,4,utf-8,1203,00 00 00 00 00 00 00 04 31 32 30 33 00 00 00 7D C6 02 00 64
kigyo.dat,4649,6,utf-8,130206,00 00 00 00 00 00 00 06 31 33 30 32 30 36 00 00 00 00 00 00 00 00
kigyo.dat,4668,4,utf-8,1303,00 00 00 00 00 00 00 04 31 33 30 33 00 00 00 7E B7 02 00 14
kigyo.dat,4704,6,utf-8,140205,41 00 00 00 00 00 00 06 31 34 30 32 30 35 00 00 00 00 00 00 00 00
kigyo.dat,4723,4,utf-8,1403,00 00 00 00 00 00 00 04 31 34 30 33 00 00 00 93 16 03 00 63
kigyo.dat,4759,6,utf-8,2014/0,62 00 00 00 00 00 00 06 32 30 31 34 2F 30 00 00 00 00 00 00 00 00
kigyo.dat,4778,4,utf-8,1503,00 00 00 00 00 00 00 04 31 35 30 33 00 00 00 C8 20 03 00 74
kigyo.dat,4814,6,utf-8,2014/0,00 00 00 00 00 00 00 06 32 30 31 34 2F 30 00 00 00 00 00 00 00 00
kigyo.dat,4833,4,utf-8,1003,00 00 00 00 00 00 00 04 31 30 30 33 00 00 00 00 00 00 00 00
kigyo.dat,4996,6,utf-8,070201,44 05 00 00 00 00 00 06 30 37 30 32 30 31 88 00 00 00 00 11 00 00
kigyo.dat,5051,4,utf-8,1103,1B 00 00 00 00 00 00 04 31 31 30 33 00 00 00 29 42 02 00 20
kigyo.dat,5106,4,utf-8,1203,00 00 00 00 00 00 00 04 31 32 30 33 00 00 00 69 87 02 00 11
kigyo.dat,5161,4,utf-8,1303,00 00 00 00 00 00 00 04 31 33 30 33 00 00 00 62 73 02 00 DE
kigyo.dat,5216,4,utf-8,1403,00 00 00 00 00 00 00 04 31 34 30 33 00 00 00 1A EE 02 00 A7
kigyo.dat,5271,4,utf-8,1503,00 00 00 00 00 00 00 04 31 35 30 33 00 00 00 00 00 00 00 00
kigyo.dat,5326,4,utf-8,1503,00 00 00 00 00 00 00 04 31 35 30 33 00 01 00 00 00 00 00 00
kigyo.dat,5381,4,utf-8,1103,00 00 00 00 00 00 00 04 31 31 30 33 00 00 00 AB 7B 02 00 34
kigyo.dat,5417,6,utf-8,110805,0C 00 00 00 00 00 00 06 31 31 30 38 30 35 00 00 00 00 00 00 00 00
kigyo.dat,5436,4,utf-8,1203,00 00 00 00 00 00 00 04 31 32 30 33 00 00 00 7D C6 02 00 64
kigyo.dat,5472,6,utf-8,130206,00 00 00 00 00 00 00 06 31 33 30 32 30 36 00 00 00 00 00 00 00 00
kigyo.dat,5491,4,utf-8,1303,00 00 00 00 00 00 00 04 31 33 30 33 00 00 00 7E B7 02 00 14
kigyo.dat,5527,6,utf-8,140205,41 00 00 00 00 00 00 06 31 34 30 32 30 35 00 00 00 00 00 00 00 00
kigyo.dat,5546,4,utf-8,1403,00 00 00 00 00 00 00 04 31 34 30 33 00 00 00 93 16 03 00 63
kigyo.dat,5582,6,utf-8,2014/0,62 00 00 00 00 00 00 06 32 30 31 34 2F 30 00 00 00 00 00 00 00 00
kigyo.dat,5601,4,utf-8,1503,00 00 00 00 00 00 00 04 31 35 30 33 00 00 00 C8 20 03 00 74
kigyo.dat,5637,6,utf-8,2014/0,00 00 00 00 00 00 00 06 32 30 31 34 2F 30 00 00 00 00 00 00 00 00
kigyo.dat,5656,4,utf-8,1003,00 00 00 00 00 00 00 04 31 30 30 33 00 00 00 00 00 00 00 00
kigyo.dat,5819,6,utf-8,070201,44 05 00 00 00 00 00 06 30 37 30 32 30 31 88 00 00 00 00 11 00 00
kigyo.dat,5874,4,utf-8,1103,1B 00 00 00 00 00 00 04 31 31 30 33 00 00 00 29 42 02 00 20
kigyo.dat,5929,4,utf-8,1203,00 00 00 00 00 00 00 04 31 32 30 33 00 00 00 69 87 02 00 11
kigyo.dat,5984,4,utf-8,1303,00 00 00 00 00 00 00 04 31 33 30 33 00 00 00 62 73 02 00 DE
kigyo.dat,6039,4,utf-8,1403,00 00 00 00 00 00 00 04 31 34 30 33 00 00 00 1A EE 02 00 A7
kigyo.dat,6094,4,utf-8,1503,00 00 00 00 00 00 00 04 31 35 30 33 00 00 00 00 00 00 00 00
kigyo.dat,6149,4,utf-8,1503,00 00 00 00 00 00 00 04 31 35 30 33 00 01 00 00 00 00 00 00
kigyo.dat,6204,4,utf-8,1103,00 00 00 00 00 00 00 04 31 31 30 33 00 00 00 AB 7B 02 00 34
kigyo.dat,6240,6,utf-8,110805,0C 00 00 00 00 00 00 06 31 31 30 38 30 35 00 00 00 00 00 00 00 00
kigyo.dat,6259,4,utf-8,1203,00 00 00 00 00 00 00 04 31 32 30 33 00 00 00 7D C6 02 00 64
kigyo.dat,6295,6,utf-8,130206,00 00 00 00 00 00 00 06 31 33 30 32 30 36 00 00 00 00 00 00 00 00
kigyo.dat,6314,4,utf-8,1303,00 00 00 00 00 00 00 04 31 33 30 33 00 00 00 7E B7 02 00 14
kigyo.dat,6350,6,utf-8,140205,41 00 00 00 00 00 00 06 31 34 30 32 30 35 00 00 00 00 00 00 00 00
kigyo.dat,6369,4,utf-8,1403,00 00 00 00 00 00 00 04 31 34 30 33 00 00 00 93 16 03 00 63
kigyo.dat,6405,6,utf-8,2014/0,62 00 00 00 00 00 00 06 32 30 31 34 2F 30 00 00 00 00 00 00 00 00
kigyo.dat,6424,4,utf-8,1503,00 00 00 00 00 00 00 04 31 35 30 33 00 00 00 C8 20 03 00 74
kigyo.dat,6460,6,utf-8,2014/0,00 00 00 00 00 00 00 06 32 30 31 34 2F 30 00 00 00 00 00 00 00 00
kigyo2.dat,991,4,cp932,1603,00 00 00 00 00 00 00 04 31 36 30 33 00 00 00 00 00 00 00 00
kigyo2.dat,1046,4,cp932,1703,00 00 00 00 00 00 00 04 31 37 30 33 00 00 00 00 00 00 00 00
kigyo2.dat,1101,4,cp932,1803,00 00 00 00 00 00 00 04 31 38 30 33 00 00 00 00 00 00 00 00
kigyo2.dat,1156,4,cp932,1903,00 00 00 00 00 00 00 04 31 39 30 33 00 00 00 00 00 00 00 00
kigyo2.dat,1211,4,cp932,2003,00 00 00 00 00 00 00 04 32 30 30 33 00 00 00 00 00 00 00 00
kigyo2.dat,1266,4,cp932,2103,00 00 00 00 00 00 00 04 32 31 30 33 00 00 00 00 00 00 00 00
kigyo2.dat,6601,4,cp932,1603,00 00 00 00 00 00 00 04 31 36 30 33 00 00 00 00 00 00 00 00
kigyo2.dat,6656,4,cp932,1703,00 00 00 00 00 00 00 04 31 37 30 33 00 00 00 00 00 00 00 00
kigyo2.dat,6711,4,cp932,1803,00 00 00 00 00 00 00 04 31 38 30 33 00 00 00 00 00 00 00 00
kigyo2.dat,6766,4,cp932,1903,00 00 00 00 00 00 00 04 31 39 30 33 00 00 00 00 00 00 00 00
kigyo2.dat,6821,4,cp932,2003,00 00 00 00 00 00 00 04 32 30 30 33 00 00 00 00 00 00 00 00
kigyo2.dat,6876,4,cp932,2103,00 00 00 00 00 00 00 04 32 31 30 33 00 00 00 00 00 00 00 00
kigyo2.dat,9571,4,cp932,1605,00 00 00 00 00 00 00 04 31 36 30 35 00 00 00 00 00 00 00 00
kigyo2.dat,9626,4,cp932,1705,00 00 00 00 00 00 00 04 31 37 30 35 00 00 00 00 00 00 00 00
kigyo2.dat,9681,4,cp932,1805,00 00 00 00 00 00 00 04 31 38 30 35 00 00 00 00 00 00 00 00
kigyo2.dat,9736,4,cp932,1905,00 00 00 00 00 00 00 04 31 39 30 35 00 00 00 00 00 00 00 00
kigyo2.dat,9791,4,cp932,2005,00 00 00 00 00 00 00 04 32 30 30 35 00 00 00 00 00 00 00 00
kigyo2.dat,9846,4,cp932,2105,00 00 00 00 00 00 00 04 32 31 30 35 00 00 00 00 00 00 00 00
kigyo2.dat,9901,4,cp932,1603,00 00 00 00 00 00 00 04 31 36 30 33 00 00 00 00 00 00 00 00
kigyo2.dat,9956,4,cp932,1703,00 00 00 00 00 00 00 04 31 37 30 33 00 00 00 00 00 00 00 00
kigyo2.dat,10011,4,cp932,1803,00 00 00 00 00 00 00 04 31 38 30 33 00 00 00 00 00 00 00 00
kigyo2.dat,10066,4,cp932,1903,00 00 00 00 00 00 00 04 31 39 30 33 00 00 00 00 00 00 00 00
kigyo2.dat,10121,4,cp932,2003,00 00 00 00 00 00 00 04 32 30 30 33 00 00 00 00 00 00 00 00
kigyo2.dat,10176,4,cp932,2103,00 00 00 00 00 00 00 04 32 31 30 33 00 00 00 00 00 00 00 00
kigyo2.dat,10231,4,cp932,1606,00 00 00 00 00 00 00 04 31 36 30 36 00 00 00 00 00 00 00 00
kigyo2.dat,10286,4,cp932,1706,00 00 00 00 00 00 00 04 31 37 30 36 00 00 00 00 00 00 00 00
kigyo2.dat,10341,4,cp932,1806,00 00 00 00 00 00 00 04 31 38 30 36 00 00 00 00 00 00 00 00
kigyo2.dat,10396,4,cp932,1906,00 00 00 00 00 00 00 04 31 39 30 36 00 00 00 00 00 00 00 00
kigyo2.dat,10451,4,cp932,2006,00 00 00 00 00 00 00 04 32 30 30 36 00 00 00 00 00 00 00 00
kigyo2.dat,10506,4,cp932,2106,00 00 00 00 00 00 00 04 32 31 30 36 00 00 00 00 00 00 00 00
kigyo2.dat,10561,4,cp932,1603,00 00 00 00 00 00 00 04 31 36 30 33 00 00 00 00 00 00 00 00
kigyo2.dat,10616,4,cp932,1703,00 00 00 00 00 00 00 04 31 37 30 33 00 00 00 00 00 00 00 00
kigyo2.dat,10671,4,cp932,1803,00 00 00 00 00 00 00 04 31 38 30 33 00 00 00 00 00 00 00 00
kigyo2.dat,10726,4,cp932,1903,00 00 00 00 00 00 00 04 31 39 30 33 00 00 00 00 00 00 00 00
kigyo2.dat,10781,4,cp932,2003,00 00 00 00 00 00 00 04 32 30 30 33 00 00 00 00 00 00 00 00
kigyo2.dat,10836,4,cp932,2103,00 00 00 00 00 00 00 04 32 31 30 33 00 00 00 00 00 00 00 00
kigyo2.dat,10891,4,cp932,1603,00 00 00 00 00 00 00 04 31 36 30 33 00 00 00 00 00 00 00 00
kigyo2.dat,10946,4,cp932,1703,00 00 00 00 00 00 00 04 31 37 30 33 00 00 00 00 00 00 00 00
kigyo2.dat,11001,4,cp932,1803,00 00 00 00 00 00 00 04 31 38 30 33 00 00 00 00 00 00 00 00
kigyo2.dat,11056,4,cp932,1903,00 00 00 00 00 00 00 04 31 39 30 33 00 00 00 00 00 00 00 00
kigyo2.dat,11111,4,cp932,2003,00 00 00 00 00 00 00 04 32 30 30 33 00 00 00 00 00 00 00 00
kigyo2.dat,11166,4,cp932,2103,00 00 00 00 00 00 00 04 32 31 30 33 00 00 00 00 00 00 00 00
kigyo2.dat,11221,4,cp932,1603,00 00 00 00 00 00 00 04 31 36 30 33 00 00 00 00 00 00 00 00
kigyo2.dat,11276,4,cp932,1703,00 00 00 00 00 00 00 04 31 37 30 33 00 00 00 00 00 00 00 00
kigyo2.dat,11331,4,cp932,1803,00 00 00 00 00 00 00 04 31 38 30 33 00 00 00 00 00 00 00 00
kigyo2.dat,11386,4,cp932,1903,00 00 00 00 00 00 00 04 31 39 30 33 00 00 00 00 00 00 00 00
kigyo2.dat,11441,4,cp932,2003,00 00 00 00 00 00 00 04 32 30 30 33 00 00 00 00 00 00 00 00
kigyo2.dat,11496,4,cp932,2103,00 00 00 00 00 00 00 04 32 31 30 33 00 00 00 00 00 00 00 00
kigyo2.dat,11551,4,cp932,1603,00 00 00 00 00 00 00 04 31 36 30 33 00 00 00 00 00 00 00 00
kigyo2.dat,11606,4,cp932,1703,00 00 00 00 00 00 00 04 31 37 30 33 00 00 00 00 00 00 00 00
kigyo2.dat,11661,4,cp932,1803,00 00 00 00 00 00 00 04 31 38 30 33 00 00 00 00 00 00 00 00
kigyo2.dat,11716,4,cp932,1903,00 00 00 00 00 00 00 04 31 39 30 33 00 00 00 00 00 00 00 00
kigyo2.dat,11771,4,cp932,2003,00 00 00 00 00 00 00 04 32 30 30 33 00 00 00 00 00 00 00 00
kigyo2.dat,11826,4,cp932,2103,00 00 00 00 00 00 00 04 32 31 30 33 00 00 00 00 00 00 00 00
kigyo2.dat,16171,4,cp932,1612,00 00 00 00 00 00 00 04 31 36 31 32 00 00 00 00 00 00 00 00
kigyo2.dat,16226,4,cp932,1712,00 00 00 00 00 00 00 04 31 37 31 32 00 00 00 00 00 00 00 00
kigyo2.dat,16281,4,cp932,1812,00 00 00 00 00 00 00 04 31 38 31 32 00 00 00 00 00 00 00 00
kigyo2.dat,16336,4,cp932,1912,00 00 00 00 00 00 00 04 31 39 31 32 00 00 00 00 00 00 00 00
kigyo2.dat,16391,4,cp932,2012,00 00 00 00 00 00 00 04 32 30 31 32 00 00 00 00 00 00 00 00
kigyo2.dat,16446,4,cp932,2112,00 00 00 00 00 00 00 04 32 31 31 32 00 00 00 00 00 00 00 00
kigyo2.dat,29701,4,cp932,1603,00 00 00 00 00 00 00 04 31 36 30 33 00 00 00 00 00 00 00 00
kigyo2.dat,29756,4,cp932,1703,00 00 00 00 00 00 00 04 31 37 30 33 00 00 00 00 00 00 00 00
kigyo2.dat,29811,4,cp932,1803,00 00 00 00 00 00 00 04 31 38 30 33 00 00 00 00 00 00 00 00
kigyo2.dat,29866,4,cp932,1903,00 00 00 00 00 00 00 04 31 39 30 33 00 00 00 00 00 00 00 00
kigyo2.dat,29921,4,cp932,2003,00 00 00 00 00 00 00 04 32 30 30 33 00 00 00 00 00 00 00 00
kigyo2.dat,29976,4,cp932,2103,00 00 00 00 00 00 00 04 32 31 30 33 00 00 00 00 00 00 00 00
kigyo2.dat,38941,4,cp932,1502,00 00 00 00 00 00 00 04 31 35 30 32 00 00 00 00 00 00 00 00
kigyo2.dat,38996,4,cp932,1602,00 00 00 00 00 00 00 04 31 36 30 32 00 00 00 00 00 00 00 00
kigyo2.dat,39051,4,cp932,1702,00 00 00 00 00 00 00 04 31 37 30 32 00 00 00 00 00 00 00 00
kigyo2.dat,39106,4,cp932,1802,00 00 00 00 00 00 00 04 31 38 30 32 00 00 00 00 00 00 00 00
kigyo2.dat,39161,4,cp932,1902,00 00 00 00 00 00 00 04 31 39 30 32 00 00 00 00 00 00 00 00
kigyo2.dat,39216,4,cp932,2002,00 00 00 00 00 00 00 04 32 30 30 32 00 00 00 00 00 00 00 00
kigyo2.dat,39271,4,cp932,1603,00 00 00 00 00 00 00 04 31 36 30 33 00 00 00 00 00 00 00 00
kigyo2.dat,39326,4,cp932,1703,00 00 00 00 00 00 00 04 31 37 30 33 00 00 00 00 00 00 00 00
kigyo2.dat,39381,4,cp932,1803,00 00 00 00 00 00 00 04 31 38 30 33 00 00 00 00 00 00 00 00
kigyo2.dat,39436,4,cp932,1903,00 00 00 00 00 00 00 04 31 39 30 33 00 00 00 00 00 00 00 00
kigyo2.dat,39491,4,cp932,2003,00 00 00 00 00 00 00 04 32 30 30 33 00 00 00 00 00 00 00 00
kigyo2.dat,39546,4,cp932,2103,00 00 00 00 00 00 00 04 32 31 30 33 00 00 00 00 00 00 00 00
kigyo2.dat,39601,4,cp932,1603,00 00 00 00 00 00 00 04 31 36 30 33 00 00 00 00 00 00 00 00
kigyo2.dat,39656,4,cp932,1703,00 00 00 00 00 00 00 04 31 37 30 33 00 00 00 00 00 00 00 00
kigyo2.dat,39711,4,cp932,1803,00 00 00 00 00 00 00 04 31 38 30 33 00 00 00 00 00 00 00 00
kigyo2.dat,39766,4,cp932,1903,00 00 00 00 00 00 00 04 31 39 30 33 00 00 00 00 00 00 00 00
kigyo2.dat,39821,4,cp932,2003,00 00 00 00 00 00 00 04 32 30 30 33 00 00 00 00 00 00 00 00
kigyo2.dat,39876,4,cp932,2103,00 00 00 00 00 00 00 04 32 31 30 33 00 00 00 00 00 00 00 00
kigyo2.dat,39931,4,cp932,1603,00 00 00 00 00 00 00 04 31 36 30 33 00 00 00 00 00 00 00 00
kigyo2.dat,39986,4,cp932,1703,00 00 00 00 00 00 00 04 31 37 30 33 00 00 00 00 00 00 00 00
kigyo2.dat,40041,4,cp932,1803,00 00 00 00 00 00 00 04 31 38 30 33 00 00 00 00 00 00 00 00
kigyo2.dat,40096,4,cp932,1903,00 00 00 00 00 00 00 04 31 39 30 33 00 00 00 00 00 00 00 00
kigyo2.dat,40151,4,cp932,2003,00 00 00 00 00 00 00 04 32 30 30 33 00 00 00 00 00 00 00 00
kigyo2.dat,40206,4,cp932,2103,00 00 00 00 00 00 00 04 32 31 30 33 00 00 00 00 00 00 00 00
kigyo2.dat,40591,4,cp932,1603,00 00 00 00 00 00 00 04 31 36 30 33 00 00 00 00 00 00 00 00
kigyo2.dat,40646,4,cp932,1703,00 00 00 00 00 00 00 04 31 37 30 33 00 00 00 00 00 00 00 00
kigyo2.dat,40701,4,cp932,1803,00 00 00 00 00 00 00 04 31 38 30 33 00 00 00 00 00 00 00 00
kigyo2.dat,40756,4,cp932,1903,00 00 00 00 00 00 00 04 31 39 30 33 00 00 00 00 00 00 00 00
kigyo2.dat,40811,4,cp932,2003,00 00 00 00 00 00 00 04 32 30 30 33 00 00 00 00 00 00 00 00
kigyo2.dat,40866,4,cp932,2103,00 00 00 00 00 00 00 04 32 31 30 33 00 00 00 00 00 00 00 00
kigyo2.dat,40921,4,cp932,1604,00 00 00 00 00 00 00 04 31 36 30 34 00 00 00 00 00 00 00 00
kigyo2.dat,40976,4,cp932,1704,00 00 00 00 00 00 00 04 31 37 30 34 00 00 00 00 00 00 00 00
kigyo2.dat,41031,4,cp932,1804,00 00 00 00 00 00 00 04 31 38 30 34 00 00 00 00 00 00 00 00
kigyo2.dat,41086,4,cp932,1904,00 00 00 00 00 00 00 04 31 39 30 34 00 00 00 00 00 00 00 00
kigyo2.dat,41141,4,cp932,2004,00 00 00 00 00 00 00 04 32 30 30 34 00 00 00 00 00 00 00 00
kigyo2.dat,41196,4,cp932,2104,00 00 00 00 00 00 00 04 32 31 30 34 00 00 00 00 00 00 00 00
kigyo2.dat,41251,4,cp932,1603,00 00 00 00 00 00 00 04 31 36 30 33 00 00 00 00 00 00 00 00
kigyo2.dat,41306,4,cp932,1703,00 00 00 00 00 00 00 04 31 37 30 33 00 00 00 00 00 00 00 00
kigyo2.dat,41361,4,cp932,1803,00 00 00 00 00 00 00 04 31 38 30 33 00 00 00 00 00 00 00 00
kigyo2.dat,41416,4,cp932,1903,00 00 00 00 00 00 00 04 31 39 30 33 00 00 00 00 00 00 00 00
kigyo2.dat,41471,4,cp932,2003,00 00 00 00 00 00 00 04 32 30 30 33 00 00 00 00 00 00 00 00
kigyo2.dat,41526,4,cp932,2103,00 00 00 00 00 00 00 04 32 31 30 33 00 00 00 00 00 00 00 00
kigyo2.dat,41581,4,cp932,1603,00 00 00 00 00 00 00 04 31 36 30 33 00 00 00 00 00 00 00 00
kigyo2.dat,41636,4,cp932,1703,00 00 00 00 00 00 00 04 31 37 30 33 00 00 00 00 00 00 00 00
kigyo2.dat,41691,4,cp932,1803,00 00 00 00 00 00 00 04 31 38 30 33 00 00 00 00 00 00 00 00
kigyo2.dat,41746,4,cp932,1903,00 00 00 00 00 00 00 04 31 39 30 33 00 00 00 00 00 00 00 00
kigyo2.dat,41801,4,cp932,2003,00 00 00 00 00 00 00 04 32 30 30 33 00 00 00 00 00 00 00 00
kigyo2.dat,41856,4,cp932,2103,00 00 00 00 00 00 00 04 32 31 30 33 00 00 00 00 00 00 00 00
kigyo2.dat,41911,4,cp932,1603,00 00 00 00 00 00 00 04 31 36 30 33 00 00 00 00 00 00 00 00
kigyo2.dat,41966,4,cp932,1703,00 00 00 00 00 00 00 04 31 37 30 33 00 00 00 00 00 00 00 00
kigyo2.dat,42021,4,cp932,1803,00 00 00 00 00 00 00 04 31 38 30 33 00 00 00 00 00 00 00 00
kigyo2.dat,42076,4,cp932,1903,00 00 00 00 00 00 00 04 31 39 30 33 00 00 00 00 00 00 00 00
kigyo2.dat,42131,4,cp932,2003,00 00 00 00 00 00 00 04 32 30 30 33 00 00 00 00 00 00 00 00
kigyo2.dat,42186,4,cp932,2103,00 00 00 00 00 00 00 04 32 31 30 33 00 00 00 00 00 00 00 00
kigyo2.dat,991,4,shift_jis,1603,00 00 00 00 00 00 00 04 31 36 30 33 00 00 00 00 00 00 00 00
kigyo2.dat,1046,4,shift_jis,1703,00 00 00 00 00 00 00 04 31 37 30 33 00 00 00 00 00 00 00 00
kigyo2.dat,1101,4,shift_jis,1803,00 00 00 00 00 00 00 04 31 38 30 33 00 00 00 00 00 00 00 00
kigyo2.dat,1156,4,shift_jis,1903,00 00 00 00 00 00 00 04 31 39 30 33 00 00 00 00 00 00 00 00
kigyo2.dat,1211,4,shift_jis,2003,00 00 00 00 00 00 00 04 32 30 30 33 00 00 00 00 00 00 00 00
kigyo2.dat,1266,4,shift_jis,2103,00 00 00 00 00 00 00 04 32 31 30 33 00 00 00 00 00 00 00 00
kigyo2.dat,6601,4,shift_jis,1603,00 00 00 00 00 00 00 04 31 36 30 33 00 00 00 00 00 00 00 00
kigyo2.dat,6656,4,shift_jis,1703,00 00 00 00 00 00 00 04 31 37 30 33 00 00 00 00 00 00 00 00
kigyo2.dat,6711,4,shift_jis,1803,00 00 00 00 00 00 00 04 31 38 30 33 00 00 00 00 00 00 00 00
kigyo2.dat,6766,4,shift_jis,1903,00 00 00 00 00 00 00 04 31 39 30 33 00 00 00 00 00 00 00 00
kigyo2.dat,6821,4,shift_jis,2003,00 00 00 00 00 00 00 04 32 30 30 33 00 00 00 00 00 00 00 00
kigyo2.dat,6876,4,shift_jis,2103,00 00 00 00 00 00 00 04 32 31 30 33 00 00 00 00 00 00 00 00
kigyo2.dat,9571,4,shift_jis,1605,00 00 00 00 00 00 00 04 31 36 30 35 00 00 00 00 00 00 00 00
kigyo2.dat,9626,4,shift_jis,1705,00 00 00 00 00 00 00 04 31 37 30 35 00 00 00 00 00 00 00 00
kigyo2.dat,9681,4,shift_jis,1805,00 00 00 00 00 00 00 04 31 38 30 35 00 00 00 00 00 00 00 00
kigyo2.dat,9736,4,shift_jis,1905,00 00 00 00 00 00 00 04 31 39 30 35 00 00 00 00 00 00 00 00
kigyo2.dat,9791,4,shift_jis,2005,00 00 00 00 00 00 00 04 32 30 30 35 00 00 00 00 00 00 00 00
kigyo2.dat,9846,4,shift_jis,2105,00 00 00 00 00 00 00 04 32 31 30 35 00 00 00 00 00 00 00 00
kigyo2.dat,9901,4,shift_jis,1603,00 00 00 00 00 00 00 04 31 36 30 33 00 00 00 00 00 00 00 00
kigyo2.dat,9956,4,shift_jis,1703,00 00 00 00 00 00 00 04 31 37 30 33 00 00 00 00 00 00 00 00
kigyo2.dat,10011,4,shift_jis,1803,00 00 00 00 00 00 00 04 31 38 30 33 00 00 00 00 00 00 00 00
kigyo2.dat,10066,4,shift_jis,1903,00 00 00 00 00 00 00 04 31 39 30 33 00 00 00 00 00 00 00 00
kigyo2.dat,10121,4,shift_jis,2003,00 00 00 00 00 00 00 04 32 30 30 33 00 00 00 00 00 00 00 00
kigyo2.dat,10176,4,shift_jis,2103,00 00 00 00 00 00 00 04 32 31 30 33 00 00 00 00 00 00 00 00
kigyo2.dat,10231,4,shift_jis,1606,00 00 00 00 00 00 00 04 31 36 30 36 00 00 00 00 00 00 00 00
kigyo2.dat,10286,4,shift_jis,1706,00 00 00 00 00 00 00 04 31 37 30 36 00 00 00 00 00 00 00 00
kigyo2.dat,10341,4,shift_jis,1806,00 00 00 00 00 00 00 04 31 38 30 36 00 00 00 00 00 00 00 00
kigyo2.dat,10396,4,shift_jis,1906,00 00 00 00 00 00 00 04 31 39 30 36 00 00 00 00 00 00 00 00
kigyo2.dat,10451,4,shift_jis,2006,00 00 00 00 00 00 00 04 32 30 30 36 00 00 00 00 00 00 00 00
kigyo2.dat,10506,4,shift_jis,2106,00 00 00 00 00 00 00 04 32 31 30 36 00 00 00 00 00 00 00 00
kigyo2.dat,10561,4,shift_jis,1603,00 00 00 00 00 00 00 04 31 36 30 33 00 00 00 00 00 00 00 00
kigyo2.dat,10616,4,shift_jis,1703,00 00 00 00 00 00 00 04 31 37 30 33 00 00 00 00 00 00 00 00
kigyo2.dat,10671,4,shift_jis,1803,00 00 00 00 00 00 00 04 31 38 30 33 00 00 00 00 00 00 00 00
kigyo2.dat,10726,4,shift_jis,1903,00 00 00 00 00 00 00 04 31 39 30 33 00 00 00 00 00 00 00 00
kigyo2.dat,10781,4,shift_jis,2003,00 00 00 00 00 00 00 04 32 30 30 33 00 00 00 00 00 00 00 00
kigyo2.dat,10836,4,shift_jis,2103,00 00 00 00 00 00 00 04 32 31 30 33 00 00 00 00 00 00 00 00
kigyo2.dat,10891,4,shift_jis,1603,00 00 00 00 00 00 00 04 31 36 30 33 00 00 00 00 00 00 00 00
kigyo2.dat,10946,4,shift_jis,1703,00 00 00 00 00 00 00 04 31 37 30 33 00 00 00 00 00 00 00 00
kigyo2.dat,11001,4,shift_jis,1803,00 00 00 00 00 00 00 04 31 38 30 33 00 00 00 00 00 00 00 00
kigyo2.dat,11056,4,shift_jis,1903,00 00 00 00 00 00 00 04 31 39 30 33 00 00 00 00 00 00 00 00
kigyo2.dat,11111,4,shift_jis,2003,00 00 00 00 00 00 00 04 32 30 30 33 00 00 00 00 00 00 00 00
kigyo2.dat,11166,4,shift_jis,2103,00 00 00 00 00 00 00 04 32 31 30 33 00 00 00 00 00 00 00 00
kigyo2.dat,11221,4,shift_jis,1603,00 00 00 00 00 00 00 04 31 36 30 33 00 00 00 00 00 00 00 00
kigyo2.dat,11276,4,shift_jis,1703,00 00 00 00 00 00 00 04 31 37 30 33 00 00 00 00 00 00 00 00
kigyo2.dat,11331,4,shift_jis,1803,00 00 00 00 00 00 00 04 31 38 30 33 00 00 00 00 00 00 00 00
kigyo2.dat,11386,4,shift_jis,1903,00 00 00 00 00 00 00 04 31 39 30 33 00 00 00 00 00 00 00 00
kigyo2.dat,11441,4,shift_jis,2003,00 00 00 00 00 00 00 04 32 30 30 33 00 00 00 00 00 00 00 00
kigyo2.dat,11496,4,shift_jis,2103,00 00 00 00 00 00 00 04 32 31 30 33 00 00 00 00 00 00 00 00
kigyo2.dat,11551,4,shift_jis,1603,00 00 00 00 00 00 00 04 31 36 30 33 00 00 00 00 00 00 00 00
kigyo2.dat,11606,4,shift_jis,1703,00 00 00 00 00 00 00 04 31 37 30 33 00 00 00 00 00 00 00 00
kigyo2.dat,11661,4,shift_jis,1803,00 00 00 00 00 00 00 04 31 38 30 33 00 00 00 00 00 00 00 00
kigyo2.dat,11716,4,shift_jis,1903,00 00 00 00 00 00 00 04 31 39 30 33 00 00 00 00 00 00 00 00
kigyo2.dat,11771,4,shift_jis,2003,00 00 00 00 00 00 00 04 32 30 30 33 00 00 00 00 00 00 00 00
kigyo2.dat,11826,4,shift_jis,2103,00 00 00 00 00 00 00 04 32 31 30 33 00 00 00 00 00 00 00 00
kigyo2.dat,16171,4,shift_jis,1612,00 00 00 00 00 00 00 04 31 36 31 32 00 00 00 00 00 00 00 00
kigyo2.dat,16226,4,shift_jis,1712,00 00 00 00 00 00 00 04 31 37 31 32 00 00 00 00 00 00 00 00
kigyo2.dat,16281,4,shift_jis,1812,00 00 00 00 00 00 00 04 31 38 31 32 00 00 00 00 00 00 00 00
kigyo2.dat,16336,4,shift_jis,1912,00 00 00 00 00 00 00 04 31 39 31 32 00 00 00 00 00 00 00 00
kigyo2.dat,16391,4,shift_jis,2012,00 00 00 00 00 00 00 04 32 30 31 32 00 00 00 00 00 00 00 00
kigyo2.dat,16446,4,shift_jis,2112,00 00 00 00 00 00 00 04 32 31 31 32 00 00 00 00 00 00 00 00
kigyo2.dat,29701,4,shift_jis,1603,00 00 00 00 00 00 00 04 31 36 30 33 00 00 00 00 00 00 00 00
kigyo2.dat,29756,4,shift_jis,1703,00 00 00 00 00 00 00 04 31 37 30 33 00 00 00 00 00 00 00 00
kigyo2.dat,29811,4,shift_jis,1803,00 00 00 00 00 00 00 04 31 38 30 33 00 00 00 00 00 00 00 00
kigyo2.dat,29866,4,shift_jis,1903,00 00 00 00 00 00 00 04 31 39 30 33 00 00 00 00 00 00 00 00
kigyo2.dat,29921,4,shift_jis,2003,00 00 00 00 00 00 00 04 32 30 30 33 00 00 00 00 00 00 00 00
kigyo2.dat,29976,4,shift_jis,2103,00 00 00 00 00 00 00 04 32 31 30 33 00 00 00 00 00 00 00 00
kigyo2.dat,38941,4,shift_jis,1502,00 00 00 00 00 00 00 04 31 35 30 32 00 00 00 00 00 00 00 00
kigyo2.dat,38996,4,shift_jis,1602,00 00 00 00 00 00 00 04 31 36 30 32 00 00 00 00 00 00 00 00
kigyo2.dat,39051,4,shift_jis,1702,00 00 00 00 00 00 00 04 31 37 30 32 00 00 00 00 00 00 00 00
kigyo2.dat,39106,4,shift_jis,1802,00 00 00 00 00 00 00 04 31 38 30 32 00 00 00 00 00 00 00 00
kigyo2.dat,39161,4,shift_jis,1902,00 00 00 00 00 00 00 04 31 39 30 32 00 00 00 00 00 00 00 00
kigyo2.dat,39216,4,shift_jis,2002,00 00 00 00 00 00 00 04 32 30 30 32 00 00 00 00 00 00 00 00
kigyo2.dat,39271,4,shift_jis,1603,00 00 00 00 00 00 00 04 31 36 30 33 00 00 00 00 00 00 00 00
kigyo2.dat,39326,4,shift_jis,1703,00 00 00 00 00 00 00 04 31 37 30 33 00 00 00 00 00 00 00 00
kigyo2.dat,39381,4,shift_jis,1803,00 00 00 00 00 00 00 04 31 38 30 33 00 00 00 00 00 00 00 00
kigyo2.dat,39436,4,shift_jis,1903,00 00 00 00 00 00 00 04 31 39 30 33 00 00 00 00 00 00 00 00
kigyo2.dat,39491,4,shift_jis,2003,00 00 00 00 00 00 00 04 32 30 30 33 00 00 00 00 00 00 00 00
kigyo2.dat,39546,4,shift_jis,2103,00 00 00 00 00 00 00 04 32 31 30 33 00 00 00 00 00 00 00 00
kigyo2.dat,39601,4,shift_jis,1603,00 00 00 00 00 00 00 04 31 36 30 33 00 00 00 00 00 00 00 00
kigyo2.dat,39656,4,shift_jis,1703,00 00 00 00 00 00 00 04 31 37 30 33 00 00 00 00 00 00 00 00
kigyo2.dat,39711,4,shift_jis,1803,00 00 00 00 00 00 00 04 31 38 30 33 00 00 00 00 00 00 00 00
kigyo2.dat,39766,4,shift_jis,1903,00 00 00 00 00 00 00 04 31 39 30 33 00 00 00 00 00 00 00 00
kigyo2.dat,39821,4,shift_jis,2003,00 00 00 00 00 00 00 04 32 30 30 33 00 00 00 00 00 00 00 00
kigyo2.dat,39876,4,shift_jis,2103,00 00 00 00 00 00 00 04 32 31 30 33 00 00 00 00 00 00 00 00
kigyo2.dat,39931,4,shift_jis,1603,00 00 00 00 00 00 00 04 31 36 30 33 00 00 00 00 00 00 00 00
kigyo2.dat,39986,4,shift_jis,1703,00 00 00 00 00 00 00 04 31 37 30 33 00 00 00 00 00 00 00 00
kigyo2.dat,40041,4,shift_jis,1803,00 00 00 00 00 00 00 04 31 38 30 33 00 00 00 00 00 00 00 00
kigyo2.dat,40096,4,shift_jis,1903,00 00 00 00 00 00 00 04 31 39 30 33 00 00 00 00 00 00 00 00
kigyo2.dat,40151,4,shift_jis,2003,00 00 00 00 00 00 00 04 32 30 30 33 00 00 00 00 00 00 00 00
kigyo2.dat,40206,4,shift_jis,2103,00 00 00 00 00 00 00 04 32 31 30 33 00 00 00 00 00 00 00 00
kigyo2.dat,40591,4,shift_jis,1603,00 00 00 00 00 00 00 04 31 36 30 33 00 00 00 00 00 00 00 00
kigyo2.dat,40646,4,shift_jis,1703,00 00 00 00 00 00 00 04 31 37 30 33 00 00 00 00 00 00 00 00
kigyo2.dat,40701,4,shift_jis,1803,00 00 00 00 00 00 00 04 31 38 30 33 00 00 00 00 00 00 00 00
kigyo2.dat,40756,4,shift_jis,1903,00 00 00 00 00 00 00 04 31 39 30 33 00 00 00 00 00 00 00 00
kigyo2.dat,40811,4,shift_jis,2003,00 00 00 00 00 00 00 04 32 30 30 33 00 00 00 00 00 00 00 00
kigyo2.dat,40866,4,shift_jis,2103,00 00 00 00 00 00 00 04 32 31 30 33 00 00 00 00 00 00 00 00
kigyo2.dat,40921,4,shift_jis,1604,00 00 00 00 00 00 00 04 31 36 30 34 00 00 00 00 00 00 00 00
kigyo2.dat,40976,4,shift_jis,1704,00 00 00 00 00 00 00 04 31 37 30 34 00 00 00 00 00 00 00 00
kigyo2.dat,41031,4,shift_jis,1804,00 00 00 00 00 00 00 04 31 38 30 34 00 00 00 00 00 00 00 00
kigyo2.dat,41086,4,shift_jis,1904,00 00 00 00 00 00 00 04 31 39 30 34 00 00 00 00 00 00 00 00
kigyo2.dat,41141,4,shift_jis,2004,00 00 00 00 00 00 00 04 32 30 30 34 00 00 00 00 00 00 00 00
kigyo2.dat,41196,4,shift_jis,2104,00 00 00 00 00 00 00 04 32 31 30 34 00 00 00 00 00 00 00 00
kigyo2.dat,41251,4,shift_jis,1603,00 00 00 00 00 00 00 04 31 36 30 33 00 00 00 00 00 00 00 00
kigyo2.dat,41306,4,shift_jis,1703,00 00 00 00 00 00 00 04 31 37 30 33 00 00 00 00 00 00 00 00
kigyo2.dat,41361,4,shift_jis,1803,00 00 00 00 00 00 00 04 31 38 30 33 00 00 00 00 00 00 00 00
kigyo2.dat,41416,4,shift_jis,1903,00 00 00 00 00 00 00 04 31 39 30 33 00 00 00 00 00 00 00 00
kigyo2.dat,41471,4,shift_jis,2003,00 00 00 00 00 00 00 04 32 30 30 33 00 00 00 00 00 00 00 00
kigyo2.dat,41526,4,shift_jis,2103,00 00 00 00 00 00 00 04 32 31 30 33 00 00 00 00 00 00 00 00
kigyo2.dat,41581,4,shift_jis,1603,00 00 00 00 00 00 00 04 31 36 30 33 00 00 00 00 00 00 00 00
kigyo2.dat,41636,4,shift_jis,1703,00 00 00 00 00 00 00 04 31 37 30 33 00 00 00 00 00 00 00 00
kigyo2.dat,41691,4,shift_jis,1803,00 00 00 00 00 00 00 04 31 38 30 33 00 00 00 00 00 00 00 00
kigyo2.dat,41746,4,shift_jis,1903,00 00 00 00 00 00 00 04 31 39 30 33 00 00 00 00 00 00 00 00
kigyo2.dat,41801,4,shift_jis,2003,00 00 00 00 00 00 00 04 32 30 30 33 00 00 00 00 00 00 00 00
kigyo2.dat,41856,4,shift_jis,2103,00 00 00 00 00 00 00 04 32 31 30 33 00 00 00 00 00 00 00 00
kigyo2.dat,41911,4,shift_jis,1603,00 00 00 00 00 00 00 04 31 36 30 33 00 00 00 00 00 00 00 00
kigyo2.dat,41966,4,shift_jis,1703,00 00 00 00 00 00 00 04 31 37 30 33 00 00 00 00 00 00 00 00
kigyo2.dat,42021,4,shift_jis,1803,00 00 00 00 00 00 00 04 31 38 30 33 00 00 00 00 00 00 00 00
kigyo2.dat,42076,4,shift_jis,1903,00 00 00 00 00 00 00 04 31 39 30 33 00 00 00 00 00 00 00 00
kigyo2.dat,42131,4,shift_jis,2003,00 00 00 00 00 00 00 04 32 30 30 33 00 00 00 00 00 00 00 00
kigyo2.dat,42186,4,shift_jis,2103,00 00 00 00 00 00 00 04 32 31 30 33 00 00 00 00 00 00 00 00
kigyo2.dat,991,4,ascii,1603,00 00 00 00 00 00 00 04 31 36 30 33 00 00 00 00 00 00 00 00
kigyo2.dat,1046,4,ascii,1703,00 00 00 00 00 00 00 04 31 37 30 33 00 00 00 00 00 00 00 00
kigyo2.dat,1101,4,ascii,1803,00 00 00 00 00 00 00 04 31 38 30 33 00 00 00 00 00 00 00 00
kigyo2.dat,1156,4,ascii,1903,00 00 00 00 00 00 00 04 31 39 30 33 00 00 00 00 00 00 00 00
kigyo2.dat,1211,4,ascii,2003,00 00 00 00 00 00 00 04 32 30 30 33 00 00 00 00 00 00 00 00
kigyo2.dat,1266,4,ascii,2103,00 00 00 00 00 00 00 04 32 31 30 33 00 00 00 00 00 00 00 00
kigyo2.dat,6601,4,ascii,1603,00 00 00 00 00 00 00 04 31 36 30 33 00 00 00 00 00 00 00 00
kigyo2.dat,6656,4,ascii,1703,00 00 00 00 00 00 00 04 31 37 30 33 00 00 00 00 00 00 00 00
kigyo2.dat,6711,4,ascii,1803,00 00 00 00 00 00 00 04 31 38 30 33 00 00 00 00 00 00 00 00
kigyo2.dat,6766,4,ascii,1903,00 00 00 00 00 00 00 04 31 39 30 33 00 00 00 00 00 00 00 00
kigyo2.dat,6821,4,ascii,2003,00 00 00 00 00 00 00 04 32 30 30 33 00 00 00 00 00 00 00 00
kigyo2.dat,6876,4,ascii,2103,00 00 00 00 00 00 00 04 32 31 30 33 00 00 00 00 00 00 00 00
kigyo2.dat,9571,4,ascii,1605,00 00 00 00 00 00 00 04 31 36 30 35 00 00 00 00 00 00 00 00
kigyo2.dat,9626,4,ascii,1705,00 00 00 00 00 00 00 04 31 37 30 35 00 00 00 00 00 00 00 00
kigyo2.dat,9681,4,ascii,1805,00 00 00 00 00 00 00 04 31 38 30 35 00 00 00 00 00 00 00 00
kigyo2.dat,9736,4,ascii,1905,00 00 00 00 00 00 00 04 31 39 30 35 00 00 00 00 00 00 00 00
kigyo2.dat,9791,4,ascii,2005,00 00 00 00 00 00 00 04 32 30 30 35 00 00 00 00 00 00 00 00
kigyo2.dat,9846,4,ascii,2105,00 00 00 00 00 00 00 04 32 31 30 35 00 00 00 00 00 00 00 00
kigyo2.dat,9901,4,ascii,1603,00 00 00 00 00 00 00 04 31 36 30 33 00 00 00 00 00 00 00 00
kigyo2.dat,9956,4,ascii,1703,00 00 00 00 00 00 00 04 31 37 30 33 00 00 00 00 00 00 00 00
kigyo2.dat,10011,4,ascii,1803,00 00 00 00 00 00 00 04 31 38 30 33 00 00 00 00 00 00 00 00
kigyo2.dat,10066,4,ascii,1903,00 00 00 00 00 00 00 04 31 39 30 33 00 00 00 00 00 00 00 00
kigyo2.dat,10121,4,ascii,2003,00 00 00 00 00 00 00 04 32 30 30 33 00 00 00 00 00 00 00 00
kigyo2.dat,10176,4,ascii,2103,00 00 00 00 00 00 00 04 32 31 30 33 00 00 00 00 00 00 00 00
kigyo2.dat,10231,4,ascii,1606,00 00 00 00 00 00 00 04 31 36 30 36 00 00 00 00 00 00 00 00
kigyo2.dat,10286,4,ascii,1706,00 00 00 00 00 00 00 04 31 37 30 36 00 00 00 00 00 00 00 00
kigyo2.dat,10341,4,ascii,1806,00 00 00 00 00 00 00 04 31 38 30 36 00 00 00 00 00 00 00 00
kigyo2.dat,10396,4,ascii,1906,00 00 00 00 00 00 00 04 31 39 30 36 00 00 00 00 00 00 00 00
kigyo2.dat,10451,4,ascii,2006,00 00 00 00 00 00 00 04 32 30 30 36 00 00 00 00 00 00 00 00
kigyo2.dat,10506,4,ascii,2106,00 00 00 00 00 00 00 04 32 31 30 36 00 00 00 00 00 00 00 00
kigyo2.dat,10561,4,ascii,1603,00 00 00 00 00 00 00 04 31 36 30 33 00 00 00 00 00 00 00 00
kigyo2.dat,10616,4,ascii,1703,00 00 00 00 00 00 00 04 31 37 30 33 00 00 00 00 00 00 00 00
kigyo2.dat,10671,4,ascii,1803,00 00 00 00 00 00 00 04 31 38 30 33 00 00 00 00 00 00 00 00
kigyo2.dat,10726,4,ascii,1903,00 00 00 00 00 00 00 04 31 39 30 33 00 00 00 00 00 00 00 00
kigyo2.dat,10781,4,ascii,2003,00 00 00 00 00 00 00 04 32 30 30 33 00 00 00 00 00 00 00 00
kigyo2.dat,10836,4,ascii,2103,00 00 00 00 00 00 00 04 32 31 30 33 00 00 00 00 00 00 00 00
kigyo2.dat,10891,4,ascii,1603,00 00 00 00 00 00 00 04 31 36 30 33 00 00 00 00 00 00 00 00
kigyo2.dat,10946,4,ascii,1703,00 00 00 00 00 00 00 04 31 37 30 33 00 00 00 00 00 00 00 00
kigyo2.dat,11001,4,ascii,1803,00 00 00 00 00 00 00 04 31 38 30 33 00 00 00 00 00 00 00 00
kigyo2.dat,11056,4,ascii,1903,00 00 00 00 00 00 00 04 31 39 30 33 00 00 00 00 00 00 00 00
kigyo2.dat,11111,4,ascii,2003,00 00 00 00 00 00 00 04 32 30 30 33 00 00 00 00 00 00 00 00
kigyo2.dat,11166,4,ascii,2103,00 00 00 00 00 00 00 04 32 31 30 33 00 00 00 00 00 00 00 00
kigyo2.dat,11221,4,ascii,1603,00 00 00 00 00 00 00 04 31 36 30 33 00 00 00 00 00 00 00 00
kigyo2.dat,11276,4,ascii,1703,00 00 00 00 00 00 00 04 31 37 30 33 00 00 00 00 00 00 00 00
kigyo2.dat,11331,4,ascii,1803,00 00 00 00 00 00 00 04 31 38 30 33 00 00 00 00 00 00 00 00
kigyo2.dat,11386,4,ascii,1903,00 00 00 00 00 00 00 04 31 39 30 33 00 00 00 00 00 00 00 00
kigyo2.dat,11441,4,ascii,2003,00 00 00 00 00 00 00 04 32 30 30 33 00 00 00 00 00 00 00 00
kigyo2.dat,11496,4,ascii,2103,00 00 00 00 00 00 00 04 32 31 30 33 00 00 00 00 00 00 00 00
kigyo2.dat,11551,4,ascii,1603,00 00 00 00 00 00 00 04 31 36 30 33 00 00 00 00 00 00 00 00
kigyo2.dat,11606,4,ascii,1703,00 00 00 00 00 00 00 04 31 37 30 33 00 00 00 00 00 00 00 00
kigyo2.dat,11661,4,ascii,1803,00 00 00 00 00 00 00 04 31 38 30 33 00 00 00 00 00 00 00 00
kigyo2.dat,11716,4,ascii,1903,00 00 00 00 00 00 00 04 31 39 30 33 00 00 00 00 00 00 00 00
kigyo2.dat,11771,4,ascii,2003,00 00 00 00 00 00 00 04 32 30 30 33 00 00 00 00 00 00 00 00
kigyo2.dat,11826,4,ascii,2103,00 00 00 00 00 00 00 04 32 31 30 33 00 00 00 00 00 00 00 00
kigyo2.dat,16171,4,ascii,1612,00 00 00 00 00 00 00 04 31 36 31 32 00 00 00 00 00 00 00 00
kigyo2.dat,16226,4,ascii,1712,00 00 00 00 00 00 00 04 31 37 31 32 00 00 00 00 00 00 00 00
kigyo2.dat,16281,4,ascii,1812,00 00 00 00 00 00 00 04 31 38 31 32 00 00 00 00 00 00 00 00
kigyo2.dat,16336,4,ascii,1912,00 00 00 00 00 00 00 04 31 39 31 32 00 00 00 00 00 00 00 00
kigyo2.dat,16391,4,ascii,2012,00 00 00 00 00 00 00 04 32 30 31 32 00 00 00 00 00 00 00 00
kigyo2.dat,16446,4,ascii,2112,00 00 00 00 00 00 00 04 32 31 31 32 00 00 00 00 00 00 00 00
kigyo2.dat,29701,4,ascii,1603,00 00 00 00 00 00 00 04 31 36 30 33 00 00 00 00 00 00 00 00
kigyo2.dat,29756,4,ascii,1703,00 00 00 00 00 00 00 04 31 37 30 33 00 00 00 00 00 00 00 00
kigyo2.dat,29811,4,ascii,1803,00 00 00 00 00 00 00 04 31 38 30 33 00 00 00 00 00 00 00 00
kigyo2.dat,29866,4,ascii,1903,00 00 00 00 00 00 00 04 31 39 30 33 00 00 00 00 00 00 00 00
kigyo2.dat,29921,4,ascii,2003,00 00 00 00 00 00 00 04 32 30 30 33 00 00 00 00 00 00 00 00
kigyo2.dat,29976,4,ascii,2103,00 00 00 00 00 00 00 04 32 31 30 33 00 00 00 00 00 00 00 00
kigyo2.dat,38941,4,ascii,1502,00 00 00 00 00 00 00 04 31 35 30 32 00 00 00 00 00 00 00 00
kigyo2.dat,38996,4,ascii,1602,00 00 00 00 00 00 00 04 31 36 30 32 00 00 00 00 00 00 00 00
kigyo2.dat,39051,4,ascii,1702,00 00 00 00 00 00 00 04 31 37 30 32 00 00 00 00 00 00 00 00
kigyo2.dat,39106,4,ascii,1802,00 00 00 00 00 00 00 04 31 38 30 32 00 00 00 00 00 00 00 00
kigyo2.dat,39161,4,ascii,1902,00 00 00 00 00 00 00 04 31 39 30 32 00 00 00 00 00 00 00 00
kigyo2.dat,39216,4,ascii,2002,00 00 00 00 00 00 00 04 32 30 30 32 00 00 00 00 00 00 00 00
kigyo2.dat,39271,4,ascii,1603,00 00 00 00 00 00 00 04 31 36 30 33 00 00 00 00 00 00 00 00
kigyo2.dat,39326,4,ascii,1703,00 00 00 00 00 00 00 04 31 37 30 33 00 00 00 00 00 00 00 00
kigyo2.dat,39381,4,ascii,1803,00 00 00 00 00 00 00 04 31 38 30 33 00 00 00 00 00 00 00 00
kigyo2.dat,39436,4,ascii,1903,00 00 00 00 00 00 00 04 31 39 30 33 00 00 00 00 00 00 00 00
kigyo2.dat,39491,4,ascii,2003,00 00 00 00 00 00 00 04 32 30 30 33 00 00 00 00 00 00 00 00
kigyo2.dat,39546,4,ascii,2103,00 00 00 00 00 00 00 04 32 31 30 33 00 00 00 00 00 00 00 00
kigyo2.dat,39601,4,ascii,1603,00 00 00 00 00 00 00 04 31 36 30 33 00 00 00 00 00 00 00 00
kigyo2.dat,39656,4,ascii,1703,00 00 00 00 00 00 00 04 31 37 30 33 00 00 00 00 00 00 00 00
kigyo2.dat,39711,4,ascii,1803,00 00 00 00 00 00 00 04 31 38 30 33 00 00 00 00 00 00 00 00
kigyo2.dat,39766,4,ascii,1903,00 00 00 00 00 00 00 04 31 39 30 33 00 00 00 00 00 00 00 00
kigyo2.dat,39821,4,ascii,2003,00 00 00 00 00 00 00 04 32 30 30 33 00 00 00 00 00 00 00 00
kigyo2.dat,39876,4,ascii,2103,00 00 00 00 00 00 00 04 32 31 30 33 00 00 00 00 00 00 00 00
kigyo2.dat,39931,4,ascii,1603,00 00 00 00 00 00 00 04 31 36 30 33 00 00 00 00 00 00 00 00
kigyo2.dat,39986,4,ascii,1703,00 00 00 00 00 00 00 04 31 37 30 33 00 00 00 00 00 00 00 00
kigyo2.dat,40041,4,ascii,1803,00 00 00 00 00 00 00 04 31 38 30 33 00 00 00 00 00 00 00 00
kigyo2.dat,40096,4,ascii,1903,00 00 00 00 00 00 00 04 31 39 30 33 00 00 00 00 00 00 00 00
kigyo2.dat,40151,4,ascii,2003,00 00 00 00 00 00 00 04 32 30 30 33 00 00 00 00 00 00 00 00
kigyo2.dat,40206,4,ascii,2103,00 00 00 00 00 00 00 04 32 31 30 33 00 00 00 00 00 00 00 00
kigyo2.dat,40591,4,ascii,1603,00 00 00 00 00 00 00 04 31 36 30 33 00 00 00 00 00 00 00 00
kigyo2.dat,40646,4,ascii,1703,00 00 00 00 00 00 00 04 31 37 30 33 00 00 00 00 00 00 00 00
kigyo2.dat,40701,4,ascii,1803,00 00 00 00 00 00 00 04 31 38 30 33 00 00 00 00 00 00 00 00
kigyo2.dat,40756,4,ascii,1903,00 00 00 00 00 00 00 04 31 39 30 33 00 00 00 00 00 00 00 00
kigyo2.dat,40811,4,ascii,2003,00 00 00 00 00 00 00 04 32 30 30 33 00 00 00 00 00 00 00 00
kigyo2.dat,40866,4,ascii,2103,00 00 00 00 00 00 00 04 32 31 30 33 00 00 00 00 00 00 00 00
kigyo2.dat,40921,4,ascii,1604,00 00 00 00 00 00 00 04 31 36 30 34 00 00 00 00 00 00 00 00
kigyo2.dat,40976,4,ascii,1704,00 00 00 00 00 00 00 04 31 37 30 34 00 00 00 00 00 00 00 00
kigyo2.dat,41031,4,ascii,1804,00 00 00 00 00 00 00 04 31 38 30 34 00 00 00 00 00 00 00 00
kigyo2.dat,41086,4,ascii,1904,00 00 00 00 00 00 00 04 31 39 30 34 00 00 00 00 00 00 00 00
kigyo2.dat,41141,4,ascii,2004,00 00 00 00 00 00 00 04 32 30 30 34 00 00 00 00 00 00 00 00
kigyo2.dat,41196,4,ascii,2104,00 00 00 00 00 00 00 04 32 31 30 34 00 00 00 00 00 00 00 00
kigyo2.dat,41251,4,ascii,1603,00 00 00 00 00 00 00 04 31 36 30 33 00 00 00 00 00 00 00 00
kigyo2.dat,41306,4,ascii,1703,00 00 00 00 00 00 00 04 31 37 30 33 00 00 00 00 00 00 00 00
kigyo2.dat,41361,4,ascii,1803,00 00 00 00 00 00 00 04 31 38 30 33 00 00 00 00 00 00 00 00
kigyo2.dat,41416,4,ascii,1903,00 00 00 00 00 00 00 04 31 39 30 33 00 00 00 00 00 00 00 00
kigyo2.dat,41471,4,ascii,2003,00 00 00 00 00 00 00 04 32 30 30 33 00 00 00 00 00 00 00 00
kigyo2.dat,41526,4,ascii,2103,00 00 00 00 00 00 00 04 32 31 30 33 00 00 00 00 00 00 00 00
kigyo2.dat,41581,4,ascii,1603,00 00 00 00 00 00 00 04 31 36 30 33 00 00 00 00 00 00 00 00
kigyo2.dat,41636,4,ascii,1703,00 00 00 00 00 00 00 04 31 37 30 33 00 00 00 00 00 00 00 00
kigyo2.dat,41691,4,ascii,1803,00 00 00 00 00 00 00 04 31 38 30 33 00 00 00 00 00 00 00 00
kigyo2.dat,41746,4,ascii,1903,00 00 00 00 00 00 00 04 31 39 30 33 00 00 00 00 00 00 00 00
kigyo2.dat,41801,4,ascii,2003,00 00 00 00 00 00 00 04 32 30 30 33 00 00 00 00 00 00 00 00
kigyo2.dat,41856,4,ascii,2103,00 00 00 00 00 00 00 04 32 31 30 33 00 00 00 00 00 00 00 00
kigyo2.dat,41911,4,ascii,1603,00 00 00 00 00 00 00 04 31 36 30 33 00 00 00 00 00 00 00 00
kigyo2.dat,41966,4,ascii,1703,00 00 00 00 00 00 00 04 31 37 30 33 00 00 00 00 00 00 00 00
kigyo2.dat,42021,4,ascii,1803,00 00 00 00 00 00 00 04 31 38 30 33 00 00 00 00 00 00 00 00
kigyo2.dat,42076,4,ascii,1903,00 00 00 00 00 00 00 04 31 39 30 33 00 00 00 00 00 00 00 00
kigyo2.dat,42131,4,ascii,2003,00 00 00 00 00 00 00 04 32 30 30 33 00 00 00 00 00 00 00 00
kigyo2.dat,42186,4,ascii,2103,00 00 00 00 00 00 00 04 32 31 30 33 00 00 00 00 00 00 00 00
kigyo2.dat,991,4,utf-8,1603,00 00 00 00 00 00 00 04 31 36 30 33 00 00 00 00 00 00 00 00
kigyo2.dat,1046,4,utf-8,1703,00 00 00 00 00 00 00 04 31 37 30 33 00 00 00 00 00 00 00 00
kigyo2.dat,1101,4,utf-8,1803,00 00 00 00 00 00 00 04 31 38 30 33 00 00 00 00 00 00 00 00
kigyo2.dat,1156,4,utf-8,1903,00 00 00 00 00 00 00 04 31 39 30 33 00 00 00 00 00 00 00 00
kigyo2.dat,1211,4,utf-8,2003,00 00 00 00 00 00 00 04 32 30 30 33 00 00 00 00 00 00 00 00
kigyo2.dat,1266,4,utf-8,2103,00 00 00 00 00 00 00 04 32 31 30 33 00 00 00 00 00 00 00 00
kigyo2.dat,6601,4,utf-8,1603,00 00 00 00 00 00 00 04 31 36 30 33 00 00 00 00 00 00 00 00
kigyo2.dat,6656,4,utf-8,1703,00 00 00 00 00 00 00 04 31 37 30 33 00 00 00 00 00 00 00 00
kigyo2.dat,6711,4,utf-8,1803,00 00 00 00 00 00 00 04 31 38 30 33 00 00 00 00 00 00 00 00
kigyo2.dat,6766,4,utf-8,1903,00 00 00 00 00 00 00 04 31 39 30 33 00 00 00 00 00 00 00 00
kigyo2.dat,6821,4,utf-8,2003,00 00 00 00 00 00 00 04 32 30 30 33 00 00 00 00 00 00 00 00
kigyo2.dat,6876,4,utf-8,2103,00 00 00 00 00 00 00 04 32 31 30 33 00 00 00 00 00 00 00 00
kigyo2.dat,9571,4,utf-8,1605,00 00 00 00 00 00 00 04 31 36 30 35 00 00 00 00 00 00 00 00
kigyo2.dat,9626,4,utf-8,1705,00 00 00 00 00 00 00 04 31 37 30 35 00 00 00 00 00 00 00 00
kigyo2.dat,9681,4,utf-8,1805,00 00 00 00 00 00 00 04 31 38 30 35 00 00 00 00 00 00 00 00
kigyo2.dat,9736,4,utf-8,1905,00 00 00 00 00 00 00 04 31 39 30 35 00 00 00 00 00 00 00 00
kigyo2.dat,9791,4,utf-8,2005,00 00 00 00 00 00 00 04 32 30 30 35 00 00 00 00 00 00 00 00
kigyo2.dat,9846,4,utf-8,2105,00 00 00 00 00 00 00 04 32 31 30 35 00 00 00 00 00 00 00 00
kigyo2.dat,9901,4,utf-8,1603,00 00 00 00 00 00 00 04 31 36 30 33 00 00 00 00 00 00 00 00
kigyo2.dat,9956,4,utf-8,1703,00 00 00 00 00 00 00 04 31 37 30 33 00 00 00 00 00 00 00 00
kigyo2.dat,10011,4,utf-8,1803,00 00 00 00 00 00 00 04 31 38 30 33 00 00 00 00 00 00 00 00
kigyo2.dat,10066,4,utf-8,1903,00 00 00 00 00 00 00 04 31 39 30 33 00 00 00 00 00 00 00 00
kigyo2.dat,10121,4,utf-8,2003,00 00 00 00 00 00 00 04 32 30 30 33 00 00 00 00 00 00 00 00
kigyo2.dat,10176,4,utf-8,2103,00 00 00 00 00 00 00 04 32 31 30 33 00 00 00 00 00 00 00 00
kigyo2.dat,10231,4,utf-8,1606,00 00 00 00 00 00 00 04 31 36 30 36 00 00 00 00 00 00 00 00
kigyo2.dat,10286,4,utf-8,1706,00 00 00 00 00 00 00 04 31 37 30 36 00 00 00 00 00 00 00 00
kigyo2.dat,10341,4,utf-8,1806,00 00 00 00 00 00 00 04 31 38 30 36 00 00 00 00 00 00 00 00
kigyo2.dat,10396,4,utf-8,1906,00 00 00 00 00 00 00 04 31 39 30 36 00 00 00 00 00 00 00 00
kigyo2.dat,10451,4,utf-8,2006,00 00 00 00 00 00 00 04 32 30 30 36 00 00 00 00 00 00 00 00
kigyo2.dat,10506,4,utf-8,2106,00 00 00 00 00 00 00 04 32 31 30 36 00 00 00 00 00 00 00 00
kigyo2.dat,10561,4,utf-8,1603,00 00 00 00 00 00 00 04 31 36 30 33 00 00 00 00 00 00 00 00
kigyo2.dat,10616,4,utf-8,1703,00 00 00 00 00 00 00 04 31 37 30 33 00 00 00 00 00 00 00 00
kigyo2.dat,10671,4,utf-8,1803,00 00 00 00 00 00 00 04 31 38 30 33 00 00 00 00 00 00 00 00
kigyo2.dat,10726,4,utf-8,1903,00 00 00 00 00 00 00 04 31 39 30 33 00 00 00 00 00 00 00 00
kigyo2.dat,10781,4,utf-8,2003,00 00 00 00 00 00 00 04 32 30 30 33 00 00 00 00 00 00 00 00
kigyo2.dat,10836,4,utf-8,2103,00 00 00 00 00 00 00 04 32 31 30 33 00 00 00 00 00 00 00 00
kigyo2.dat,10891,4,utf-8,1603,00 00 00 00 00 00 00 04 31 36 30 33 00 00 00 00 00 00 00 00
kigyo2.dat,10946,4,utf-8,1703,00 00 00 00 00 00 00 04 31 37 30 33 00 00 00 00 00 00 00 00
kigyo2.dat,11001,4,utf-8,1803,00 00 00 00 00 00 00 04 31 38 30 33 00 00 00 00 00 00 00 00
kigyo2.dat,11056,4,utf-8,1903,00 00 00 00 00 00 00 04 31 39 30 33 00 00 00 00 00 00 00 00
kigyo2.dat,11111,4,utf-8,2003,00 00 00 00 00 00 00 04 32 30 30 33 00 00 00 00 00 00 00 00
kigyo2.dat,11166,4,utf-8,2103,00 00 00 00 00 00 00 04 32 31 30 33 00 00 00 00 00 00 00 00
kigyo2.dat,11221,4,utf-8,1603,00 00 00 00 00 00 00 04 31 36 30 33 00 00 00 00 00 00 00 00
kigyo2.dat,11276,4,utf-8,1703,00 00 00 00 00 00 00 04 31 37 30 33 00 00 00 00 00 00 00 00
kigyo2.dat,11331,4,utf-8,1803,00 00 00 00 00 00 00 04 31 38 30 33 00 00 00 00 00 00 00 00
kigyo2.dat,11386,4,utf-8,1903,00 00 00 00 00 00 00 04 31 39 30 33 00 00 00 00 00 00 00 00
kigyo2.dat,11441,4,utf-8,2003,00 00 00 00 00 00 00 04 32 30 30 33 00 00 00 00 00 00 00 00
kigyo2.dat,11496,4,utf-8,2103,00 00 00 00 00 00 00 04 32 31 30 33 00 00 00 00 00 00 00 00
kigyo2.dat,11551,4,utf-8,1603,00 00 00 00 00 00 00 04 31 36 30 33 00 00 00 00 00 00 00 00
kigyo2.dat,11606,4,utf-8,1703,00 00 00 00 00 00 00 04 31 37 30 33 00 00 00 00 00 00 00 00
kigyo2.dat,11661,4,utf-8,1803,00 00 00 00 00 00 00 04 31 38 30 33 00 00 00 00 00 00 00 00
kigyo2.dat,11716,4,utf-8,1903,00 00 00 00 00 00 00 04 31 39 30 33 00 00 00 00 00 00 00 00
kigyo2.dat,11771,4,utf-8,2003,00 00 00 00 00 00 00 04 32 30 30 33 00 00 00 00 00 00 00 00
kigyo2.dat,11826,4,utf-8,2103,00 00 00 00 00 00 00 04 32 31 30 33 00 00 00 00 00 00 00 00
kigyo2.dat,16171,4,utf-8,1612,00 00 00 00 00 00 00 04 31 36 31 32 00 00 00 00 00 00 00 00
kigyo2.dat,16226,4,utf-8,1712,00 00 00 00 00 00 00 04 31 37 31 32 00 00 00 00 00 00 00 00
kigyo2.dat,16281,4,utf-8,1812,00 00 00 00 00 00 00 04 31 38 31 32 00 00 00 00 00 00 00 00
kigyo2.dat,16336,4,utf-8,1912,00 00 00 00 00 00 00 04 31 39 31 32 00 00 00 00 00 00 00 00
kigyo2.dat,16391,4,utf-8,2012,00 00 00 00 00 00 00 04 32 30 31 32 00 00 00 00 00 00 00 00
kigyo2.dat,16446,4,utf-8,2112,00 00 00 00 00 00 00 04 32 31 31 32 00 00 00 00 00 00 00 00
kigyo2.dat,29701,4,utf-8,1603,00 00 00 00 00 00 00 04 31 36 30 33 00 00 00 00 00 00 00 00
kigyo2.dat,29756,4,utf-8,1703,00 00 00 00 00 00 00 04 31 37 30 33 00 00 00 00 00 00 00 00
kigyo2.dat,29811,4,utf-8,1803,00 00 00 00 00 00 00 04 31 38 30 33 00 00 00 00 00 00 00 00
kigyo2.dat,29866,4,utf-8,1903,00 00 00 00 00 00 00 04 31 39 30 33 00 00 00 00 00 00 00 00
kigyo2.dat,29921,4,utf-8,2003,00 00 00 00 00 00 00 04 32 30 30 33 00 00 00 00 00 00 00 00
kigyo2.dat,29976,4,utf-8,2103,00 00 00 00 00 00 00 04 32 31 30 33 00 00 00 00 00 00 00 00
kigyo2.dat,38941,4,utf-8,1502,00 00 00 00 00 00 00 04 31 35 30 32 00 00 00 00 00 00 00 00
kigyo2.dat,38996,4,utf-8,1602,00 00 00 00 00 00 00 04 31 36 30 32 00 00 00 00 00 00 00 00
kigyo2.dat,39051,4,utf-8,1702,00 00 00 00 00 00 00 04 31 37 30 32 00 00 00 00 00 00 00 00
kigyo2.dat,39106,4,utf-8,1802,00 00 00 00 00 00 00 04 31 38 30 32 00 00 00 00 00 00 00 00
kigyo2.dat,39161,4,utf-8,1902,00 00 00 00 00 00 00 04 31 39 30 32 00 00 00 00 00 00 00 00
kigyo2.dat,39216,4,utf-8,2002,00 00 00 00 00 00 00 04 32 30 30 32 00 00 00 00 00 00 00 00
kigyo2.dat,39271,4,utf-8,1603,00 00 00 00 00 00 00 04 31 36 30 33 00 00 00 00 00 00 00 00
kigyo2.dat,39326,4,utf-8,1703,00 00 00 00 00 00 00 04 31 37 30 33 00 00 00 00 00 00 00 00
kigyo2.dat,39381,4,utf-8,1803,00 00 00 00 00 00 00 04 31 38 30 33 00 00 00 00 00 00 00 00
kigyo2.dat,39436,4,utf-8,1903,00 00 00 00 00 00 00 04 31 39 30 33 00 00 00 00 00 00 00 00
kigyo2.dat,39491,4,utf-8,2003,00 00 00 00 00 00 00 04 32 30 30 33 00 00 00 00 00 00 00 00
kigyo2.dat,39546,4,utf-8,2103,00 00 00 00 00 00 00 04 32 31 30 33 00 00 00 00 00 00 00 00
kigyo2.dat,39601,4,utf-8,1603,00 00 00 00 00 00 00 04 31 36 30 33 00 00 00 00 00 00 00 00
kigyo2.dat,39656,4,utf-8,1703,00 00 00 00 00 00 00 04 31 37 30 33 00 00 00 00 00 00 00 00
kigyo2.dat,39711,4,utf-8,1803,00 00 00 00 00 00 00 04 31 38 30 33 00 00 00 00 00 00 00 00
kigyo2.dat,39766,4,utf-8,1903,00 00 00 00 00 00 00 04 31 39 30 33 00 00 00 00 00 00 00 00
kigyo2.dat,39821,4,utf-8,2003,00 00 00 00 00 00 00 04 32 30 30 33 00 00 00 00 00 00 00 00
kigyo2.dat,39876,4,utf-8,2103,00 00 00 00 00 00 00 04 32 31 30 33 00 00 00 00 00 00 00 00
kigyo2.dat,39931,4,utf-8,1603,00 00 00 00 00 00 00 04 31 36 30 33 00 00 00 00 00 00 00 00
kigyo2.dat,39986,4,utf-8,1703,00 00 00 00 00 00 00 04 31 37 30 33 00 00 00 00 00 00 00 00
kigyo2.dat,40041,4,utf-8,1803,00 00 00 00 00 00 00 04 31 38 30 33 00 00 00 00 00 00 00 00
kigyo2.dat,40096,4,utf-8,1903,00 00 00 00 00 00 00 04 31 39 30 33 00 00 00 00 00 00 00 00
kigyo2.dat,40151,4,utf-8,2003,00 00 00 00 00 00 00 04 32 30 30 33 00 00 00 00 00 00 00 00
kigyo2.dat,40206,4,utf-8,2103,00 00 00 00 00 00 00 04 32 31 30 33 00 00 00 00 00 00 00 00
kigyo2.dat,40591,4,utf-8,1603,00 00 00 00 00 00 00 04 31 36 30 33 00 00 00 00 00 00 00 00
kigyo2.dat,40646,4,utf-8,1703,00 00 00 00 00 00 00 04 31 37 30 33 00 00 00 00 00 00 00 00
kigyo2.dat,40701,4,utf-8,1803,00 00 00 00 00 00 00 04 31 38 30 33 00 00 00 00 00 00 00 00
kigyo2.dat,40756,4,utf-8,1903,00 00 00 00 00 00 00 04 31 39 30 33 00 00 00 00 00 00 00 00
kigyo2.dat,40811,4,utf-8,2003,00 00 00 00 00 00 00 04 32 30 30 33 00 00 00 00 00 00 00 00
kigyo2.dat,40866,4,utf-8,2103,00 00 00 00 00 00 00 04 32 31 30 33 00 00 00 00 00 00 00 00
kigyo2.dat,40921,4,utf-8,1604,00 00 00 00 00 00 00 04 31 36 30 34 00 00 00 00 00 00 00 00
kigyo2.dat,40976,4,utf-8,1704,00 00 00 00 00 00 00 04 31 37 30 34 00 00 00 00 00 00 00 00
kigyo2.dat,41031,4,utf-8,1804,00 00 00 00 00 00 00 04 31 38 30 34 00 00 00 00 00 00 00 00
kigyo2.dat,41086,4,utf-8,1904,00 00 00 00 00 00 00 04 31 39 30 34 00 00 00 00 00 00 00 00
kigyo2.dat,41141,4,utf-8,2004,00 00 00 00 00 00 00 04 32 30 30 34 00 00 00 00 00 00 00 00
kigyo2.dat,41196,4,utf-8,2104,00 00 00 00 00 00 00 04 32 31 30 34 00 00 00 00 00 00 00 00
kigyo2.dat,41251,4,utf-8,1603,00 00 00 00 00 00 00 04 31 36 30 33 00 00 00 00 00 00 00 00
kigyo2.dat,41306,4,utf-8,1703,00 00 00 00 00 00 00 04 31 37 30 33 00 00 00 00 00 00 00 00
kigyo2.dat,41361,4,utf-8,1803,00 00 00 00 00 00 00 04 31 38 30 33 00 00 00 00 00 00 00 00
kigyo2.dat,41416,4,utf-8,1903,00 00 00 00 00 00 00 04 31 39 30 33 00 00 00 00 00 00 00 00
kigyo2.dat,41471,4,utf-8,2003,00 00 00 00 00 00 00 04 32 30 30 33 00 00 00 00 00 00 00 00
kigyo2.dat,41526,4,utf-8,2103,00 00 00 00 00 00 00 04 32 31 30 33 00 00 00 00 00 00 00 00
kigyo2.dat,41581,4,utf-8,1603,00 00 00 00 00 00 00 04 31 36 30 33 00 00 00 00 00 00 00 00
kigyo2.dat,41636,4,utf-8,1703,00 00 00 00 00 00 00 04 31 37 30 33 00 00 00 00 00 00 00 00
kigyo2.dat,41691,4,utf-8,1803,00 00 00 00 00 00 00 04 31 38 30 33 00 00 00 00 00 00 00 00
kigyo2.dat,41746,4,utf-8,1903,00 00 00 00 00 00 00 04 31 39 30 33 00 00 00 00 00 00 00 00
kigyo2.dat,41801,4,utf-8,2003,00 00 00 00 00 00 00 04 32 30 30 33 00 00 00 00 00 00 00 00
kigyo2.dat,41856,4,utf-8,2103,00 00 00 00 00 00 00 04 32 31 30 33 00 00 00 00 00 00 00 00
kigyo2.dat,41911,4,utf-8,1603,00 00 00 00 00 00 00 04 31 36 30 33 00 00 00 00 00 00 00 00
kigyo2.dat,41966,4,utf-8,1703,00 00 00 00 00 00 00 04 31 37 30 33 00 00 00 00 00 00 00 00
kigyo2.dat,42021,4,utf-8,1803,00 00 00 00 00 00 00 04 31 38 30 33 00 00 00 00 00 00 00 00
kigyo2.dat,42076,4,utf-8,1903,00 00 00 00 00 00 00 04 31 39 30 33 00 00 00 00 00 00 00 00
kigyo2.dat,42131,4,utf-8,2003,00 00 00 00 00 00 00 04 32 30 30 33 00 00 00 00 00 00 00 00
kigyo2.dat,42186,4,utf-8,2103,00 00 00 00 00 00 00 04 32 31 30 33 00 00 00 00 00 00 00 00
kigyo3.dat,661,4,cp932,0903,00 00 00 00 00 00 00 04 30 39 30 33 00 00 00 00 00 00 00 00
kigyo3.dat,716,4,cp932,1003,00 00 00 00 00 00 00 04 31 30 30 33 00 00 00 00 00 00 00 00
kigyo3.dat,771,4,cp932,1103,00 00 00 00 00 00 00 04 31 31 30 33 00 00 00 00 00 00 00 00
kigyo3.dat,826,4,cp932,1203,00 00 00 00 00 00 00 04 31 32 30 33 00 00 00 00 00 00 00 00
kigyo3.dat,881,4,cp932,1303,00 00 00 00 00 00 00 04 31 33 30 33 00 00 00 00 00 00 00 00
kigyo3.dat,936,4,cp932,1403,00 00 00 00 00 00 00 04 31 34 30 33 00 00 00 FB 2D 00 00 00
kigyo3.dat,972,6,cp932,130213,12 00 00 00 00 00 00 06 31 33 30 32 31 33 00 00 00 00 00 00 00 00
kigyo3.dat,991,4,cp932,1603,00 00 00 00 00 00 00 04 31 36 30 33 00 00 00 93 16 03 00 63
kigyo3.dat,1027,6,cp932,161104,62 00 00 00 00 00 00 06 31 36 31 31 30 34 00 00 00 00 00 00 00 00
kigyo3.dat,1046,4,cp932,1703,00 00 00 00 00 00 00 04 31 37 30 33 00 00 00 00 00 00 00 00
kigyo3.dat,1101,4,cp932,1803,00 00 00 00 00 00 00 04 31 38 30 33 00 00 00 00 00 00 00 00
kigyo3.dat,1156,4,cp932,1903,00 00 00 00 00 00 00 04 31 39 30 33 00 00 00 97 E8 03 00 F7
kigyo3.dat,1211,4,cp932,2003,00 00 00 00 00 00 00 04 32 30 30 33 00 00 00 77 01 04 00 66
kigyo3.dat,1266,4,cp932,2103,00 00 00 00 00 00 00 04 32 31 30 33 00 00 00 6D CD 03 00 31
kigyo3.dat,1321,4,cp932,0503,00 00 00 00 00 00 00 04 30 35 30 33 00 04 00 3E 54 02 00 4C
kigyo3.dat,1376,4,cp932,0603,00 00 00 00 00 00 00 04 30 36 30 33 00 04 00 43 55 02 00 D3
kigyo3.dat,1431,4,cp932,0703,00 00 00 00 00 00 00 04 30 37 30 33 00 04 00 A0 65 02 00 E6
kigyo3.dat,1486,4,cp932,0803,00 00 00 00 00 00 00 04 30 38 30 33 00 04 00 37 41 02 00 6E
kigyo3.dat,1541,4,cp932,0903,00 00 00 00 00 00 00 04 30 39 30 33 00 00 00 62 40 02 00 A5
kigyo3.dat,1577,6,cp932,090515,6F 00 00 00 00 00 00 06 30 39 30 35 31 35 00 00 00 00 00 00 00 00
kigyo3.dat,1596,4,cp932,1003,00 00 00 00 00 00 00 04 31 30 30 33 00 00 00 72 39 02 00 84
kigyo3.dat,1632,6,cp932,110204,24 00 00 00 00 00 00 06 31 31 30 32 30 34 00 00 00 00 00 00 00 00
kigyo3.dat,1651,4,cp932,0503,00 00 00 00 00 00 00 04 30 35 30 33 00 04 00 3E 54 02 00 4C
kigyo3.dat,1706,4,cp932,0603,00 00 00 00 00 00 00 04 30 36 30 33 00 04 00 43 55 02 00 D3
kigyo3.dat,1761,4,cp932,0703,00 00 00 00 00 00 00 04 30 37 30 33 00 04 00 A0 65 02 00 E6
kigyo3.dat,1816,4,cp932,0803,00 00 00 00 00 00 00 04 30 38 30 33 00 04 00 37 41 02 00 6E
kigyo3.dat,1871,4,cp932,0903,00 00 00 00 00 00 00 04 30 39 30 33 00 00 00 62 40 02 00 A5
kigyo3.dat,1907,6,cp932,090515,6F 00 00 00 00 00 00 06 30 39 30 35 31 35 00 00 00 00 00 00 00 00
kigyo3.dat,1926,4,cp932,1003,00 00 00 00 00 00 00 04 31 30 30 33 00 00 00 72 39 02 00 84
kigyo3.dat,1962,6,cp932,110204,24 00 00 00 00 00 00 06 31 31 30 32 30 34 00 00 00 00 00 00 00 00
kigyo3.dat,1981,4,cp932,0503,00 00 00 00 00 00 00 04 30 35 30 33 00 04 00 3E 54 02 00 4C
kigyo3.dat,2036,4,cp932,0603,00 00 00 00 00 00 00 04 30 36 30 33 00 04 00 43 55 02 00 D3
kigyo3.dat,2091,4,cp932,0703,00 00 00 00 00 00 00 04 30 37 30 33 00 04 00 A0 65 02 00 E6
kigyo3.dat,2146,4,cp932,0803,00 00 00 00 00 00 00 04 30 38 30 33 00 04 00 37 41 02 00 6E
kigyo3.dat,2201,4,cp932,0903,00 00 00 00 00 00 00 04 30 39 30 33 00 00 00 62 40 02 00 A5
kigyo3.dat,2237,6,cp932,090515,6F 00 00 00 00 00 00 06 30 39 30 35 31 35 00 00 00 00 00 00 00 00
kigyo3.dat,2256,4,cp932,1003,00 00 00 00 00 00 00 04 31 30 30 33 00 00 00 72 39 02 00 84
kigyo3.dat,2292,6,cp932,110204,24 00 00 00 00 00 00 06 31 31 30 32 30 34 00 00 00 00 00 00 00 00
kigyo3.dat,2311,4,cp932,0503,00 00 00 00 00 00 00 04 30 35 30 33 00 04 00 3E 54 02 00 4C
kigyo3.dat,2366,4,cp932,0603,00 00 00 00 00 00 00 04 30 36 30 33 00 04 00 43 55 02 00 D3
kigyo3.dat,2421,4,cp932,0703,00 00 00 00 00 00 00 04 30 37 30 33 00 04 00 A0 65 02 00 E6
kigyo3.dat,2476,4,cp932,0803,00 00 00 00 00 00 00 04 30 38 30 33 00 04 00 37 41 02 00 6E
kigyo3.dat,2531,4,cp932,0903,00 00 00 00 00 00 00 04 30 39 30 33 00 00 00 62 40 02 00 A5
kigyo3.dat,2567,6,cp932,090515,6F 00 00 00 00 00 00 06 30 39 30 35 31 35 00 00 00 00 00 00 00 00
kigyo3.dat,2586,4,cp932,1003,00 00 00 00 00 00 00 04 31 30 30 33 00 00 00 72 39 02 00 84
kigyo3.dat,2622,6,cp932,110204,24 00 00 00 00 00 00 06 31 31 30 32 30 34 00 00 00 00 00 00 00 00
kigyo3.dat,2641,4,cp932,0503,00 00 00 00 00 00 00 04 30 35 30 33 00 04 00 3E 54 02 00 4C
kigyo3.dat,2696,4,cp932,0603,00 00 00 00 00 00 00 04 30 36 30 33 00 04 00 43 55 02 00 D3
kigyo3.dat,2751,4,cp932,0703,00 00 00 00 00 00 00 04 30 37 30 33 00 04 00 A0 65 02 00 E6
kigyo3.dat,2806,4,cp932,0803,00 00 00 00 00 00 00 04 30 38 30 33 00 04 00 37 41 02 00 6E
kigyo3.dat,2861,4,cp932,0903,00 00 00 00 00 00 00 04 30 39 30 33 00 00 00 62 40 02 00 A5
kigyo3.dat,2897,6,cp932,090515,6F 00 00 00 00 00 00 06 30 39 30 35 31 35 00 00 00 00 00 00 00 00
kigyo3.dat,2916,4,cp932,1003,00 00 00 00 00 00 00 04 31 30 30 33 00 00 00 72 39 02 00 84
kigyo3.dat,2952,6,cp932,110204,24 00 00 00 00 00 00 06 31 31 30 32 30 34 00 00 00 00 00 00 00 00
kigyo3.dat,2971,4,cp932,0503,00 00 00 00 00 00 00 04 30 35 30 33 00 04 00 3E 54 02 00 4C
kigyo3.dat,3026,4,cp932,0603,00 00 00 00 00 00 00 04 30 36 30 33 00 04 00 43 55 02 00 D3
kigyo3.dat,3081,4,cp932,0703,00 00 00 00 00 00 00 04 30 37 30 33 00 04 00 A0 65 02 00 E6
kigyo3.dat,3136,4,cp932,0803,00 00 00 00 00 00 00 04 30 38 30 33 00 04 00 37 41 02 00 6E
kigyo3.dat,3191,4,cp932,0903,00 00 00 00 00 00 00 04 30 39 30 33 00 00 00 62 40 02 00 A5
kigyo3.dat,3227,6,cp932,090515,6F 00 00 00 00 00 00 06 30 39 30 35 31 35 00 00 00 00 00 00 00 00
kigyo3.dat,3246,4,cp932,1003,00 00 00 00 00 00 00 04 31 30 30 33 00 00 00 72 39 02 00 84
kigyo3.dat,3282,6,cp932,110204,24 00 00 00 00 00 00 06 31 31 30 32 30 34 00 00 00 00 00 00 00 00
kigyo3.dat,3301,4,cp932,0503,00 00 00 00 00 00 00 04 30 35 30 33 00 04 00 3E 54 02 00 4C
kigyo3.dat,3356,4,cp932,0603,00 00 00 00 00 00 00 04 30 36 30 33 00 04 00 43 55 02 00 D3
kigyo3.dat,3411,4,cp932,0703,00 00 00 00 00 00 00 04 30 37 30 33 00 04 00 A0 65 02 00 E6
kigyo3.dat,3466,4,cp932,0803,00 00 00 00 00 00 00 04 30 38 30 33 00 04 00 37 41 02 00 6E
kigyo3.dat,3521,4,cp932,0903,00 00 00 00 00 00 00 04 30 39 30 33 00 00 00 62 40 02 00 A5
kigyo3.dat,3557,6,cp932,090515,6F 00 00 00 00 00 00 06 30 39 30 35 31 35 00 00 00 00 00 00 00 00
kigyo3.dat,3576,4,cp932,1003,00 00 00 00 00 00 00 04 31 30 30 33 00 00 00 72 39 02 00 84
kigyo3.dat,3612,6,cp932,110204,24 00 00 00 00 00 00 06 31 31 30 32 30 34 00 00 00 00 00 00 00 00
kigyo3.dat,3631,4,cp932,0503,00 00 00 00 00 00 00 04 30 35 30 33 00 04 00 2B 15 06 00 60
kigyo3.dat,3686,4,cp932,0603,00 00 00 00 00 00 00 04 30 36 30 33 00 04 00 52 4F 06 00 C1
kigyo3.dat,3741,4,cp932,0703,00 00 00 00 00 00 00 04 30 37 30 33 00 00 00 34 B8 04 00 67
kigyo3.dat,3777,6,cp932,090428,EF 00 00 00 00 00 00 06 30 39 30 34 32 38 00 00 00 00 00 00 00 00
kigyo3.dat,3796,4,cp932,0803,00 00 00 00 00 00 00 04 30 38 30 33 00 00 00 1C 2F 04 00 17
kigyo3.dat,3832,6,cp932,110201,23 00 00 00 00 00 00 06 31 31 30 32 30 31 00 00 00 00 00 00 00 00
kigyo3.dat,3851,4,cp932,0903,00 00 00 00 00 00 00 04 30 39 30 33 00 00 00 48 A7 04 00 13
kigyo3.dat,3906,4,cp932,1003,00 00 00 00 00 00 00 04 31 30 30 33 00 00 00 3F 97 04 00 9B
kigyo3.dat,3942,6,cp932,130205,14 00 00 00 00 00 00 06 31 33 30 32 30 35 00 00 00 00 00 00 00 00
kigyo3.dat,3961,4,cp932,0503,00 00 00 00 00 00 00 04 30 35 30 33 00 04 00 3E 54 02 00 4C
kigyo3.dat,4016,4,cp932,0603,00 00 00 00 00 00 00 04 30 36 30 33 00 04 00 43 55 02 00 D3
kigyo3.dat,4071,4,cp932,0703,00 00 00 00 00 00 00 04 30 37 30 33 00 04 00 A0 65 02 00 E6
kigyo3.dat,4126,4,cp932,0803,00 00 00 00 00 00 00 04 30 38 30 33 00 04 00 37 41 02 00 6E
kigyo3.dat,4181,4,cp932,0903,00 00 00 00 00 00 00 04 30 39 30 33 00 00 00 62 40 02 00 A5
kigyo3.dat,4217,6,cp932,090515,6F 00 00 00 00 00 00 06 30 39 30 35 31 35 00 00 00 00 00 00 00 00
kigyo3.dat,4236,4,cp932,1003,00 00 00 00 00 00 00 04 31 30 30 33 00 00 00 72 39 02 00 84
kigyo3.dat,4272,6,cp932,110204,24 00 00 00 00 00 00 06 31 31 30 32 30 34 00 00 00 00 00 00 00 00
kigyo3.dat,4291,4,cp932,0503,00 00 00 00 00 00 00 04 30 35 30 33 00 04 00 3E 54 02 00 4C
kigyo3.dat,4346,4,cp932,0603,00 00 00 00 00 00 00 04 30 36 30 33 00 04 00 43 55 02 00 D3
kigyo3.dat,4401,4,cp932,0703,00 00 00 00 00 00 00 04 30 37 30 33 00 04 00 A0 65 02 00 E6
kigyo3.dat,4456,4,cp932,0803,00 00 00 00 00 00 00 04 30 38 30 33 00 04 00 37 41 02 00 6E
kigyo3.dat,4511,4,cp932,0903,00 00 00 00 00 00 00 04 30 39 30 33 00 00 00 62 40 02 00 A5
kigyo3.dat,4547,6,cp932,090515,6F 00 00 00 00 00 00 06 30 39 30 35 31 35 00 00 00 00 00 00 00 00
kigyo3.dat,4566,4,cp932,1003,00 00 00 00 00 00 00 04 31 30 30 33 00 00 00 72 39 02 00 84
kigyo3.dat,4602,6,cp932,110204,24 00 00 00 00 00 00 06 31 31 30 32 30 34 00 00 00 00 00 00 00 00
kigyo3.dat,4621,4,cp932,0503,00 00 00 00 00 00 00 04 30 35 30 33 00 04 00 3E 54 02 00 4C
kigyo3.dat,4676,4,cp932,0603,00 00 00 00 00 00 00 04 30 36 30 33 00 04 00 43 55 02 00 D3
kigyo3.dat,4731,4,cp932,0703,00 00 00 00 00 00 00 04 30 37 30 33 00 04 00 A0 65 02 00 E6
kigyo3.dat,4786,4,cp932,0803,00 00 00 00 00 00 00 04 30 38 30 33 00 04 00 37 41 02 00 6E
kigyo3.dat,4841,4,cp932,0903,00 00 00 00 00 00 00 04 30 39 30 33 00 00 00 62 40 02 00 A5
kigyo3.dat,4877,6,cp932,090515,6F 00 00 00 00 00 00 06 30 39 30 35 31 35 00 00 00 00 00 00 00 00
kigyo3.dat,4896,4,cp932,1003,00 00 00 00 00 00 00 04 31 30 30 33 00 00 00 72 39 02 00 84
kigyo3.dat,4932,6,cp932,110204,24 00 00 00 00 00 00 06 31 31 30 32 30 34 00 00 00 00 00 00 00 00
kigyo3.dat,4951,4,cp932,0503,00 00 00 00 00 00 00 04 30 35 30 33 00 04 00 3E 54 02 00 4C
kigyo3.dat,5006,4,cp932,0603,00 00 00 00 00 00 00 04 30 36 30 33 00 04 00 43 55 02 00 D3
kigyo3.dat,5061,4,cp932,0703,00 00 00 00 00 00 00 04 30 37 30 33 00 04 00 A0 65 02 00 E6
kigyo3.dat,5116,4,cp932,0803,00 00 00 00 00 00 00 04 30 38 30 33 00 04 00 37 41 02 00 6E
kigyo3.dat,5171,4,cp932,0903,00 00 00 00 00 00 00 04 30 39 30 33 00 00 00 62 40 02 00 A5
kigyo3.dat,5207,6,cp932,090515,6F 00 00 00 00 00 00 06 30 39 30 35 31 35 00 00 00 00 00 00 00 00
kigyo3.dat,5226,4,cp932,1003,00 00 00 00 00 00 00 04 31 30 30 33 00 00 00 72 39 02 00 84
kigyo3.dat,5262,6,cp932,110204,24 00 00 00 00 00 00 06 31 31 30 32 30 34 00 00 00 00 00 00 00 00
kigyo3.dat,5281,4,cp932,0503,00 00 00 00 00 00 00 04 30 35 30 33 00 04 00 3E 54 02 00 4C
kigyo3.dat,5336,4,cp932,0603,00 00 00 00 00 00 00 04 30 36 30 33 00 04 00 43 55 02 00 D3
kigyo3.dat,5391,4,cp932,0703,00 00 00 00 00 00 00 04 30 37 30 33 00 04 00 A0 65 02 00 E6
kigyo3.dat,5446,4,cp932,0803,00 00 00 00 00 00 00 04 30 38 30 33 00 04 00 37 41 02 00 6E
kigyo3.dat,5501,4,cp932,0903,00 00 00 00 00 00 00 04 30 39 30 33 00 00 00 62 40 02 00 A5
kigyo3.dat,5537,6,cp932,090515,6F 00 00 00 00 00 00 06 30 39 30 35 31 35 00 00 00 00 00 00 00 00
kigyo3.dat,5556,4,cp932,1003,00 00 00 00 00 00 00 04 31 30 30 33 00 00 00 72 39 02 00 84
kigyo3.dat,5592,6,cp932,110204,24 00 00 00 00 00 00 06 31 31 30 32 30 34 00 00 00 00 00 00 00 00
kigyo3.dat,5611,4,cp932,0503,00 00 00 00 00 00 00 04 30 35 30 33 00 04 00 3E 54 02 00 4C
kigyo3.dat,661,4,shift_jis,0903,00 00 00 00 00 00 00 04 30 39 30 33 00 00 00 00 00 00 00 00
kigyo3.dat,716,4,shift_jis,1003,00 00 00 00 00 00 00 04 31 30 30 33 00 00 00 00 00 00 00 00
kigyo3.dat,771,4,shift_jis,1103,00 00 00 00 00 00 00 04 31 31 30 33 00 00 00 00 00 00 00 00
kigyo3.dat,826,4,shift_jis,1203,00 00 00 00 00 00 00 04 31 32 30 33 00 00 00 00 00 00 00 00
kigyo3.dat,881,4,shift_jis,1303,00 00 00 00 00 00 00 04 31 33 30 33 00 00 00 00 00 00 00 00
kigyo3.dat,936,4,shift_jis,1403,00 00 00 00 00 00 00 04 31 34 30 33 00 00 00 FB 2D 00 00 00
kigyo3.dat,972,6,shift_jis,130213,12 00 00 00 00 00 00 06 31 33 30 32 31 33 00 00 00 00 00 00 00 00
kigyo3.dat,991,4,shift_jis,1603,00 00 00 00 00 00 00 04 31 36 30 33 00 00 00 93 16 03 00 63
kigyo3.dat,1027,6,shift_jis,161104,62 00 00 00 00 00 00 06 31 36 31 31 30 34 00 00 00 00 00 00 00 00
kigyo3.dat,1046,4,shift_jis,1703,00 00 00 00 00 00 00 04 31 37 30 33 00 00 00 00 00 00 00 00
kigyo3.dat,1101,4,shift_jis,1803,00 00 00 00 00 00 00 04 31 38 30 33 00 00 00 00 00 00 00 00
kigyo3.dat,1156,4,shift_jis,1903,00 00 00 00 00 00 00 04 31 39 30 33 00 00 00 97 E8 03 00 F7
kigyo3.dat,1211,4,shift_jis,2003,00 00 00 00 00 00 00 04 32 30 30 33 00 00 00 77 01 04 00 66
kigyo3.dat,1266,4,shift_jis,2103,00 00 00 00 00 00 00 04 32 31 30 33 00 00 00 6D CD 03 00 31
kigyo3.dat,1321,4,shift_jis,0503,00 00 00 00 00 00 00 04 30 35 30 33 00 04 00 3E 54 02 00 4C
kigyo3.dat,1376,4,shift_jis,0603,00 00 00 00 00 00 00 04 30 36 30 33 00 04 00 43 55 02 00 D3
kigyo3.dat,1431,4,shift_jis,0703,00 00 00 00 00 00 00 04 30 37 30 33 00 04 00 A0 65 02 00 E6
kigyo3.dat,1486,4,shift_jis,0803,00 00 00 00 00 00 00 04 30 38 30 33 00 04 00 37 41 02 00 6E
kigyo3.dat,1541,4,shift_jis,0903,00 00 00 00 00 00 00 04 30 39 30 33 00 00 00 62 40 02 00 A5
kigyo3.dat,1577,6,shift_jis,090515,6F 00 00 00 00 00 00 06 30 39 30 35 31 35 00 00 00 00 00 00 00 00
kigyo3.dat,1596,4,shift_jis,1003,00 00 00 00 00 00 00 04 31 30 30 33 00 00 00 72 39 02 00 84
kigyo3.dat,1632,6,shift_jis,110204,24 00 00 00 00 00 00 06 31 31 30 32 30 34 00 00 00 00 00 00 00 00
kigyo3.dat,1651,4,shift_jis,0503,00 00 00 00 00 00 00 04 30 35 30 33 00 04 00 3E 54 02 00 4C
kigyo3.dat,1706,4,shift_jis,0603,00 00 00 00 00 00 00 04 30 36 30 33 00 04 00 43 55 02 00 D3
kigyo3.dat,1761,4,shift_jis,0703,00 00 00 00 00 00 00 04 30 37 30 33 00 04 00 A0 65 02 00 E6
kigyo3.dat,1816,4,shift_jis,0803,00 00 00 00 00 00 00 04 30 38 30 33 00 04 00 37 41 02 00 6E
kigyo3.dat,1871,4,shift_jis,0903,00 00 00 00 00 00 00 04 30 39 30 33 00 00 00 62 40 02 00 A5
kigyo3.dat,1907,6,shift_jis,090515,6F 00 00 00 00 00 00 06 30 39 30 35 31 35 00 00 00 00 00 00 00 00
kigyo3.dat,1926,4,shift_jis,1003,00 00 00 00 00 00 00 04 31 30 30 33 00 00 00 72 39 02 00 84
kigyo3.dat,1962,6,shift_jis,110204,24 00 00 00 00 00 00 06 31 31 30 32 30 34 00 00 00 00 00 00 00 00
kigyo3.dat,1981,4,shift_jis,0503,00 00 00 00 00 00 00 04 30 35 30 33 00 04 00 3E 54 02 00 4C
kigyo3.dat,2036,4,shift_jis,0603,00 00 00 00 00 00 00 04 30 36 30 33 00 04 00 43 55 02 00 D3
kigyo3.dat,2091,4,shift_jis,0703,00 00 00 00 00 00 00 04 30 37 30 33 00 04 00 A0 65 02 00 E6
kigyo3.dat,2146,4,shift_jis,0803,00 00 00 00 00 00 00 04 30 38 30 33 00 04 00 37 41 02 00 6E
kigyo3.dat,2201,4,shift_jis,0903,00 00 00 00 00 00 00 04 30 39 30 33 00 00 00 62 40 02 00 A5
kigyo3.dat,2237,6,shift_jis,090515,6F 00 00 00 00 00 00 06 30 39 30 35 31 35 00 00 00 00 00 00 00 00
kigyo3.dat,2256,4,shift_jis,1003,00 00 00 00 00 00 00 04 31 30 30 33 00 00 00 72 39 02 00 84
kigyo3.dat,2292,6,shift_jis,110204,24 00 00 00 00 00 00 06 31 31 30 32 30 34 00 00 00 00 00 00 00 00
kigyo3.dat,2311,4,shift_jis,0503,00 00 00 00 00 00 00 04 30 35 30 33 00 04 00 3E 54 02 00 4C
kigyo3.dat,2366,4,shift_jis,0603,00 00 00 00 00 00 00 04 30 36 30 33 00 04 00 43 55 02 00 D3
kigyo3.dat,2421,4,shift_jis,0703,00 00 00 00 00 00 00 04 30 37 30 33 00 04 00 A0 65 02 00 E6
kigyo3.dat,2476,4,shift_jis,0803,00 00 00 00 00 00 00 04 30 38 30 33 00 04 00 37 41 02 00 6E
kigyo3.dat,2531,4,shift_jis,0903,00 00 00 00 00 00 00 04 30 39 30 33 00 00 00 62 40 02 00 A5
kigyo3.dat,2567,6,shift_jis,090515,6F 00 00 00 00 00 00 06 30 39 30 35 31 35 00 00 00 00 00 00 00 00
kigyo3.dat,2586,4,shift_jis,1003,00 00 00 00 00 00 00 04 31 30 30 33 00 00 00 72 39 02 00 84
kigyo3.dat,2622,6,shift_jis,110204,24 00 00 00 00 00 00 06 31 31 30 32 30 34 00 00 00 00 00 00 00 00
kigyo3.dat,2641,4,shift_jis,0503,00 00 00 00 00 00 00 04 30 35 30 33 00 04 00 3E 54 02 00 4C
kigyo3.dat,2696,4,shift_jis,0603,00 00 00 00 00 00 00 04 30 36 30 33 00 04 00 43 55 02 00 D3
kigyo3.dat,2751,4,shift_jis,0703,00 00 00 00 00 00 00 04 30 37 30 33 00 04 00 A0 65 02 00 E6
kigyo3.dat,2806,4,shift_jis,0803,00 00 00 00 00 00 00 04 30 38 30 33 00 04 00 37 41 02 00 6E
kigyo3.dat,2861,4,shift_jis,0903,00 00 00 00 00 00 00 04 30 39 30 33 00 00 00 62 40 02 00 A5
kigyo3.dat,2897,6,shift_jis,090515,6F 00 00 00 00 00 00 06 30 39 30 35 31 35 00 00 00 00 00 00 00 00
kigyo3.dat,2916,4,shift_jis,1003,00 00 00 00 00 00 00 04 31 30 30 33 00 00 00 72 39 02 00 84
kigyo3.dat,2952,6,shift_jis,110204,24 00 00 00 00 00 00 06 31 31 30 32 30 34 00 00 00 00 00 00 00 00
kigyo3.dat,2971,4,shift_jis,0503,00 00 00 00 00 00 00 04 30 35 30 33 00 04 00 3E 54 02 00 4C
kigyo3.dat,3026,4,shift_jis,0603,00 00 00 00 00 00 00 04 30 36 30 33 00 04 00 43 55 02 00 D3
kigyo3.dat,3081,4,shift_jis,0703,00 00 00 00 00 00 00 04 30 37 30 33 00 04 00 A0 65 02 00 E6
kigyo3.dat,3136,4,shift_jis,0803,00 00 00 00 00 00 00 04 30 38 30 33 00 04 00 37 41 02 00 6E
kigyo3.dat,3191,4,shift_jis,0903,00 00 00 00 00 00 00 04 30 39 30 33 00 00 00 62 40 02 00 A5
kigyo3.dat,3227,6,shift_jis,090515,6F 00 00 00 00 00 00 06 30 39 30 35 31 35 00 00 00 00 00 00 00 00
kigyo3.dat,3246,4,shift_jis,1003,00 00 00 00 00 00 00 04 31 30 30 33 00 00 00 72 39 02 00 84
kigyo3.dat,3282,6,shift_jis,110204,24 00 00 00 00 00 00 06 31 31 30 32 30 34 00 00 00 00 00 00 00 00
kigyo3.dat,3301,4,shift_jis,0503,00 00 00 00 00 00 00 04 30 35 30 33 00 04 00 3E 54 02 00 4C
kigyo3.dat,3356,4,shift_jis,0603,00 00 00 00 00 00 00 04 30 36 30 33 00 04 00 43 55 02 00 D3
kigyo3.dat,3411,4,shift_jis,0703,00 00 00 00 00 00 00 04 30 37 30 33 00 04 00 A0 65 02 00 E6
kigyo3.dat,3466,4,shift_jis,0803,00 00 00 00 00 00 00 04 30 38 30 33 00 04 00 37 41 02 00 6E
kigyo3.dat,3521,4,shift_jis,0903,00 00 00 00 00 00 00 04 30 39 30 33 00 00 00 62 40 02 00 A5
kigyo3.dat,3557,6,shift_jis,090515,6F 00 00 00 00 00 00 06 30 39 30 35 31 35 00 00 00 00 00 00 00 00
kigyo3.dat,3576,4,shift_jis,1003,00 00 00 00 00 00 00 04 31 30 30 33 00 00 00 72 39 02 00 84
kigyo3.dat,3612,6,shift_jis,110204,24 00 00 00 00 00 00 06 31 31 30 32 30 34 00 00 00 00 00 00 00 00
kigyo3.dat,3631,4,shift_jis,0503,00 00 00 00 00 00 00 04 30 35 30 33 00 04 00 2B 15 06 00 60
kigyo3.dat,3686,4,shift_jis,0603,00 00 00 00 00 00 00 04 30 36 30 33 00 04 00 52 4F 06 00 C1
kigyo3.dat,3741,4,shift_jis,0703,00 00 00 00 00 00 00 04 30 37 30 33 00 00 00 34 B8 04 00 67
kigyo3.dat,3777,6,shift_jis,090428,EF 00 00 00 00 00 00 06 30 39 30 34 32 38 00 00 00 00 00 00 00 00
kigyo3.dat,3796,4,shift_jis,0803,00 00 00 00 00 00 00 04 30 38 30 33 00 00 00 1C 2F 04 00 17
kigyo3.dat,3832,6,shift_jis,110201,23 00 00 00 00 00 00 06 31 31 30 32 30 31 00 00 00 00 00 00 00 00
kigyo3.dat,3851,4,shift_jis,0903,00 00 00 00 00 00 00 04 30 39 30 33 00 00 00 48 A7 04 00 13
kigyo3.dat,3906,4,shift_jis,1003,00 00 00 00 00 00 00 04 31 30 30 33 00 00 00 3F 97 04 00 9B
kigyo3.dat,3942,6,shift_jis,130205,14 00 00 00 00 00 00 06 31 33 30 32 30 35 00 00 00 00 00 00 00 00
kigyo3.dat,3961,4,shift_jis,0503,00 00 00 00 00 00 00 04 30 35 30 33 00 04 00 3E 54 02 00 4C
kigyo3.dat,4016,4,shift_jis,0603,00 00 00 00 00 00 00 04 30 36 30 33 00 04 00 43 55 02 00 D3
kigyo3.dat,4071,4,shift_jis,0703,00 00 00 00 00 00 00 04 30 37 30 33 00 04 00 A0 65 02 00 E6
kigyo3.dat,4126,4,shift_jis,0803,00 00 00 00 00 00 00 04 30 38 30 33 00 04 00 37 41 02 00 6E
kigyo3.dat,4181,4,shift_jis,0903,00 00 00 00 00 00 00 04 30 39 30 33 00 00 00 62 40 02 00 A5
kigyo3.dat,4217,6,shift_jis,090515,6F 00 00 00 00 00 00 06 30 39 30 35 31 35 00 00 00 00 00 00 00 00
kigyo3.dat,4236,4,shift_jis,1003,00 00 00 00 00 00 00 04 31 30 30 33 00 00 00 72 39 02 00 84
kigyo3.dat,4272,6,shift_jis,110204,24 00 00 00 00 00 00 06 31 31 30 32 30 34 00 00 00 00 00 00 00 00
kigyo3.dat,4291,4,shift_jis,0503,00 00 00 00 00 00 00 04 30 35 30 33 00 04 00 3E 54 02 00 4C
kigyo3.dat,4346,4,shift_jis,0603,00 00 00 00 00 00 00 04 30 36 30 33 00 04 00 43 55 02 00 D3
kigyo3.dat,4401,4,shift_jis,0703,00 00 00 00 00 00 00 04 30 37 30 33 00 04 00 A0 65 02 00 E6
kigyo3.dat,4456,4,shift_jis,0803,00 00 00 00 00 00 00 04 30 38 30 33 00 04 00 37 41 02 00 6E
kigyo3.dat,4511,4,shift_jis,0903,00 00 00 00 00 00 00 04 30 39 30 33 00 00 00 62 40 02 00 A5
kigyo3.dat,4547,6,shift_jis,090515,6F 00 00 00 00 00 00 06 30 39 30 35 31 35 00 00 00 00 00 00 00 00
kigyo3.dat,4566,4,shift_jis,1003,00 00 00 00 00 00 00 04 31 30 30 33 00 00 00 72 39 02 00 84
kigyo3.dat,4602,6,shift_jis,110204,24 00 00 00 00 00 00 06 31 31 30 32 30 34 00 00 00 00 00 00 00 00
kigyo3.dat,4621,4,shift_jis,0503,00 00 00 00 00 00 00 04 30 35 30 33 00 04 00 3E 54 02 00 4C
kigyo3.dat,4676,4,shift_jis,0603,00 00 00 00 00 00 00 04 30 36 30 33 00 04 00 43 55 02 00 D3
kigyo3.dat,4731,4,shift_jis,0703,00 00 00 00 00 00 00 04 30 37 30 33 00 04 00 A0 65 02 00 E6
kigyo3.dat,4786,4,shift_jis,0803,00 00 00 00 00 00 00 04 30 38 30 33 00 04 00 37 41 02 00 6E
kigyo3.dat,4841,4,shift_jis,0903,00 00 00 00 00 00 00 04 30 39 30 33 00 00 00 62 40 02 00 A5
kigyo3.dat,4877,6,shift_jis,090515,6F 00 00 00 00 00 00 06 30 39 30 35 31 35 00 00 00 00 00 00 00 00
kigyo3.dat,4896,4,shift_jis,1003,00 00 00 00 00 00 00 04 31 30 30 33 00 00 00 72 39 02 00 84
kigyo3.dat,4932,6,shift_jis,110204,24 00 00 00 00 00 00 06 31 31 30 32 30 34 00 00 00 00 00 00 00 00
kigyo3.dat,4951,4,shift_jis,0503,00 00 00 00 00 00 00 04 30 35 30 33 00 04 00 3E 54 02 00 4C
kigyo3.dat,5006,4,shift_jis,0603,00 00 00 00 00 00 00 04 30 36 30 33 00 04 00 43 55 02 00 D3
kigyo3.dat,5061,4,shift_jis,0703,00 00 00 00 00 00 00 04 30 37 30 33 00 04 00 A0 65 02 00 E6
kigyo3.dat,5116,4,shift_jis,0803,00 00 00 00 00 00 00 04 30 38 30 33 00 04 00 37 41 02 00 6E
kigyo3.dat,5171,4,shift_jis,0903,00 00 00 00 00 00 00 04 30 39 30 33 00 00 00 62 40 02 00 A5
kigyo3.dat,5207,6,shift_jis,090515,6F 00 00 00 00 00 00 06 30 39 30 35 31 35 00 00 00 00 00 00 00 00
kigyo3.dat,5226,4,shift_jis,1003,00 00 00 00 00 00 00 04 31 30 30 33 00 00 00 72 39 02 00 84
kigyo3.dat,5262,6,shift_jis,110204,24 00 00 00 00 00 00 06 31 31 30 32 30 34 00 00 00 00 00 00 00 00
kigyo3.dat,5281,4,shift_jis,0503,00 00 00 00 00 00 00 04 30 35 30 33 00 04 00 3E 54 02 00 4C
kigyo3.dat,5336,4,shift_jis,0603,00 00 00 00 00 00 00 04 30 36 30 33 00 04 00 43 55 02 00 D3
kigyo3.dat,5391,4,shift_jis,0703,00 00 00 00 00 00 00 04 30 37 30 33 00 04 00 A0 65 02 00 E6
kigyo3.dat,5446,4,shift_jis,0803,00 00 00 00 00 00 00 04 30 38 30 33 00 04 00 37 41 02 00 6E
kigyo3.dat,5501,4,shift_jis,0903,00 00 00 00 00 00 00 04 30 39 30 33 00 00 00 62 40 02 00 A5
kigyo3.dat,5537,6,shift_jis,090515,6F 00 00 00 00 00 00 06 30 39 30 35 31 35 00 00 00 00 00 00 00 00
kigyo3.dat,5556,4,shift_jis,1003,00 00 00 00 00 00 00 04 31 30 30 33 00 00 00 72 39 02 00 84
kigyo3.dat,5592,6,shift_jis,110204,24 00 00 00 00 00 00 06 31 31 30 32 30 34 00 00 00 00 00 00 00 00
kigyo3.dat,5611,4,shift_jis,0503,00 00 00 00 00 00 00 04 30 35 30 33 00 04 00 3E 54 02 00 4C
kigyo3.dat,661,4,ascii,0903,00 00 00 00 00 00 00 04 30 39 30 33 00 00 00 00 00 00 00 00
kigyo3.dat,716,4,ascii,1003,00 00 00 00 00 00 00 04 31 30 30 33 00 00 00 00 00 00 00 00
kigyo3.dat,771,4,ascii,1103,00 00 00 00 00 00 00 04 31 31 30 33 00 00 00 00 00 00 00 00
kigyo3.dat,826,4,ascii,1203,00 00 00 00 00 00 00 04 31 32 30 33 00 00 00 00 00 00 00 00
kigyo3.dat,881,4,ascii,1303,00 00 00 00 00 00 00 04 31 33 30 33 00 00 00 00 00 00 00 00
kigyo3.dat,936,4,ascii,1403,00 00 00 00 00 00 00 04 31 34 30 33 00 00 00 FB 2D 00 00 00
kigyo3.dat,972,6,ascii,130213,12 00 00 00 00 00 00 06 31 33 30 32 31 33 00 00 00 00 00 00 00 00
kigyo3.dat,991,4,ascii,1603,00 00 00 00 00 00 00 04 31 36 30 33 00 00 00 93 16 03 00 63
kigyo3.dat,1027,6,ascii,161104,62 00 00 00 00 00 00 06 31 36 31 31 30 34 00 00 00 00 00 00 00 00
kigyo3.dat,1046,4,ascii,1703,00 00 00 00 00 00 00 04 31 37 30 33 00 00 00 00 00 00 00 00
kigyo3.dat,1101,4,ascii,1803,00 00 00 00 00 00 00 04 31 38 30 33 00 00 00 00 00 00 00 00
kigyo3.dat,1156,4,ascii,1903,00 00 00 00 00 00 00 04 31 39 30 33 00 00 00 97 E8 03 00 F7
kigyo3.dat,1211,4,ascii,2003,00 00 00 00 00 00 00 04 32 30 30 33 00 00 00 77 01 04 00 66
kigyo3.dat,1266,4,ascii,2103,00 00 00 00 00 00 00 04 32 31 30 33 00 00 00 6D CD 03 00 31
kigyo3.dat,1321,4,ascii,0503,00 00 00 00 00 00 00 04 30 35 30 33 00 04 00 3E 54 02 00 4C
kigyo3.dat,1376,4,ascii,0603,00 00 00 00 00 00 00 04 30 36 30 33 00 04 00 43 55 02 00 D3
kigyo3.dat,1431,4,ascii,0703,00 00 00 00 00 00 00 04 30 37 30 33 00 04 00 A0 65 02 00 E6
kigyo3.dat,1486,4,ascii,0803,00 00 00 00 00 00 00 04 30 38 30 33 00 04 00 37 41 02 00 6E
kigyo3.dat,1541,4,ascii,0903,00 00 00 00 00 00 00 04 30 39 30 33 00 00 00 62 40 02 00 A5
kigyo3.dat,1577,6,ascii,090515,6F 00 00 00 00 00 00 06 30 39 30 35 31 35 00 00 00 00 00 00 00 00
kigyo3.dat,1596,4,ascii,1003,00 00 00 00 00 00 00 04 31 30 30 33 00 00 00 72 39 02 00 84
kigyo3.dat,1632,6,ascii,110204,24 00 00 00 00 00 00 06 31 31 30 32 30 34 00 00 00 00 00 00 00 00
kigyo3.dat,1651,4,ascii,0503,00 00 00 00 00 00 00 04 30 35 30 33 00 04 00 3E 54 02 00 4C
kigyo3.dat,1706,4,ascii,0603,00 00 00 00 00 00 00 04 30 36 30 33 00 04 00 43 55 02 00 D3
kigyo3.dat,1761,4,ascii,0703,00 00 00 00 00 00 00 04 30 37 30 33 00 04 00 A0 65 02 00 E6
kigyo3.dat,1816,4,ascii,0803,00 00 00 00 00 00 00 04 30 38 30 33 00 04 00 37 41 02 00 6E
kigyo3.dat,1871,4,ascii,0903,00 00 00 00 00 00 00 04 30 39 30 33 00 00 00 62 40 02 00 A5
kigyo3.dat,1907,6,ascii,090515,6F 00 00 00 00 00 00 06 30 39 30 35 31 35 00 00 00 00 00 00 00 00
kigyo3.dat,1926,4,ascii,1003,00 00 00 00 00 00 00 04 31 30 30 33 00 00 00 72 39 02 00 84
kigyo3.dat,1962,6,ascii,110204,24 00 00 00 00 00 00 06 31 31 30 32 30 34 00 00 00 00 00 00 00 00
kigyo3.dat,1981,4,ascii,0503,00 00 00 00 00 00 00 04 30 35 30 33 00 04 00 3E 54 02 00 4C
kigyo3.dat,2036,4,ascii,0603,00 00 00 00 00 00 00 04 30 36 30 33 00 04 00 43 55 02 00 D3
kigyo3.dat,2091,4,ascii,0703,00 00 00 00 00 00 00 04 30 37 30 33 00 04 00 A0 65 02 00 E6
kigyo3.dat,2146,4,ascii,0803,00 00 00 00 00 00 00 04 30 38 30 33 00 04 00 37 41 02 00 6E
kigyo3.dat,2201,4,ascii,0903,00 00 00 00 00 00 00 04 30 39 30 33 00 00 00 62 40 02 00 A5
kigyo3.dat,2237,6,ascii,090515,6F 00 00 00 00 00 00 06 30 39 30 35 31 35 00 00 00 00 00 00 00 00
kigyo3.dat,2256,4,ascii,1003,00 00 00 00 00 00 00 04 31 30 30 33 00 00 00 72 39 02 00 84
kigyo3.dat,2292,6,ascii,110204,24 00 00 00 00 00 00 06 31 31 30 32 30 34 00 00 00 00 00 00 00 00
kigyo3.dat,2311,4,ascii,0503,00 00 00 00 00 00 00 04 30 35 30 33 00 04 00 3E 54 02 00 4C
kigyo3.dat,2366,4,ascii,0603,00 00 00 00 00 00 00 04 30 36 30 33 00 04 00 43 55 02 00 D3
kigyo3.dat,2421,4,ascii,0703,00 00 00 00 00 00 00 04 30 37 30 33 00 04 00 A0 65 02 00 E6
kigyo3.dat,2476,4,ascii,0803,00 00 00 00 00 00 00 04 30 38 30 33 00 04 00 37 41 02 00 6E
kigyo3.dat,2531,4,ascii,0903,00 00 00 00 00 00 00 04 30 39 30 33 00 00 00 62 40 02 00 A5
kigyo3.dat,2567,6,ascii,090515,6F 00 00 00 00 00 00 06 30 39 30 35 31 35 00 00 00 00 00 00 00 00
kigyo3.dat,2586,4,ascii,1003,00 00 00 00 00 00 00 04 31 30 30 33 00 00 00 72 39 02 00 84
kigyo3.dat,2622,6,ascii,110204,24 00 00 00 00 00 00 06 31 31 30 32 30 34 00 00 00 00 00 00 00 00
kigyo3.dat,2641,4,ascii,0503,00 00 00 00 00 00 00 04 30 35 30 33 00 04 00 3E 54 02 00 4C
kigyo3.dat,2696,4,ascii,0603,00 00 00 00 00 00 00 04 30 36 30 33 00 04 00 43 55 02 00 D3
kigyo3.dat,2751,4,ascii,0703,00 00 00 00 00 00 00 04 30 37 30 33 00 04 00 A0 65 02 00 E6
kigyo3.dat,2806,4,ascii,0803,00 00 00 00 00 00 00 04 30 38 30 33 00 04 00 37 41 02 00 6E
kigyo3.dat,2861,4,ascii,0903,00 00 00 00 00 00 00 04 30 39 30 33 00 00 00 62 40 02 00 A5
kigyo3.dat,2897,6,ascii,090515,6F 00 00 00 00 00 00 06 30 39 30 35 31 35 00 00 00 00 00 00 00 00
kigyo3.dat,2916,4,ascii,1003,00 00 00 00 00 00 00 04 31 30 30 33 00 00 00 72 39 02 00 84
kigyo3.dat,2952,6,ascii,110204,24 00 00 00 00 00 00 06 31 31 30 32 30 34 00 00 00 00 00 00 00 00
kigyo3.dat,2971,4,ascii,0503,00 00 00 00 00 00 00 04 30 35 30 33 00 04 00 3E 54 02 00 4C
kigyo3.dat,3026,4,ascii,0603,00 00 00 00 00 00 00 04 30 36 30 33 00 04 00 43 55 02 00 D3
kigyo3.dat,3081,4,ascii,0703,00 00 00 00 00 00 00 04 30 37 30 33 00 04 00 A0 65 02 00 E6
kigyo3.dat,3136,4,ascii,0803,00 00 00 00 00 00 00 04 30 38 30 33 00 04 00 37 41 02 00 6E
kigyo3.dat,3191,4,ascii,0903,00 00 00 00 00 00 00 04 30 39 30 33 00 00 00 62 40 02 00 A5
kigyo3.dat,3227,6,ascii,090515,6F 00 00 00 00 00 00 06 30 39 30 35 31 35 00 00 00 00 00 00 00 00
kigyo3.dat,3246,4,ascii,1003,00 00 00 00 00 00 00 04 31 30 30 33 00 00 00 72 39 02 00 84
kigyo3.dat,3282,6,ascii,110204,24 00 00 00 00 00 00 06 31 31 30 32 30 34 00 00 00 00 00 00 00 00
kigyo3.dat,3301,4,ascii,0503,00 00 00 00 00 00 00 04 30 35 30 33 00 04 00 3E 54 02 00 4C
kigyo3.dat,3356,4,ascii,0603,00 00 00 00 00 00 00 04 30 36 30 33 00 04 00 43 55 02 00 D3
kigyo3.dat,3411,4,ascii,0703,00 00 00 00 00 00 00 04 30 37 30 33 00 04 00 A0 65 02 00 E6
kigyo3.dat,3466,4,ascii,0803,00 00 00 00 00 00 00 04 30 38 30 33 00 04 00 37 41 02 00 6E
kigyo3.dat,3521,4,ascii,0903,00 00 00 00 00 00 00 04 30 39 30 33 00 00 00 62 40 02 00 A5
kigyo3.dat,3557,6,ascii,090515,6F 00 00 00 00 00 00 06 30 39 30 35 31 35 00 00 00 00 00 00 00 00
kigyo3.dat,3576,4,ascii,1003,00 00 00 00 00 00 00 04 31 30 30 33 00 00 00 72 39 02 00 84
kigyo3.dat,3612,6,ascii,110204,24 00 00 00 00 00 00 06 31 31 30 32 30 34 00 00 00 00 00 00 00 00
kigyo3.dat,3631,4,ascii,0503,00 00 00 00 00 00 00 04 30 35 30 33 00 04 00 2B 15 06 00 60
kigyo3.dat,3686,4,ascii,0603,00 00 00 00 00 00 00 04 30 36 30 33 00 04 00 52 4F 06 00 C1
kigyo3.dat,3741,4,ascii,0703,00 00 00 00 00 00 00 04 30 37 30 33 00 00 00 34 B8 04 00 67
kigyo3.dat,3777,6,ascii,090428,EF 00 00 00 00 00 00 06 30 39 30 34 32 38 00 00 00 00 00 00 00 00
kigyo3.dat,3796,4,ascii,0803,00 00 00 00 00 00 00 04 30 38 30 33 00 00 00 1C 2F 04 00 17
kigyo3.dat,3832,6,ascii,110201,23 00 00 00 00 00 00 06 31 31 30 32 30 31 00 00 00 00 00 00 00 00
kigyo3.dat,3851,4,ascii,0903,00 00 00 00 00 00 00 04 30 39 30 33 00 00 00 48 A7 04 00 13
kigyo3.dat,3906,4,ascii,1003,00 00 00 00 00 00 00 04 31 30 30 33 00 00 00 3F 97 04 00 9B
kigyo3.dat,3942,6,ascii,130205,14 00 00 00 00 00 00 06 31 33 30 32 30 35 00 00 00 00 00 00 00 00
kigyo3.dat,3961,4,ascii,0503,00 00 00 00 00 00 00 04 30 35 30 33 00 04 00 3E 54 02 00 4C
kigyo3.dat,4016,4,ascii,0603,00 00 00 00 00 00 00 04 30 36 30 33 00 04 00 43 55 02 00 D3
kigyo3.dat,4071,4,ascii,0703,00 00 00 00 00 00 00 04 30 37 30 33 00 04 00 A0 65 02 00 E6
kigyo3.dat,4126,4,ascii,0803,00 00 00 00 00 00 00 04 30 38 30 33 00 04 00 37 41 02 00 6E
kigyo3.dat,4181,4,ascii,0903,00 00 00 00 00 00 00 04 30 39 30 33 00 00 00 62 40 02 00 A5
kigyo3.dat,4217,6,ascii,090515,6F 00 00 00 00 00 00 06 30 39 30 35 31 35 00 00 00 00 00 00 00 00
kigyo3.dat,4236,4,ascii,1003,00 00 00 00 00 00 00 04 31 30 30 33 00 00 00 72 39 02 00 84
kigyo3.dat,4272,6,ascii,110204,24 00 00 00 00 00 00 06 31 31 30 32 30 34 00 00 00 00 00 00 00 00
kigyo3.dat,4291,4,ascii,0503,00 00 00 00 00 00 00 04 30 35 30 33 00 04 00 3E 54 02 00 4C
kigyo3.dat,4346,4,ascii,0603,00 00 00 00 00 00 00 04 30 36 30 33 00 04 00 43 55 02 00 D3
kigyo3.dat,4401,4,ascii,0703,00 00 00 00 00 00 00 04 30 37 30 33 00 04 00 A0 65 02 00 E6
kigyo3.dat,4456,4,ascii,0803,00 00 00 00 00 00 00 04 30 38 30 33 00 04 00 37 41 02 00 6E
kigyo3.dat,4511,4,ascii,0903,00 00 00 00 00 00 00 04 30 39 30 33 00 00 00 62 40 02 00 A5
kigyo3.dat,4547,6,ascii,090515,6F 00 00 00 00 00 00 06 30 39 30 35 31 35 00 00 00 00 00 00 00 00
kigyo3.dat,4566,4,ascii,1003,00 00 00 00 00 00 00 04 31 30 30 33 00 00 00 72 39 02 00 84
kigyo3.dat,4602,6,ascii,110204,24 00 00 00 00 00 00 06 31 31 30 32 30 34 00 00 00 00 00 00 00 00
kigyo3.dat,4621,4,ascii,0503,00 00 00 00 00 00 00 04 30 35 30 33 00 04 00 3E 54 02 00 4C
kigyo3.dat,4676,4,ascii,0603,00 00 00 00 00 00 00 04 30 36 30 33 00 04 00 43 55 02 00 D3
kigyo3.dat,4731,4,ascii,0703,00 00 00 00 00 00 00 04 30 37 30 33 00 04 00 A0 65 02 00 E6
kigyo3.dat,4786,4,ascii,0803,00 00 00 00 00 00 00 04 30 38 30 33 00 04 00 37 41 02 00 6E
kigyo3.dat,4841,4,ascii,0903,00 00 00 00 00 00 00 04 30 39 30 33 00 00 00 62 40 02 00 A5
kigyo3.dat,4877,6,ascii,090515,6F 00 00 00 00 00 00 06 30 39 30 35 31 35 00 00 00 00 00 00 00 00
kigyo3.dat,4896,4,ascii,1003,00 00 00 00 00 00 00 04 31 30 30 33 00 00 00 72 39 02 00 84
kigyo3.dat,4932,6,ascii,110204,24 00 00 00 00 00 00 06 31 31 30 32 30 34 00 00 00 00 00 00 00 00
kigyo3.dat,4951,4,ascii,0503,00 00 00 00 00 00 00 04 30 35 30 33 00 04 00 3E 54 02 00 4C
kigyo3.dat,5006,4,ascii,0603,00 00 00 00 00 00 00 04 30 36 30 33 00 04 00 43 55 02 00 D3
kigyo3.dat,5061,4,ascii,0703,00 00 00 00 00 00 00 04 30 37 30 33 00 04 00 A0 65 02 00 E6
kigyo3.dat,5116,4,ascii,0803,00 00 00 00 00 00 00 04 30 38 30 33 00 04 00 37 41 02 00 6E
kigyo3.dat,5171,4,ascii,0903,00 00 00 00 00 00 00 04 30 39 30 33 00 00 00 62 40 02 00 A5
kigyo3.dat,5207,6,ascii,090515,6F 00 00 00 00 00 00 06 30 39 30 35 31 35 00 00 00 00 00 00 00 00
kigyo3.dat,5226,4,ascii,1003,00 00 00 00 00 00 00 04 31 30 30 33 00 00 00 72 39 02 00 84
kigyo3.dat,5262,6,ascii,110204,24 00 00 00 00 00 00 06 31 31 30 32 30 34 00 00 00 00 00 00 00 00
kigyo3.dat,5281,4,ascii,0503,00 00 00 00 00 00 00 04 30 35 30 33 00 04 00 3E 54 02 00 4C
kigyo3.dat,5336,4,ascii,0603,00 00 00 00 00 00 00 04 30 36 30 33 00 04 00 43 55 02 00 D3
kigyo3.dat,5391,4,ascii,0703,00 00 00 00 00 00 00 04 30 37 30 33 00 04 00 A0 65 02 00 E6
kigyo3.dat,5446,4,ascii,0803,00 00 00 00 00 00 00 04 30 38 30 33 00 04 00 37 41 02 00 6E
kigyo3.dat,5501,4,ascii,0903,00 00 00 00 00 00 00 04 30 39 30 33 00 00 00 62 40 02 00 A5
kigyo3.dat,5537,6,ascii,090515,6F 00 00 00 00 00 00 06 30 39 30 35 31 35 00 00 00 00 00 00 00 00
kigyo3.dat,5556,4,ascii,1003,00 00 00 00 00 00 00 04 31 30 30 33 00 00 00 72 39 02 00 84
kigyo3.dat,5592,6,ascii,110204,24 00 00 00 00 00 00 06 31 31 30 32 30 34 00 00 00 00 00 00 00 00
kigyo3.dat,5611,4,ascii,0503,00 00 00 00 00 00 00 04 30 35 30 33 00 04 00 3E 54 02 00 4C
kigyo3.dat,661,4,utf-8,0903,00 00 00 00 00 00 00 04 30 39 30 33 00 00 00 00 00 00 00 00
kigyo3.dat,716,4,utf-8,1003,00 00 00 00 00 00 00 04 31 30 30 33 00 00 00 00 00 00 00 00
kigyo3.dat,771,4,utf-8,1103,00 00 00 00 00 00 00 04 31 31 30 33 00 00 00 00 00 00 00 00
kigyo3.dat,826,4,utf-8,1203,00 00 00 00 00 00 00 04 31 32 30 33 00 00 00 00 00 00 00 00
kigyo3.dat,881,4,utf-8,1303,00 00 00 00 00 00 00 04 31 33 30 33 00 00 00 00 00 00 00 00
kigyo3.dat,936,4,utf-8,1403,00 00 00 00 00 00 00 04 31 34 30 33 00 00 00 FB 2D 00 00 00
kigyo3.dat,972,6,utf-8,130213,12 00 00 00 00 00 00 06 31 33 30 32 31 33 00 00 00 00 00 00 00 00
kigyo3.dat,991,4,utf-8,1603,00 00 00 00 00 00 00 04 31 36 30 33 00 00 00 93 16 03 00 63
kigyo3.dat,1027,6,utf-8,161104,62 00 00 00 00 00 00 06 31 36 31 31 30 34 00 00 00 00 00 00 00 00
kigyo3.dat,1046,4,utf-8,1703,00 00 00 00 00 00 00 04 31 37 30 33 00 00 00 00 00 00 00 00
kigyo3.dat,1101,4,utf-8,1803,00 00 00 00 00 00 00 04 31 38 30 33 00 00 00 00 00 00 00 00
kigyo3.dat,1156,4,utf-8,1903,00 00 00 00 00 00 00 04 31 39 30 33 00 00 00 97 E8 03 00 F7
kigyo3.dat,1211,4,utf-8,2003,00 00 00 00 00 00 00 04 32 30 30 33 00 00 00 77 01 04 00 66
kigyo3.dat,1266,4,utf-8,2103,00 00 00 00 00 00 00 04 32 31 30 33 00 00 00 6D CD 03 00 31
kigyo3.dat,1321,4,utf-8,0503,00 00 00 00 00 00 00 04 30 35 30 33 00 04 00 3E 54 02 00 4C
kigyo3.dat,1376,4,utf-8,0603,00 00 00 00 00 00 00 04 30 36 30 33 00 04 00 43 55 02 00 D3
kigyo3.dat,1431,4,utf-8,0703,00 00 00 00 00 00 00 04 30 37 30 33 00 04 00 A0 65 02 00 E6
kigyo3.dat,1486,4,utf-8,0803,00 00 00 00 00 00 00 04 30 38 30 33 00 04 00 37 41 02 00 6E
kigyo3.dat,1541,4,utf-8,0903,00 00 00 00 00 00 00 04 30 39 30 33 00 00 00 62 40 02 00 A5
kigyo3.dat,1577,6,utf-8,090515,6F 00 00 00 00 00 00 06 30 39 30 35 31 35 00 00 00 00 00 00 00 00
kigyo3.dat,1596,4,utf-8,1003,00 00 00 00 00 00 00 04 31 30 30 33 00 00 00 72 39 02 00 84
kigyo3.dat,1632,6,utf-8,110204,24 00 00 00 00 00 00 06 31 31 30 32 30 34 00 00 00 00 00 00 00 00
kigyo3.dat,1651,4,utf-8,0503,00 00 00 00 00 00 00 04 30 35 30 33 00 04 00 3E 54 02 00 4C
kigyo3.dat,1706,4,utf-8,0603,00 00 00 00 00 00 00 04 30 36 30 33 00 04 00 43 55 02 00 D3
kigyo3.dat,1761,4,utf-8,0703,00 00 00 00 00 00 00 04 30 37 30 33 00 04 00 A0 65 02 00 E6
kigyo3.dat,1816,4,utf-8,0803,00 00 00 00 00 00 00 04 30 38 30 33 00 04 00 37 41 02 00 6E
kigyo3.dat,1871,4,utf-8,0903,00 00 00 00 00 00 00 04 30 39 30 33 00 00 00 62 40 02 00 A5
kigyo3.dat,1907,6,utf-8,090515,6F 00 00 00 00 00 00 06 30 39 30 35 31 35 00 00 00 00 00 00 00 00
kigyo3.dat,1926,4,utf-8,1003,00 00 00 00 00 00 00 04 31 30 30 33 00 00 00 72 39 02 00 84
kigyo3.dat,1962,6,utf-8,110204,24 00 00 00 00 00 00 06 31 31 30 32 30 34 00 00 00 00 00 00 00 00
kigyo3.dat,1981,4,utf-8,0503,00 00 00 00 00 00 00 04 30 35 30 33 00 04 00 3E 54 02 00 4C
kigyo3.dat,2036,4,utf-8,0603,00 00 00 00 00 00 00 04 30 36 30 33 00 04 00 43 55 02 00 D3
kigyo3.dat,2091,4,utf-8,0703,00 00 00 00 00 00 00 04 30 37 30 33 00 04 00 A0 65 02 00 E6
kigyo3.dat,2146,4,utf-8,0803,00 00 00 00 00 00 00 04 30 38 30 33 00 04 00 37 41 02 00 6E
kigyo3.dat,2201,4,utf-8,0903,00 00 00 00 00 00 00 04 30 39 30 33 00 00 00 62 40 02 00 A5
kigyo3.dat,2237,6,utf-8,090515,6F 00 00 00 00 00 00 06 30 39 30 35 31 35 00 00 00 00 00 00 00 00
kigyo3.dat,2256,4,utf-8,1003,00 00 00 00 00 00 00 04 31 30 30 33 00 00 00 72 39 02 00 84
kigyo3.dat,2292,6,utf-8,110204,24 00 00 00 00 00 00 06 31 31 30 32 30 34 00 00 00 00 00 00 00 00
kigyo3.dat,2311,4,utf-8,0503,00 00 00 00 00 00 00 04 30 35 30 33 00 04 00 3E 54 02 00 4C
kigyo3.dat,2366,4,utf-8,0603,00 00 00 00 00 00 00 04 30 36 30 33 00 04 00 43 55 02 00 D3
kigyo3.dat,2421,4,utf-8,0703,00 00 00 00 00 00 00 04 30 37 30 33 00 04 00 A0 65 02 00 E6
kigyo3.dat,2476,4,utf-8,0803,00 00 00 00 00 00 00 04 30 38 30 33 00 04 00 37 41 02 00 6E
kigyo3.dat,2531,4,utf-8,0903,00 00 00 00 00 00 00 04 30 39 30 33 00 00 00 62 40 02 00 A5
kigyo3.dat,2567,6,utf-8,090515,6F 00 00 00 00 00 00 06 30 39 30 35 31 35 00 00 00 00 00 00 00 00
kigyo3.dat,2586,4,utf-8,1003,00 00 00 00 00 00 00 04 31 30 30 33 00 00 00 72 39 02 00 84
kigyo3.dat,2622,6,utf-8,110204,24 00 00 00 00 00 00 06 31 31 30 32 30 34 00 00 00 00 00 00 00 00
kigyo3.dat,2641,4,utf-8,0503,00 00 00 00 00 00 00 04 30 35 30 33 00 04 00 3E 54 02 00 4C
kigyo3.dat,2696,4,utf-8,0603,00 00 00 00 00 00 00 04 30 36 30 33 00 04 00 43 55 02 00 D3
kigyo3.dat,2751,4,utf-8,0703,00 00 00 00 00 00 00 04 30 37 30 33 00 04 00 A0 65 02 00 E6
kigyo3.dat,2806,4,utf-8,0803,00 00 00 00 00 00 00 04 30 38 30 33 00 04 00 37 41 02 00 6E
kigyo3.dat,2861,4,utf-8,0903,00 00 00 00 00 00 00 04 30 39 30 33 00 00 00 62 40 02 00 A5
kigyo3.dat,2897,6,utf-8,090515,6F 00 00 00 00 00 00 06 30 39 30 35 31 35 00 00 00 00 00 00 00 00
kigyo3.dat,2916,4,utf-8,1003,00 00 00 00 00 00 00 04 31 30 30 33 00 00 00 72 39 02 00 84
kigyo3.dat,2952,6,utf-8,110204,24 00 00 00 00 00 00 06 31 31 30 32 30 34 00 00 00 00 00 00 00 00
kigyo3.dat,2971,4,utf-8,0503,00 00 00 00 00 00 00 04 30 35 30 33 00 04 00 3E 54 02 00 4C
kigyo3.dat,3026,4,utf-8,0603,00 00 00 00 00 00 00 04 30 36 30 33 00 04 00 43 55 02 00 D3
kigyo3.dat,3081,4,utf-8,0703,00 00 00 00 00 00 00 04 30 37 30 33 00 04 00 A0 65 02 00 E6
kigyo3.dat,3136,4,utf-8,0803,00 00 00 00 00 00 00 04 30 38 30 33 00 04 00 37 41 02 00 6E
kigyo3.dat,3191,4,utf-8,0903,00 00 00 00 00 00 00 04 30 39 30 33 00 00 00 62 40 02 00 A5
kigyo3.dat,3227,6,utf-8,090515,6F 00 00 00 00 00 00 06 30 39 30 35 31 35 00 00 00 00 00 00 00 00
kigyo3.dat,3246,4,utf-8,1003,00 00 00 00 00 00 00 04 31 30 30 33 00 00 00 72 39 02 00 84
kigyo3.dat,3282,6,utf-8,110204,24 00 00 00 00 00 00 06 31 31 30 32 30 34 00 00 00 00 00 00 00 00
kigyo3.dat,3301,4,utf-8,0503,00 00 00 00 00 00 00 04 30 35 30 33 00 04 00 3E 54 02 00 4C
kigyo3.dat,3356,4,utf-8,0603,00 00 00 00 00 00 00 04 30 36 30 33 00 04 00 43 55 02 00 D3
kigyo3.dat,3411,4,utf-8,0703,00 00 00 00 00 00 00 04 30 37 30 33 00 04 00 A0 65 02 00 E6
kigyo3.dat,3466,4,utf-8,0803,00 00 00 00 00 00 00 04 30 38 30 33 00 04 00 37 41 02 00 6E
kigyo3.dat,3521,4,utf-8,0903,00 00 00 00 00 00 00 04 30 39 30 33 00 00 00 62 40 02 00 A5
kigyo3.dat,3557,6,utf-8,090515,6F 00 00 00 00 00 00 06 30 39 30 35 31 35 00 00 00 00 00 00 00 00
kigyo3.dat,3576,4,utf-8,1003,00 00 00 00 00 00 00 04 31 30 30 33 00 00 00 72 39 02 00 84
kigyo3.dat,3612,6,utf-8,110204,24 00 00 00 00 00 00 06 31 31 30 32 30 34 00 00 00 00 00 00 00 00
kigyo3.dat,3631,4,utf-8,0503,00 00 00 00 00 00 00 04 30 35 30 33 00 04 00 2B 15 06 00 60
kigyo3.dat,3686,4,utf-8,0603,00 00 00 00 00 00 00 04 30 36 30 33 00 04 00 52 4F 06 00 C1
kigyo3.dat,3741,4,utf-8,0703,00 00 00 00 00 00 00 04 30 37 30 33 00 00 00 34 B8 04 00 67
kigyo3.dat,3777,6,utf-8,090428,EF 00 00 00 00 00 00 06 30 39 30 34 32 38 00 00 00 00 00 00 00 00
kigyo3.dat,3796,4,utf-8,0803,00 00 00 00 00 00 00 04 30 38 30 33 00 00 00 1C 2F 04 00 17
kigyo3.dat,3832,6,utf-8,110201,23 00 00 00 00 00 00 06 31 31 30 32 30 31 00 00 00 00 00 00 00 00
kigyo3.dat,3851,4,utf-8,0903,00 00 00 00 00 00 00 04 30 39 30 33 00 00 00 48 A7 04 00 13
kigyo3.dat,3906,4,utf-8,1003,00 00 00 00 00 00 00 04 31 30 30 33 00 00 00 3F 97 04 00 9B
kigyo3.dat,3942,6,utf-8,130205,14 00 00 00 00 00 00 06 31 33 30 32 30 35 00 00 00 00 00 00 00 00
kigyo3.dat,3961,4,utf-8,0503,00 00 00 00 00 00 00 04 30 35 30 33 00 04 00 3E 54 02 00 4C
kigyo3.dat,4016,4,utf-8,0603,00 00 00 00 00 00 00 04 30 36 30 33 00 04 00 43 55 02 00 D3
kigyo3.dat,4071,4,utf-8,0703,00 00 00 00 00 00 00 04 30 37 30 33 00 04 00 A0 65 02 00 E6
kigyo3.dat,4126,4,utf-8,0803,00 00 00 00 00 00 00 04 30 38 30 33 00 04 00 37 41 02 00 6E
kigyo3.dat,4181,4,utf-8,0903,00 00 00 00 00 00 00 04 30 39 30 33 00 00 00 62 40 02 00 A5
kigyo3.dat,4217,6,utf-8,090515,6F 00 00 00 00 00 00 06 30 39 30 35 31 35 00 00 00 00 00 00 00 00
kigyo3.dat,4236,4,utf-8,1003,00 00 00 00 00 00 00 04 31 30 30 33 00 00 00 72 39 02 00 84
kigyo3.dat,4272,6,utf-8,110204,24 00 00 00 00 00 00 06 31 31 30 32 30 34 00 00 00 00 00 00 00 00
kigyo3.dat,4291,4,utf-8,0503,00 00 00 00 00 00 00 04 30 35 30 33 00 04 00 3E 54 02 00 4C
kigyo3.dat,4346,4,utf-8,0603,00 00 00 00 00 00 00 04 30 36 30 33 00 04 00 43 55 02 00 D3
kigyo3.dat,4401,4,utf-8,0703,00 00 00 00 00 00 00 04 30 37 30 33 00 04 00 A0 65 02 00 E6
kigyo3.dat,4456,4,utf-8,0803,00 00 00 00 00 00 00 04 30 38 30 33 00 04 00 37 41 02 00 6E
kigyo3.dat,4511,4,utf-8,0903,00 00 00 00 00 00 00 04 30 39 30 33 00 00 00 62 40 02 00 A5
kigyo3.dat,4547,6,utf-8,090515,6F 00 00 00 00 00 00 06 30 39 30 35 31 35 00 00 00 00 00 00 00 00
kigyo3.dat,4566,4,utf-8,1003,00 00 00 00 00 00 00 04 31 30 30 33 00 00 00 72 39 02 00 84
kigyo3.dat,4602,6,utf-8,110204,24 00 00 00 00 00 00 06 31 31 30 32 30 34 00 00 00 00 00 00 00 00
kigyo3.dat,4621,4,utf-8,0503,00 00 00 00 00 00 00 04 30 35 30 33 00 04 00 3E 54 02 00 4C
kigyo3.dat,4676,4,utf-8,0603,00 00 00 00 00 00 00 04 30 36 30 33 00 04 00 43 55 02 00 D3
kigyo3.dat,4731,4,utf-8,0703,00 00 00 00 00 00 00 04 30 37 30 33 00 04 00 A0 65 02 00 E6
kigyo3.dat,4786,4,utf-8,0803,00 00 00 00 00 00 00 04 30 38 30 33 00 04 00 37 41 02 00 6E
kigyo3.dat,4841,4,utf-8,0903,00 00 00 00 00 00 00 04 30 39 30 33 00 00 00 62 40 02 00 A5
kigyo3.dat,4877,6,utf-8,090515,6F 00 00 00 00 00 00 06 30 39 30 35 31 35 00 00 00 00 00 00 00 00
kigyo3.dat,4896,4,utf-8,1003,00 00 00 00 00 00 00 04 31 30 30 33 00 00 00 72 39 02 00 84
kigyo3.dat,4932,6,utf-8,110204,24 00 00 00 00 00 00 06 31 31 30 32 30 34 00 00 00 00 00 00 00 00
kigyo3.dat,4951,4,utf-8,0503,00 00 00 00 00 00 00 04 30 35 30 33 00 04 00 3E 54 02 00 4C
kigyo3.dat,5006,4,utf-8,0603,00 00 00 00 00 00 00 04 30 36 30 33 00 04 00 43 55 02 00 D3
kigyo3.dat,5061,4,utf-8,0703,00 00 00 00 00 00 00 04 30 37 30 33 00 04 00 A0 65 02 00 E6
kigyo3.dat,5116,4,utf-8,0803,00 00 00 00 00 00 00 04 30 38 30 33 00 04 00 37 41 02 00 6E
kigyo3.dat,5171,4,utf-8,0903,00 00 00 00 00 00 00 04 30 39 30 33 00 00 00 62 40 02 00 A5
kigyo3.dat,5207,6,utf-8,090515,6F 00 00 00 00 00 00 06 30 39 30 35 31 35 00 00 00 00 00 00 00 00
kigyo3.dat,5226,4,utf-8,1003,00 00 00 00 00 00 00 04 31 30 30 33 00 00 00 72 39 02 00 84
kigyo3.dat,5262,6,utf-8,110204,24 00 00 00 00 00 00 06 31 31 30 32 30 34 00 00 00 00 00 00 00 00
kigyo3.dat,5281,4,utf-8,0503,00 00 00 00 00 00 00 04 30 35 30 33 00 04 00 3E 54 02 00 4C
kigyo3.dat,5336,4,utf-8,0603,00 00 00 00 00 00 00 04 30 36 30 33 00 04 00 43 55 02 00 D3
kigyo3.dat,5391,4,utf-8,0703,00 00 00 00 00 00 00 04 30 37 30 33 00 04 00 A0 65 02 00 E6
kigyo3.dat,5446,4,utf-8,0803,00 00 00 00 00 00 00 04 30 38 30 33 00 04 00 37 41 02 00 6E
kigyo3.dat,5501,4,utf-8,0903,00 00 00 00 00 00 00 04 30 39 30 33 00 00 00 62 40 02 00 A5
kigyo3.dat,5537,6,utf-8,090515,6F 00 00 00 00 00 00 06 30 39 30 35 31 35 00 00 00 00 00 00 00 00
kigyo3.dat,5556,4,utf-8,1003,00 00 00 00 00 00 00 04 31 30 30 33 00 00 00 72 39 02 00 84
kigyo3.dat,5592,6,utf-8,110204,24 00 00 00 00 00 00 06 31 31 30 32 30 34 00 00 00 00 00 00 00 00
kigyo3.dat,5611,4,utf-8,0503,00 00 00 00 00 00 00 04 30 35 30 33 00 04 00 3E 54 02 00 4C
Zaimu.dat,9819,9,cp932,2018年3月,00 00 00 00 00 00 00 09 32 30 31 38 94 4E 33 8C 8E 00 00 32 30 31 31 94 4E
Zaimu.dat,9830,10,cp932,2011年09月,38 94 4E 33 8C 8E 00 00 32 30 31 31 94 4E 30 39 8C 8E 09 32 30 31 37 94 4E 33
Zaimu.dat,9841,9,cp932,2017年3月,31 94 4E 30 39 8C 8E 09 32 30 31 37 94 4E 33 8C 8E 00 09 32 30 31 36 94 4E
Zaimu.dat,9852,9,cp932,2016年3月,37 94 4E 33 8C 8E 00 09 32 30 31 36 94 4E 33 8C 8E 00 00 00 00 00 00 00 00
Zaimu.dat,9874,10,cp932,連結本決算,00 00 00 00 00 00 00 0A 98 41 8C 8B 96 7B 8C 88 8E 5A 0A 98 41 8C 8B 92 86 8A
Zaimu.dat,9885,10,cp932,連結中間決,8B 96 7B 8C 88 8E 5A 0A 98 41 8C 8B 92 86 8A D4 8C 88 0A 98 41 8C 8B 96 7B 8C
Zaimu.dat,9896,10,cp932,連結本決算,8B 92 86 8A D4 8C 88 0A 98 41 8C 8B 96 7B 8C 88 8E 5A 0A 98 41 8C 8B 96 7B 8C
Zaimu.dat,9907,10,cp932,連結本決算,8B 96 7B 8C 88 8E 5A 0A 98 41 8C 8B 96 7B 8C 88 8E 5A 00 00 00 00 00 00 00 00
Zaimu.dat,9929,110,cp932,-nネックス｜【特色】ハネックス、日本ゼニスパイプ、羽田コンクリート工業が統合。１８年１０月にホクコンと経営統合,00 00 00 00 00 00 00 01 2D 6E 83 6C 83 62 83 4E 83 58 81 62 81 79 93 C1 90 46 81 7A 83 6E 83 6C 83 62 83 4E 83 58 81 41 93 FA 96 7B 83 5B 83 6A 83 58 83 70 83 43 83 76 81 41 89 48 93 63 83 52 83 93 83 4E 83 8A 81 5B 83 67 8D 48 8B C6 82 AA 93 9D 8D 87 81 42 82 50 82 57 94 4E 82 50 82 4F 8C 8E 82 C9 83 7A 83 4E 83 52 83 93 82 C6 8C 6F 89 63 93 9D 8D 87 00 00 00 00 00 00 00 00
Zaimu.dat,10050,31,cp932,http://www.zenith-haneda.co.jp/,00 00 00 00 00 00 00 1F 68 74 74 70 3A 2F 2F 77 77 77 2E 7A 65 6E 69 74 68 2D 68 61 6E 65 64 61 2E 63 6F 2E 6A 70 2F 00 00 00 00 00 00 00 00
Zaimu.dat,10101,10,cp932,2011年4月1,00 00 00 00 00 00 00 0C 32 30 31 31 94 4E 34 8C 8E 31 93 0C 32 30 31 31 94 4E
Zaimu.dat,10113,19,cp932,2011年4月1日ﾘ2部月j,94 4E 34 8C 8E 31 93 0C 32 30 31 31 94 4E 34 8C 8E 31 93 FA D8 32 95 94 8C 8E 6A 00 10 93 8C 8F D8 83 58
Zaimu.dat,10134,16,cp932,東証スタンダード,32 95 94 8C 8E 6A 00 10 93 8C 8F D8 83 58 83 5E 83 93 83 5F 81 5B 83 68 00 00 10 83 4B 83 89 83
Zaimu.dat,10153,10,cp932,ガラス・土,5F 81 5B 83 68 00 00 10 83 4B 83 89 83 58 81 45 93 79 90 10 83 4B 83 89 83 58
Zaimu.dat,10165,17,cp932,ガラス・土石製品ﾍ,83 58 81 45 93 79 90 10 83 4B 83 89 83 58 81 45 93 79 90 CE 90 BB 95 69 CD 01 00 00 64 00 00 00 66
Zaimu.dat,10413,5,cp932,ﾂU@@=,00 00 00 00 00 00 00 00 C2 55 40 40 3D 0A D7 A3 00 00 00 00 00
Zaimu.dat,10437,8,cp932,ｮCw@ﾍﾌﾌﾌ,00 00 00 00 00 00 00 00 AE 43 77 40 CD CC CC CC 00 00 00 00 00 00 00 00
Zaimu.dat,10681,8,cp932,fffff襪@,00 00 00 00 00 00 00 00 66 66 66 66 66 E6 43 40 00 00 00 00 00 00 00 00
Zaimu.dat,10773,4,cp932,(ﾜ$@,00 00 00 00 00 00 00 00 28 DC 24 40 0A D7 A3 70 00 00 00 00
Zaimu.dat,11033,8,cp932,)\渉\@,00 00 00 00 00 00 00 00 29 5C 8F C2 F5 68 5C 40 00 00 00 00 00 00 00 00
Zaimu.dat,11051,7,cp932,ｮG睫[@{,00 00 00 00 00 00 7B 14 AE 47 E1 CA 5B 40 7B 14 AE 47 E1 FA 5B 40 00
Zaimu.dat,11059,6,cp932,ｮG磅[@,AE 47 E1 CA 5B 40 7B 14 AE 47 E1 FA 5B 40 00 00 00 00 00 00 00 00
Zaimu.dat,11353,8,cp932,fffff覩@,00 00 00 00 00 00 00 00 66 66 66 66 66 E6 4E 40 00 00 00 00 00 00 00 00
Zaimu.dat,11369,16,cp932,ﾍﾌﾌﾌﾌﾌO@囮劔兀P@,00 00 00 00 00 00 00 00 CD CC CC CC CC CC 4F 40 9A 99 99 99 99 59 50 40 00 00 00 00 00 00 00 00
Zaimu.dat,11433,4,cp932,ﾗ｣p=,00 00 00 00 00 00 00 00 D7 A3 70 3D 0A D7 18 40 00 00 00 00
Zaimu.dat,11449,4,cp932,ﾗ｣p=,00 00 00 00 00 00 00 00 D7 A3 70 3D 0A D7 11 40 3D 0A D7 A3
Zaimu.dat,11459,4,cp932,ﾗ｣p=,70 3D 0A D7 11 40 3D 0A D7 A3 70 3D 10 40 00 00 00 00 00 00
Zaimu.dat,11994,10,cp932,2016/08/10,00 00 00 00 00 00 00 0A 32 30 31 36 2F 30 38 2F 31 30 00 00 00 00 00 00 00 00
Zaimu.dat,12238,10,cp932,2011/03/31,00 00 00 00 00 00 00 0A 32 30 31 31 2F 30 33 2F 33 31 00 00 00 00 00 00 00 00
Zaimu.dat,12293,4,cp932,2011,00 00 00 00 00 00 00 04 32 30 31 31 00 00 00 00 00 00 00 00
Zaimu.dat,14683,8,cp932,結本決算,00 00 00 00 04 00 00 00 8C 8B 96 7B 8C 88 8E 5A 0A 98 41 8C 8B 92 86 8A
Zaimu.dat,14692,10,cp932,連結中間決,8B 96 7B 8C 88 8E 5A 0A 98 41 8C 8B 92 86 8A D4 8C 88 0A 98 41 8C 8B 96 7B 8C
Zaimu.dat,14703,10,cp932,連結本決算,8B 92 86 8A D4 8C 88 0A 98 41 8C 8B 96 7B 8C 88 8E 5A 0A 98 41 8C 8B 96 7B 8C
Zaimu.dat,14714,8,cp932,連結本決,8B 96 7B 8C 88 8E 5A 0A 98 41 8C 8B 96 7B 8C 88 8E 0A 32 30 32 35 94 4E
Zaimu.dat,14724,10,cp932,2025年03月,8C 8B 96 7B 8C 88 8E 0A 32 30 32 35 94 4E 30 33 8C 8E 00 56 96 BC 8C C3 89 AE
Zaimu.dat,14735,9,cp932,V名古屋地,35 94 4E 30 33 8C 8E 00 56 96 BC 8C C3 89 AE 92 6E 94 0A 32 30 32 34 94 4E
Zaimu.dat,14746,10,cp932,2024年03月,8C C3 89 AE 92 6E 94 0A 32 30 32 34 94 4E 30 33 8C 8E 0A 32 30 32 33 94 4E 30
Zaimu.dat,14757,10,cp932,2023年03月,34 94 4E 30 33 8C 8E 0A 32 30 32 33 94 4E 30 33 8C 8E 0A 32 30 32 32 94 4E 30
Zaimu.dat,14768,54,cp932,2022年03月土木、建築に拡大。関東、九州に地場子会社持つ,33 94 4E 30 33 8C 8E 0A 32 30 32 32 94 4E 30 33 8C 8E 93 79 96 D8 81 41 8C 9A 92 7A 82 C9 8A 67 91 E5 81 42 8A D6 93 8C 81 41 8B E3 8F 42 82 C9 92 6E 8F EA 8E 71 89 EF 8E D0 8E 9D 82 C2 00 00 00 00 00 00 00 00
Zaimu.dat,14955,26,cp932,https://www.kyokuyo.co.jp/,8C E8 BB B8 E3 80 82 1A 68 74 74 70 73 3A 2F 2F 77 77 77 2E 6B 79 6F 6B 75 79 6F 2E 63 6F 2E 6A 70 2F 00 00 00 83 01 00 00 FF
Zaimu.dat,15006,13,cp932,1949年5月25日,6A 00 00 00 00 00 50 09 31 39 34 39 94 4E 35 8C 8E 32 35 93 FA 00 80 97 EA 40 00 00 0C
Zaimu.dat,15027,22,cp932,東証プライム1949蟷ｴ5譛,00 80 97 EA 40 00 00 0C 93 8C 8F D8 83 76 83 89 83 43 83 80 31 39 34 39 E5 B9 B4 35 E6 9C 88 2C 31 30 30 00 00 00
Zaimu.dat,15050,4,cp932,",100",39 E5 B9 B4 35 E6 9C 88 2C 31 30 30 00 00 00 0C 90 85 8E 59
Zaimu.dat,15058,17,cp932,水産・農林業繧､繝,2C 31 30 30 00 00 00 0C 90 85 8E 59 81 45 94 5F 97 D1 8B C6 E3 82 A4 E3 83 A0 00 00 64 00 00 00 DE
Zaimu.dat,15207,11,cp932,ｩｿ@ﾌﾌﾌﾌ<ﾀ､p,33 C1 40 00 00 00 00 00 A9 BF 40 CC CC CC CC 3C C0 A4 70 00 00 00 00 80 34 C5 40
Zaimu.dat,15223,4,cp932,4ﾅ@ﾂ,C0 A4 70 00 00 00 00 80 34 C5 40 C2 F5 28 10 84 40 00 00 00
Zaimu.dat,15247,11,cp932,@劔呶l@ｮG,4C C1 40 00 00 00 00 00 F6 BF 40 99 99 99 F1 6C 40 AE 47 00 00 00 00 00 54 BA 40
Zaimu.dat,15267,5,cp932,ﾗ脣ｹ@,00 00 00 00 54 BA 40 0A D7 E3 FA B9 40 00 00 00 00 00 00 00 30
Zaimu.dat,15490,8,cp932,33331@ff,00 00 00 00 00 00 00 00 33 33 33 33 31 40 66 66 00 00 00 00 00 00 00 00
Zaimu.dat,15506,6,cp932,ﾌﾌﾌﾌ-@,00 00 00 00 00 00 00 00 CC CC CC CC 2D 40 00 00 00 00 00 00 00 00
Zaimu.dat,15579,7,cp932,ﾗ｣p'@q=,00 00 00 00 00 71 3D 0A D7 A3 70 27 40 71 3D 0A D7 A3 F0 23 40 00 00
Zaimu.dat,15800,4,cp932,ﾗ｣p=,00 00 00 00 00 00 00 00 D7 A3 70 3D 0A 0B 7F 40 00 00 00 00
Zaimu.dat,15819,5,cp932,ｮG蜀@,00 00 00 00 00 E1 7A 14 AE 47 E5 86 40 0A D7 A3 70 3D 1A 77 40
Zaimu.dat,15825,4,cp932,ﾗ｣p=,7A 14 AE 47 E5 86 40 0A D7 A3 70 3D 1A 77 40 00 00 00 00 00
Zaimu.dat,15856,8,cp932,ﾗ｣p=格ｭ@,00 00 00 00 00 00 00 00 D7 A3 70 3D 8A 69 AD 40 0A D7 A3 70 BD CB A7 40
Zaimu.dat,15865,7,cp932,ﾗ｣pｽﾋｧ@,A3 70 3D 8A 69 AD 40 0A D7 A3 70 BD CB A7 40 00 00 00 00 00 00 00 00
Zaimu.dat,15988,4,cp932,ﾀ?ﾙ@,80 CD D9 40 00 00 00 00 C0 3F D9 40 00 00 00 00 00 00 00 00
Zaimu.dat,16160,5,cp932,ﾍﾌﾌﾌﾌ,00 00 00 00 00 00 00 00 CD CC CC CC CC 0C 40 40 00 00 00 00 00
Zaimu.dat,16176,8,cp932,囮劔劔=@,00 00 00 00 00 00 00 00 9A 99 99 99 99 99 3D 40 00 00 00 00 00 80 38 40
Zaimu.dat,16578,6,cp932,(\盾5@,00 00 00 00 00 00 C3 F5 28 5C 8F 82 35 40 1F 85 EB 51 B8 1E 29 40
Zaimu.dat,16626,4,cp932,ﾗ｣p=,1E 85 EB 51 17 40 3D 0A D7 A3 70 3D 08 40 00 00 00 00 00 00
Zaimu.dat,16899,6,cp932,260206,00 00 00 00 00 00 00 06 32 36 30 32 30 36 00 00 00 00 00 00 00 00
Zaimu.dat,17045,10,cp932,2011/03/31,00 00 00 00 00 00 00 0A 32 30 31 31 2F 30 33 2F 33 31 0A 32 30 31 30 2F 30 33
Zaimu.dat,17056,10,cp932,2010/03/31,31 2F 30 33 2F 33 31 0A 32 30 31 30 2F 30 33 2F 33 31 0A 32 30 30 39 2F 30 33
Zaimu.dat,17067,10,cp932,2009/03/31,30 2F 30 33 2F 33 31 0A 32 30 30 39 2F 30 33 2F 33 31 0A 32 30 30 38 2F 30 33
Zaimu.dat,17078,10,cp932,2008/03/31,39 2F 30 33 2F 33 31 0A 32 30 30 38 2F 30 33 2F 33 31 0A 32 30 30 37 2F 30 33
Zaimu.dat,17089,10,cp932,2007/03/31,38 2F 30 33 2F 33 31 0A 32 30 30 37 2F 30 33 2F 33 31 04 32 30 31 31 00 00 00
Zaimu.dat,17100,4,cp932,2011,37 2F 30 33 2F 33 31 04 32 30 31 31 00 00 00 00 00 00 04 32
Zaimu.dat,17111,4,cp932,2010,31 00 00 00 00 00 00 04 32 30 31 30 00 00 00 00 00 00 04 32
Zaimu.dat,17122,4,cp932,2009,30 00 00 00 00 00 00 04 32 30 30 39 00 00 00 00 00 00 04 32
Zaimu.dat,17133,4,cp932,2008,39 00 00 00 00 00 00 04 32 30 30 38 00 00 00 00 00 00 04 32
Zaimu.dat,17144,4,cp932,2007,38 00 00 00 00 00 00 04 32 30 30 37 00 00 00 00 00 00 00 00
Zaimu.dat,17398,4,cp932,@&ﾐ@,00 E6 AB 40 00 00 00 00 40 26 D0 40 00 00 00 00 C0 34 D3 40
Zaimu.dat,17406,4,cp932,ﾀ4ﾓ@,40 26 D0 40 00 00 00 00 C0 34 D3 40 00 00 00 00 C0 59 D7 40
Zaimu.dat,17414,4,cp932,ﾀYﾗ@,C0 34 D3 40 00 00 00 00 C0 59 D7 40 00 00 00 00 80 47 D7 40
Zaimu.dat,18214,4,cp932,@ﾎﾛ@,40 F3 D7 40 00 00 00 00 40 CE DB 40 00 00 00 00 00 98 DB 40
Zaimu.dat,19515,9,cp932,2018年3月,00 00 00 00 00 F0 BF 09 32 30 31 38 94 4E 33 8C 8E 8E 00 00 00 00 00 00 00
Zaimu.dat,19537,9,cp932,2017年3月,00 00 00 00 00 00 00 09 32 30 31 37 94 4E 33 8C 8E 8E 09 32 30 31 36 94 4E
Zaimu.dat,19548,9,cp932,2016年3月,37 94 4E 33 8C 8E 8E 09 32 30 31 36 94 4E 33 8C 8E 8E 00 00 00 00 00 00 00
Zaimu.dat,19597,9,cp932,2014年3月,00 00 00 00 00 48 40 09 32 30 31 34 94 4E 33 8C 8E 8E 00 00 00 00 00 00 00
Zaimu.dat,19619,9,cp932,2013年3月,00 00 00 00 00 00 00 09 32 30 31 33 94 4E 33 8C 8E 8E 09 32 30 31 32 94 4E
Zaimu.dat,19630,9,cp932,2012年3月,33 94 4E 33 8C 8E 8E 09 32 30 31 32 94 4E 33 8C 8E 8E 00 00 00 00 00 00 00
Zaimu.dat,19652,10,cp932,連結本決算,00 00 00 00 00 00 00 0A 98 41 8C 8B 96 7B 8C 88 8E 5A 0A 98 41 8C 8B 92 86 8A
Zaimu.dat,19663,10,cp932,連結中間決,8B 96 7B 8C 88 8E 5A 0A 98 41 8C 8B 92 86 8A D4 8C 88 0A 98 41 8C 8B 96 7B 8C
Zaimu.dat,19674,10,cp932,連結本決算,8B 92 86 8A D4 8C 88 0A 98 41 8C 8B 96 7B 8C 88 8E 5A 0A 98 41 8C 8B 96 7B 8C
Zaimu.dat,19685,10,cp932,連結本決算,8B 96 7B 8C 88 8E 5A 0A 98 41 8C 8B 96 7B 8C 88 8E 5A 00 00 00 00 00 00 00 00
Zaimu.dat,19706,89,cp932,X水産品の貿易、加工、買い付け主力。すしネタに強み。加工食品は業務用が軸。海外加工比率高い,00 00 00 00 00 00 00 00 58 90 85 8E 59 95 69 82 CC 96 66 88 D5 81 41 89 C1 8D 48 81 41 94 83 82 A2 95 74 82 AF 8E E5 97 CD 81 42 82 B7 82 B5 83 6C 83 5E 82 C9 8B AD 82 DD 81 42 89 C1 8D 48 90 48 95 69 82 CD 8B C6 96 B1 97 70 82 AA 8E B2 81 42 8A 43 8A 4F 89 C1 8D 48 94 E4 97 A6 8D 82 82 A2 00 00 00 00 00 00 00 00
Zaimu.dat,19828,25,cp932,http://www.kyokuyo.co.jp/,00 00 00 00 00 00 00 19 68 74 74 70 3A 2F 2F 77 77 77 2E 6B 79 6F 6B 75 79 6F 2E 63 6F 2E 6A 70 2F 00 00 00 00 00 00 00 00
Zaimu.dat,19879,9,cp932,1949年5月,00 00 00 00 00 00 00 09 31 39 34 39 94 4E 35 8C 8E 8E 33 30 93 FA 00 00 00
Zaimu.dat,19900,8,cp932,東証1部v,FA 00 00 00 00 00 00 07 93 8C 8F D8 31 95 94 76 00 00 00 00 00 00 00 00
Zaimu.dat,19931,12,cp932,水産・農林業,00 00 00 00 00 00 00 0C 90 85 8E 59 81 45 94 5F 97 D1 8B C6 00 00 00 00 00 00 00 00
Zaimu.dat,20173,8,cp932,(\州<@q=,00 00 00 00 00 00 C3 F5 28 5C 8F 42 3C 40 71 3D 0A D7 A3 70 0D 40 29 5C
Zaimu.dat,20186,5,cp932,@)\渉,40 71 3D 0A D7 A3 70 0D 40 29 5C 8F C2 F5 28 28 40 1F 85 EB 51
Zaimu.dat,20212,11,cp932,ﾗ｣p=rg@ｮG痙,00 00 00 00 00 00 00 0A D7 A3 70 3D 72 67 40 AE 47 E1 7A 14 06 64 40 E1 7A 14 AE
Zaimu.dat,20230,7,cp932,ｮG@q=,7A 14 06 64 40 E1 7A 14 AE 47 F1 65 40 71 3D 0A D7 A3 30 64 40 00 00
Zaimu.dat,20238,5,cp932,ﾗ｣0d@,AE 47 F1 65 40 71 3D 0A D7 A3 30 64 40 00 00 00 00 00 00 00 00
Zaimu.dat,20295,4,cp932,@=ﾓ@,00 00 00 00 00 00 00 00 40 3D D3 40 00 00 00 00 80 6E D0 40
Zaimu.dat,20451,8,cp932,3333336@,00 00 00 00 00 00 00 00 33 33 33 33 33 33 36 40 00 00 00 00 00 80 33 40
Zaimu.dat,20465,6,cp932,3@囮劔,36 40 00 00 00 00 00 80 33 40 9A 99 99 99 99 19 3C 40 33 33 33 33
Zaimu.dat,20473,10,cp932,<@33333ｳ<@,33 40 9A 99 99 99 99 19 3C 40 33 33 33 33 33 B3 3C 40 00 00 00 00 00 00 00 00
Zaimu.dat,20771,8,cp932,3333331@,00 00 00 00 00 00 00 00 33 33 33 33 33 33 31 40 00 00 00 00 00 00 00 00
Zaimu.dat,20794,7,cp932,@囮劔劔,00 B8 1E 85 EB 51 B8 1E 40 9A 99 99 99 99 99 19 40 00 00 00 00 00 00
Zaimu.dat,20811,8,cp932,ﾍﾌﾌﾌﾌ<c@,00 00 00 00 00 00 00 00 CD CC CC CC CC 3C 63 40 00 00 00 00 00 00 00 00
Zaimu.dat,20829,14,cp932,(\召a@33333s`@,00 00 00 00 00 00 C3 F5 28 5C 8F A2 61 40 33 33 33 33 33 73 60 40 00 00 00 00 00 00 00 00
Zaimu.dat,21153,10,cp932,5@ffffff3@,00 00 00 00 00 00 00 00 35 40 66 66 66 66 66 66 33 40 00 00 00 00 00 00 00 00
Zaimu.dat,21434,4,cp932,?､p=,00 29 5C 8F C2 F5 28 F8 3F A4 70 3D 0A D7 A3 E0 3F 00 00 00
Zaimu.dat,21589,4,cp932,ﾗ｣p=,00 00 00 00 00 00 3D 0A D7 A3 70 3D F2 3F 29 5C 8F C2 F5 28
Zaimu.dat,21594,5,cp932,?)\渉,00 3D 0A D7 A3 70 3D F2 3F 29 5C 8F C2 F5 28 F0 3F 00 00 00 00
Zaimu.dat,21772,14,cp932,2014/05/0907日,00 00 00 00 00 00 00 0A 32 30 31 34 2F 30 35 2F 30 39 30 37 93 FA 00 00 00 00 00 00 00 00
Zaimu.dat,22016,10,cp932,2011/03/31,00 00 00 00 00 00 00 0A 32 30 31 31 2F 30 33 2F 33 31 0A 32 30 31 30 2F 30 33
Zaimu.dat,22027,10,cp932,2010/03/31,31 2F 30 33 2F 33 31 0A 32 30 31 30 2F 30 33 2F 33 31 0A 32 30 30 39 2F 30 33
Zaimu.dat,22038,10,cp932,2009/03/31,30 2F 30 33 2F 33 31 0A 32 30 30 39 2F 30 33 2F 33 31 0A 32 30 30 38 2F 30 33
Zaimu.dat,22049,10,cp932,2008/03/31,39 2F 30 33 2F 33 31 0A 32 30 30 38 2F 30 33 2F 33 31 0A 32 30 30 37 2F 30 33
Zaimu.dat,22060,10,cp932,2007/03/31,38 2F 30 33 2F 33 31 0A 32 30 30 37 2F 30 33 2F 33 31 04 32 30 31 31 00 00 00
Zaimu.dat,22071,4,cp932,2011,37 2F 30 33 2F 33 31 04 32 30 31 31 00 00 00 00 00 00 04 32
Zaimu.dat,22082,4,cp932,2010,31 00 00 00 00 00 00 04 32 30 31 30 00 00 00 00 00 00 04 32
Zaimu.dat,22093,4,cp932,2009,30 00 00 00 00 00 00 04 32 30 30 39 00 00 00 00 00 00 04 32
Zaimu.dat,22104,4,cp932,2008,39 00 00 00 00 00 00 04 32 30 30 38 00 00 00 00 00 00 04 32
Zaimu.dat,22115,4,cp932,2007,38 00 00 00 00 00 00 04 32 30 30 37 00 00 00 00 00 00 00 00
Zaimu.dat,22169,4,cp932,@fﾒ@,00 8A A8 40 00 00 00 00 40 66 D2 40 00 00 00 00 80 CD CE 40
Zaimu.dat,9819,9,shift_jis,2018年3月,00 00 00 00 00 00 00 09 32 30 31 38 94 4E 33 8C 8E 00 00 32 30 31 31 94 4E
Zaimu.dat,9830,10,shift_jis,2011年09月,38 94 4E 33 8C 8E 00 00 32 30 31 31 94 4E 30 39 8C 8E 09 32 30 31 37 94 4E 33
Zaimu.dat,9841,9,shift_jis,2017年3月,31 94 4E 30 39 8C 8E 09 32 30 31 37 94 4E 33 8C 8E 00 09 32 30 31 36 94 4E
Zaimu.dat,9852,9,shift_jis,2016年3月,37 94 4E 33 8C 8E 00 09 32 30 31 36 94 4E 33 8C 8E 00 00 00 00 00 00 00 00
Zaimu.dat,9874,10,shift_jis,連結本決算,00 00 00 00 00 00 00 0A 98 41 8C 8B 96 7B 8C 88 8E 5A 0A 98 41 8C 8B 92 86 8A
Zaimu.dat,9885,10,shift_jis,連結中間決,8B 96 7B 8C 88 8E 5A 0A 98 41 8C 8B 92 86 8A D4 8C 88 0A 98 41 8C 8B 96 7B 8C
Zaimu.dat,9896,10,shift_jis,連結本決算,8B 92 86 8A D4 8C 88 0A 98 41 8C 8B 96 7B 8C 88 8E 5A 0A 98 41 8C 8B 96 7B 8C
Zaimu.dat,9907,10,shift_jis,連結本決算,8B 96 7B 8C 88 8E 5A 0A 98 41 8C 8B 96 7B 8C 88 8E 5A 00 00 00 00 00 00 00 00
Zaimu.dat,9929,110,shift_jis,-nネックス｜【特色】ハネックス、日本ゼニスパイプ、羽田コンクリート工業が統合。１８年１０月にホクコンと経営統合,00 00 00 00 00 00 00 01 2D 6E 83 6C 83 62 83 4E 83 58 81 62 81 79 93 C1 90 46 81 7A 83 6E 83 6C 83 62 83 4E 83 58 81 41 93 FA 96 7B 83 5B 83 6A 83 58 83 70 83 43 83 76 81 41 89 48 93 63 83 52 83 93 83 4E 83 8A 81 5B 83 67 8D 48 8B C6 82 AA 93 9D 8D 87 81 42 82 50 82 57 94 4E 82 50 82 4F 8C 8E 82 C9 83 7A 83 4E 83 52 83 93 82 C6 8C 6F 89 63 93 9D 8D 87 00 00 00 00 00 00 00 00
Zaimu.dat,10050,31,shift_jis,http://www.zenith-haneda.co.jp/,00 00 00 00 00 00 00 1F 68 74 74 70 3A 2F 2F 77 77 77 2E 7A 65 6E 69 74 68 2D 68 61 6E 65 64 61 2E 63 6F 2E 6A 70 2F 00 00 00 00 00 00 00 00
Zaimu.dat,10101,10,shift_jis,2011年4月1,00 00 00 00 00 00 00 0C 32 30 31 31 94 4E 34 8C 8E 31 93 0C 32 30 31 31 94 4E
Zaimu.dat,10113,19,shift_jis,2011年4月1日ﾘ2部月j,94 4E 34 8C 8E 31 93 0C 32 30 31 31 94 4E 34 8C 8E 31 93 FA D8 32 95 94 8C 8E 6A 00 10 93 8C 8F D8 83 58
Zaimu.dat,10134,16,shift_jis,東証スタンダード,32 95 94 8C 8E 6A 00 10 93 8C 8F D8 83 58 83 5E 83 93 83 5F 81 5B 83 68 00 00 10 83 4B 83 89 83
Zaimu.dat,10153,10,shift_jis,ガラス・土,5F 81 5B 83 68 00 00 10 83 4B 83 89 83 58 81 45 93 79 90 10 83 4B 83 89 83 58
Zaimu.dat,10165,17,shift_jis,ガラス・土石製品ﾍ,83 58 81 45 93 79 90 10 83 4B 83 89 83 58 81 45 93 79 90 CE 90 BB 95 69 CD 01 00 00 64 00 00 00 66
Zaimu.dat,10413,5,shift_jis,ﾂU@@=,00 00 00 00 00 00 00 00 C2 55 40 40 3D 0A D7 A3 00 00 00 00 00
Zaimu.dat,10437,8,shift_jis,ｮCw@ﾍﾌﾌﾌ,00 00 00 00 00 00 00 00 AE 43 77 40 CD CC CC CC 00 00 00 00 00 00 00 00
Zaimu.dat,10681,8,shift_jis,fffff襪@,00 00 00 00 00 00 00 00 66 66 66 66 66 E6 43 40 00 00 00 00 00 00 00 00
Zaimu.dat,10773,4,shift_jis,(ﾜ$@,00 00 00 00 00 00 00 00 28 DC 24 40 0A D7 A3 70 00 00 00 00
Zaimu.dat,11051,7,shift_jis,ｮG睫[@{,00 00 00 00 00 00 7B 14 AE 47 E1 CA 5B 40 7B 14 AE 47 E1 FA 5B 40 00
Zaimu.dat,11059,6,shift_jis,ｮG磅[@,AE 47 E1 CA 5B 40 7B 14 AE 47 E1 FA 5B 40 00 00 00 00 00 00 00 00
Zaimu.dat,11353,8,shift_jis,fffff覩@,00 00 00 00 00 00 00 00 66 66 66 66 66 E6 4E 40 00 00 00 00 00 00 00 00
Zaimu.dat,11369,16,shift_jis,ﾍﾌﾌﾌﾌﾌO@囮劔兀P@,00 00 00 00 00 00 00 00 CD CC CC CC CC CC 4F 40 9A 99 99 99 99 59 50 40 00 00 00 00 00 00 00 00
Zaimu.dat,11433,4,shift_jis,ﾗ｣p=,00 00 00 00 00 00 00 00 D7 A3 70 3D 0A D7 18 40 00 00 00 00
Zaimu.dat,11449,4,shift_jis,ﾗ｣p=,00 00 00 00 00 00 00 00 D7 A3 70 3D 0A D7 11 40 3D 0A D7 A3
Zaimu.dat,11459,4,shift_jis,ﾗ｣p=,70 3D 0A D7 11 40 3D 0A D7 A3 70 3D 10 40 00 00 00 00 00 00
Zaimu.dat,11994,10,shift_jis,2016/08/10,00 00 00 00 00 00 00 0A 32 30 31 36 2F 30 38 2F 31 30 00 00 00 00 00 00 00 00
Zaimu.dat,12238,10,shift_jis,2011/03/31,00 00 00 00 00 00 00 0A 32 30 31 31 2F 30 33 2F 33 31 00 00 00 00 00 00 00 00
Zaimu.dat,12293,4,shift_jis,2011,00 00 00 00 00 00 00 04 32 30 31 31 00 00 00 00 00 00 00 00
Zaimu.dat,14683,8,shift_jis,結本決算,00 00 00 00 04 00 00 00 8C 8B 96 7B 8C 88 8E 5A 0A 98 41 8C 8B 92 86 8A
Zaimu.dat,14692,10,shift_jis,連結中間決,8B 96 7B 8C 88 8E 5A 0A 98 41 8C 8B 92 86 8A D4 8C 88 0A 98 41 8C 8B 96 7B 8C
Zaimu.dat,14703,10,shift_jis,連結本決算,8B 92 86 8A D4 8C 88 0A 98 41 8C 8B 96 7B 8C 88 8E 5A 0A 98 41 8C 8B 96 7B 8C
Zaimu.dat,14714,8,shift_jis,連結本決,8B 96 7B 8C 88 8E 5A 0A 98 41 8C 8B 96 7B 8C 88 8E 0A 32 30 32 35 94 4E
Zaimu.dat,14724,10,shift_jis,2025年03月,8C 8B 96 7B 8C 88 8E 0A 32 30 32 35 94 4E 30 33 8C 8E 00 56 96 BC 8C C3 89 AE
Zaimu.dat,14735,9,shift_jis,V名古屋地,35 94 4E 30 33 8C 8E 00 56 96 BC 8C C3 89 AE 92 6E 94 0A 32 30 32 34 94 4E
Zaimu.dat,14746,10,shift_jis,2024年03月,8C C3 89 AE 92 6E 94 0A 32 30 32 34 94 4E 30 33 8C 8E 0A 32 30 32 33 94 4E 30
Zaimu.dat,14757,10,shift_jis,2023年03月,34 94 4E 30 33 8C 8E 0A 32 30 32 33 94 4E 30 33 8C 8E 0A 32 30 32 32 94 4E 30
Zaimu.dat,14768,54,shift_jis,2022年03月土木、建築に拡大。関東、九州に地場子会社持つ,33 94 4E 30 33 8C 8E 0A 32 30 32 32 94 4E 30 33 8C 8E 93 79 96 D8 81 41 8C 9A 92 7A 82 C9 8A 67 91 E5 81 42 8A D6 93 8C 81 41 8B E3 8F 42 82 C9 92 6E 8F EA 8E 71 89 EF 8E D0 8E 9D 82 C2 00 00 00 00 00 00 00 00
Zaimu.dat,14955,26,shift_jis,https://www.kyokuyo.co.jp/,8C E8 BB B8 E3 80 82 1A 68 74 74 70 73 3A 2F 2F 77 77 77 2E 6B 79 6F 6B 75 79 6F 2E 63 6F 2E 6A 70 2F 00 00 00 83 01 00 00 FF
Zaimu.dat,15006,13,shift_jis,1949年5月25日,6A 00 00 00 00 00 50 09 31 39 34 39 94 4E 35 8C 8E 32 35 93 FA 00 80 97 EA 40 00 00 0C
Zaimu.dat,15027,22,shift_jis,東証プライム1949蟷ｴ5譛,00 80 97 EA 40 00 00 0C 93 8C 8F D8 83 76 83 89 83 43 83 80 31 39 34 39 E5 B9 B4 35 E6 9C 88 2C 31 30 30 00 00 00
Zaimu.dat,15050,4,shift_jis,",100",39 E5 B9 B4 35 E6 9C 88 2C 31 30 30 00 00 00 0C 90 85 8E 59
Zaimu.dat,15058,17,shift_jis,水産・農林業繧､繝,2C 31 30 30 00 00 00 0C 90 85 8E 59 81 45 94 5F 97 D1 8B C6 E3 82 A4 E3 83 A0 00 00 64 00 00 00 DE
Zaimu.dat,15207,11,shift_jis,ｩｿ@ﾌﾌﾌﾌ<ﾀ､p,33 C1 40 00 00 00 00 00 A9 BF 40 CC CC CC CC 3C C0 A4 70 00 00 00 00 80 34 C5 40
Zaimu.dat,15223,4,shift_jis,4ﾅ@ﾂ,C0 A4 70 00 00 00 00 80 34 C5 40 C2 F5 28 10 84 40 00 00 00
Zaimu.dat,15267,5,shift_jis,ﾗ脣ｹ@,00 00 00 00 54 BA 40 0A D7 E3 FA B9 40 00 00 00 00 00 00 00 30
Zaimu.dat,15490,8,shift_jis,33331@ff,00 00 00 00 00 00 00 00 33 33 33 33 31 40 66 66 00 00 00 00 00 00 00 00
Zaimu.dat,15506,6,shift_jis,ﾌﾌﾌﾌ-@,00 00 00 00 00 00 00 00 CC CC CC CC 2D 40 00 00 00 00 00 00 00 00
Zaimu.dat,15579,7,shift_jis,ﾗ｣p'@q=,00 00 00 00 00 71 3D 0A D7 A3 70 27 40 71 3D 0A D7 A3 F0 23 40 00 00
Zaimu.dat,15800,4,shift_jis,ﾗ｣p=,00 00 00 00 00 00 00 00 D7 A3 70 3D 0A 0B 7F 40 00 00 00 00
Zaimu.dat,15819,5,shift_jis,ｮG蜀@,00 00 00 00 00 E1 7A 14 AE 47 E5 86 40 0A D7 A3 70 3D 1A 77 40
Zaimu.dat,15825,4,shift_jis,ﾗ｣p=,7A 14 AE 47 E5 86 40 0A D7 A3 70 3D 1A 77 40 00 00 00 00 00
Zaimu.dat,15856,8,shift_jis,ﾗ｣p=格ｭ@,00 00 00 00 00 00 00 00 D7 A3 70 3D 8A 69 AD 40 0A D7 A3 70 BD CB A7 40
Zaimu.dat,15865,7,shift_jis,ﾗ｣pｽﾋｧ@,A3 70 3D 8A 69 AD 40 0A D7 A3 70 BD CB A7 40 00 00 00 00 00 00 00 00
Zaimu.dat,15988,4,shift_jis,ﾀ?ﾙ@,80 CD D9 40 00 00 00 00 C0 3F D9 40 00 00 00 00 00 00 00 00
Zaimu.dat,16160,5,shift_jis,ﾍﾌﾌﾌﾌ,00 00 00 00 00 00 00 00 CD CC CC CC CC 0C 40 40 00 00 00 00 00
Zaimu.dat,16176,8,shift_jis,囮劔劔=@,00 00 00 00 00 00 00 00 9A 99 99 99 99 99 3D 40 00 00 00 00 00 80 38 40
Zaimu.dat,16578,6,shift_jis,(\盾5@,00 00 00 00 00 00 C3 F5 28 5C 8F 82 35 40 1F 85 EB 51 B8 1E 29 40
Zaimu.dat,16626,4,shift_jis,ﾗ｣p=,1E 85 EB 51 17 40 3D 0A D7 A3 70 3D 08 40 00 00 00 00 00 00
Zaimu.dat,16899,6,shift_jis,260206,00 00 00 00 00 00 00 06 32 36 30 32 30 36 00 00 00 00 00 00 00 00
Zaimu.dat,17045,10,shift_jis,2011/03/31,00 00 00 00 00 00 00 0A 32 30 31 31 2F 30 33 2F 33 31 0A 32 30 31 30 2F 30 33
Zaimu.dat,17056,10,shift_jis,2010/03/31,31 2F 30 33 2F 33 31 0A 32 30 31 30 2F 30 33 2F 33 31 0A 32 30 30 39 2F 30 33
Zaimu.dat,17067,10,shift_jis,2009/03/31,30 2F 30 33 2F 33 31 0A 32 30 30 39 2F 30 33 2F 33 31 0A 32 30 30 38 2F 30 33
Zaimu.dat,17078,10,shift_jis,2008/03/31,39 2F 30 33 2F 33 31 0A 32 30 30 38 2F 30 33 2F 33 31 0A 32 30 30 37 2F 30 33
Zaimu.dat,17089,10,shift_jis,2007/03/31,38 2F 30 33 2F 33 31 0A 32 30 30 37 2F 30 33 2F 33 31 04 32 30 31 31 00 00 00
Zaimu.dat,17100,4,shift_jis,2011,37 2F 30 33 2F 33 31 04 32 30 31 31 00 00 00 00 00 00 04 32
Zaimu.dat,17111,4,shift_jis,2010,31 00 00 00 00 00 00 04 32 30 31 30 00 00 00 00 00 00 04 32
Zaimu.dat,17122,4,shift_jis,2009,30 00 00 00 00 00 00 04 32 30 30 39 00 00 00 00 00 00 04 32
Zaimu.dat,17133,4,shift_jis,2008,39 00 00 00 00 00 00 04 32 30 30 38 00 00 00 00 00 00 04 32
Zaimu.dat,17144,4,shift_jis,2007,38 00 00 00 00 00 00 04 32 30 30 37 00 00 00 00 00 00 00 00
Zaimu.dat,17398,4,shift_jis,@&ﾐ@,00 E6 AB 40 00 00 00 00 40 26 D0 40 00 00 00 00 C0 34 D3 40
Zaimu.dat,17406,4,shift_jis,ﾀ4ﾓ@,40 26 D0 40 00 00 00 00 C0 34 D3 40 00 00 00 00 C0 59 D7 40
Zaimu.dat,17414,4,shift_jis,ﾀYﾗ@,C0 34 D3 40 00 00 00 00 C0 59 D7 40 00 00 00 00 80 47 D7 40
Zaimu.dat,18214,4,shift_jis,@ﾎﾛ@,40 F3 D7 40 00 00 00 00 40 CE DB 40 00 00 00 00 00 98 DB 40
Zaimu.dat,19515,9,shift_jis,2018年3月,00 00 00 00 00 F0 BF 09 32 30 31 38 94 4E 33 8C 8E 8E 00 00 00 00 00 00 00
Zaimu.dat,19537,9,shift_jis,2017年3月,00 00 00 00 00 00 00 09 32 30 31 37 94 4E 33 8C 8E 8E 09 32 30 31 36 94 4E
Zaimu.dat,19548,9,shift_jis,2016年3月,37 94 4E 33 8C 8E 8E 09 32 30 31 36 94 4E 33 8C 8E 8E 00 00 00 00 00 00 00
Zaimu.dat,19597,9,shift_jis,2014年3月,00 00 00 00 00 48 40 09 32 30 31 34 94 4E 33 8C 8E 8E 00 00 00 00 00 00 00
Zaimu.dat,19619,9,shift_jis,2013年3月,00 00 00 00 00 00 00 09 32 30 31 33 94 4E 33 8C 8E 8E 09 32 30 31 32 94 4E
Zaimu.dat,19630,9,shift_jis,2012年3月,33 94 4E 33 8C 8E 8E 09 32 30 31 32 94 4E 33 8C 8E 8E 00 00 00 00 00 00 00
Zaimu.dat,19652,10,shift_jis,連結本決算,00 00 00 00 00 00 00 0A 98 41 8C 8B 96 7B 8C 88 8E 5A 0A 98 41 8C 8B 92 86 8A
Zaimu.dat,19663,10,shift_jis,連結中間決,8B 96 7B 8C 88 8E 5A 0A 98 41 8C 8B 92 86 8A D4 8C 88 0A 98 41 8C 8B 96 7B 8C
Zaimu.dat,19674,10,shift_jis,連結本決算,8B 92 86 8A D4 8C 88 0A 98 41 8C 8B 96 7B 8C 88 8E 5A 0A 98 41 8C 8B 96 7B 8C
Zaimu.dat,19685,10,shift_jis,連結本決算,8B 96 7B 8C 88 8E 5A 0A 98 41 8C 8B 96 7B 8C 88 8E 5A 00 00 00 00 00 00 00 00
Zaimu.dat,19706,89,shift_jis,X水産品の貿易、加工、買い付け主力。すしネタに強み。加工食品は業務用が軸。海外加工比率高い,00 00 00 00 00 00 00 00 58 90 85 8E 59 95 69 82 CC 96 66 88 D5 81 41 89 C1 8D 48 81 41 94 83 82 A2 95 74 82 AF 8E E5 97 CD 81 42 82 B7 82 B5 83 6C 83 5E 82 C9 8B AD 82 DD 81 42 89 C1 8D 48 90 48 95 69 82 CD 8B C6 96 B1 97 70 82 AA 8E B2 81 42 8A 43 8A 4F 89 C1 8D 48 94 E4 97 A6 8D 82 82 A2 00 00 00 00 00 00 00 00
Zaimu.dat,19828,25,shift_jis,http://www.kyokuyo.co.jp/,00 00 00 00 00 00 00 19 68 74 74 70 3A 2F 2F 77 77 77 2E 6B 79 6F 6B 75 79 6F 2E 63 6F 2E 6A 70 2F 00 00 00 00 00 00 00 00
Zaimu.dat,19879,9,shift_jis,1949年5月,00 00 00 00 00 00 00 09 31 39 34 39 94 4E 35 8C 8E 8E 33 30 93 FA 00 00 00
Zaimu.dat,19900,8,shift_jis,東証1部v,FA 00 00 00 00 00 00 07 93 8C 8F D8 31 95 94 76 00 00 00 00 00 00 00 00
Zaimu.dat,19931,12,shift_jis,水産・農林業,00 00 00 00 00 00 00 0C 90 85 8E 59 81 45 94 5F 97 D1 8B C6 00 00 00 00 00 00 00 00
Zaimu.dat,20173,8,shift_jis,(\州<@q=,00 00 00 00 00 00 C3 F5 28 5C 8F 42 3C 40 71 3D 0A D7 A3 70 0D 40 29 5C
Zaimu.dat,20186,5,shift_jis,@)\渉,40 71 3D 0A D7 A3 70 0D 40 29 5C 8F C2 F5 28 28 40 1F 85 EB 51
Zaimu.dat,20212,11,shift_jis,ﾗ｣p=rg@ｮG痙,00 00 00 00 00 00 00 0A D7 A3 70 3D 72 67 40 AE 47 E1 7A 14 06 64 40 E1 7A 14 AE
Zaimu.dat,20238,5,shift_jis,ﾗ｣0d@,AE 47 F1 65 40 71 3D 0A D7 A3 30 64 40 00 00 00 00 00 00 00 00
Zaimu.dat,20295,4,shift_jis,@=ﾓ@,00 00 00 00 00 00 00 00 40 3D D3 40 00 00 00 00 80 6E D0 40
Zaimu.dat,20451,8,shift_jis,3333336@,00 00 00 00 00 00 00 00 33 33 33 33 33 33 36 40 00 00 00 00 00 80 33 40
Zaimu.dat,20465,6,shift_jis,3@囮劔,36 40 00 00 00 00 00 80 33 40 9A 99 99 99 99 19 3C 40 33 33 33 33
Zaimu.dat,20473,10,shift_jis,<@33333ｳ<@,33 40 9A 99 99 99 99 19 3C 40 33 33 33 33 33 B3 3C 40 00 00 00 00 00 00 00 00
Zaimu.dat,20771,8,shift_jis,3333331@,00 00 00 00 00 00 00 00 33 33 33 33 33 33 31 40 00 00 00 00 00 00 00 00
Zaimu.dat,20794,7,shift_jis,@囮劔劔,00 B8 1E 85 EB 51 B8 1E 40 9A 99 99 99 99 99 19 40 00 00 00 00 00 00
Zaimu.dat,20811,8,shift_jis,ﾍﾌﾌﾌﾌ<c@,00 00 00 00 00 00 00 00 CD CC CC CC CC 3C 63 40 00 00 00 00 00 00 00 00
Zaimu.dat,20829,14,shift_jis,(\召a@33333s`@,00 00 00 00 00 00 C3 F5 28 5C 8F A2 61 40 33 33 33 33 33 73 60 40 00 00 00 00 00 00 00 00
Zaimu.dat,21153,10,shift_jis,5@ffffff3@,00 00 00 00 00 00 00 00 35 40 66 66 66 66 66 66 33 40 00 00 00 00 00 00 00 00
Zaimu.dat,21434,4,shift_jis,?､p=,00 29 5C 8F C2 F5 28 F8 3F A4 70 3D 0A D7 A3 E0 3F 00 00 00
Zaimu.dat,21589,4,shift_jis,ﾗ｣p=,00 00 00 00 00 00 3D 0A D7 A3 70 3D F2 3F 29 5C 8F C2 F5 28
Zaimu.dat,21594,5,shift_jis,?)\渉,00 3D 0A D7 A3 70 3D F2 3F 29 5C 8F C2 F5 28 F0 3F 00 00 00 00
Zaimu.dat,21772,14,shift_jis,2014/05/0907日,00 00 00 00 00 00 00 0A 32 30 31 34 2F 30 35 2F 30 39 30 37 93 FA 00 00 00 00 00 00 00 00
Zaimu.dat,22016,10,shift_jis,2011/03/31,00 00 00 00 00 00 00 0A 32 30 31 31 2F 30 33 2F 33 31 0A 32 30 31 30 2F 30 33
Zaimu.dat,22027,10,shift_jis,2010/03/31,31 2F 30 33 2F 33 31 0A 32 30 31 30 2F 30 33 2F 33 31 0A 32 30 30 39 2F 30 33
Zaimu.dat,22038,10,shift_jis,2009/03/31,30 2F 30 33 2F 33 31 0A 32 30 30 39 2F 30 33 2F 33 31 0A 32 30 30 38 2F 30 33
Zaimu.dat,22049,10,shift_jis,2008/03/31,39 2F 30 33 2F 33 31 0A 32 30 30 38 2F 30 33 2F 33 31 0A 32 30 30 37 2F 30 33
Zaimu.dat,22060,10,shift_jis,2007/03/31,38 2F 30 33 2F 33 31 0A 32 30 30 37 2F 30 33 2F 33 31 04 32 30 31 31 00 00 00
Zaimu.dat,22071,4,shift_jis,2011,37 2F 30 33 2F 33 31 04 32 30 31 31 00 00 00 00 00 00 04 32
Zaimu.dat,22082,4,shift_jis,2010,31 00 00 00 00 00 00 04 32 30 31 30 00 00 00 00 00 00 04 32
Zaimu.dat,22093,4,shift_jis,2009,30 00 00 00 00 00 00 04 32 30 30 39 00 00 00 00 00 00 04 32
Zaimu.dat,22104,4,shift_jis,2008,39 00 00 00 00 00 00 04 32 30 30 38 00 00 00 00 00 00 04 32
Zaimu.dat,22115,4,shift_jis,2007,38 00 00 00 00 00 00 04 32 30 30 37 00 00 00 00 00 00 00 00
Zaimu.dat,22169,4,shift_jis,@fﾒ@,00 8A A8 40 00 00 00 00 40 66 D2 40 00 00 00 00 80 CD CE 40
Zaimu.dat,22201,4,shift_jis,ﾀ4ﾓ@,00 C4 CE 40 00 00 00 00 C0 34 D3 40 00 00 00 00 00 00 00 00
Zaimu.dat,22257,4,shift_jis,ﾀ､ﾖ@,00 FC DC 40 00 00 00 00 C0 A4 D6 40 00 00 00 00 80 D6 D4 40
Zaimu.dat,22273,4,shift_jis,@Zﾔ@,80 D6 D4 40 00 00 00 00 40 5A D4 40 00 00 00 00 80 98 D7 40
Zaimu.dat,9819,4,ascii,2018,00 00 00 00 00 00 00 09 32 30 31 38 94 4E 33 8C 8E 00 00 32
Zaimu.dat,9830,4,ascii,2011,38 94 4E 33 8C 8E 00 00 32 30 31 31 94 4E 30 39 8C 8E 09 32
Zaimu.dat,9841,4,ascii,2017,31 94 4E 30 39 8C 8E 09 32 30 31 37 94 4E 33 8C 8E 00 09 32
Zaimu.dat,9852,4,ascii,2016,37 94 4E 33 8C 8E 00 09 32 30 31 36 94 4E 33 8C 8E 00 00 00
Zaimu.dat,10050,31,ascii,http://www.zenith-haneda.co.jp/,00 00 00 00 00 00 00 1F 68 74 74 70 3A 2F 2F 77 77 77 2E 7A 65 6E 69 74 68 2D 68 61 6E 65 64 61 2E 63 6F 2E 6A 70 2F 00 00 00 00 00 00 00 00
Zaimu.dat,10101,4,ascii,2011,00 00 00 00 00 00 00 0C 32 30 31 31 94 4E 34 8C 8E 31 93 0C
Zaimu.dat,10113,4,ascii,2011,94 4E 34 8C 8E 31 93 0C 32 30 31 31 94 4E 34 8C 8E 31 93 FA
Zaimu.dat,10414,4,ascii,U@@=,00 00 00 00 00 00 00 C2 55 40 40 3D 0A D7 A3 00 00 00 00 00
Zaimu.dat,10681,5,ascii,fffff,00 00 00 00 00 00 00 00 66 66 66 66 66 E6 43 40 00 00 00 00 00
Zaimu.dat,11353,5,ascii,fffff,00 00 00 00 00 00 00 00 66 66 66 66 66 E6 4E 40 00 00 00 00 00
Zaimu.dat,11994,10,ascii,2016/08/10,00 00 00 00 00 00 00 0A 32 30 31 36 2F 30 38 2F 31 30 00 00 00 00 00 00 00 00
Zaimu.dat,12238,10,ascii,2011/03/31,00 00 00 00 00 00 00 0A 32 30 31 31 2F 30 33 2F 33 31 00 00 00 00 00 00 00 00
Zaimu.dat,12293,4,ascii,2011,00 00 00 00 00 00 00 04 32 30 31 31 00 00 00 00 00 00 00 00
Zaimu.dat,14724,4,ascii,2025,8C 8B 96 7B 8C 88 8E 0A 32 30 32 35 94 4E 30 33 8C 8E 00 56
Zaimu.dat,14746,4,ascii,2024,8C C3 89 AE 92 6E 94 0A 32 30 32 34 94 4E 30 33 8C 8E 0A 32
Zaimu.dat,14757,4,ascii,2023,34 94 4E 30 33 8C 8E 0A 32 30 32 33 94 4E 30 33 8C 8E 0A 32
Zaimu.dat,14768,4,ascii,2022,33 94 4E 30 33 8C 8E 0A 32 30 32 32 94 4E 30 33 8C 8E 93 79
Zaimu.dat,14955,26,ascii,https://www.kyokuyo.co.jp/,8C E8 BB B8 E3 80 82 1A 68 74 74 70 73 3A 2F 2F 77 77 77 2E 6B 79 6F 6B 75 79 6F 2E 63 6F 2E 6A 70 2F 00 00 00 83 01 00 00 FF
Zaimu.dat,15006,4,ascii,1949,6A 00 00 00 00 00 50 09 31 39 34 39 94 4E 35 8C 8E 32 35 93
Zaimu.dat,15039,4,ascii,1949,83 76 83 89 83 43 83 80 31 39 34 39 E5 B9 B4 35 E6 9C 88 2C
Zaimu.dat,15050,4,ascii,",100",39 E5 B9 B4 35 E6 9C 88 2C 31 30 30 00 00 00 0C 90 85 8E 59
Zaimu.dat,15490,8,ascii,33331@ff,00 00 00 00 00 00 00 00 33 33 33 33 31 40 66 66 00 00 00 00 00 00 00 00
Zaimu.dat,15581,5,ascii,p'@q=,00 00 00 71 3D 0A D7 A3 70 27 40 71 3D 0A D7 A3 F0 23 40 00 00
Zaimu.dat,16899,6,ascii,260206,00 00 00 00 00 00 00 06 32 36 30 32 30 36 00 00 00 00 00 00 00 00
Zaimu.dat,17045,10,ascii,2011/03/31,00 00 00 00 00 00 00 0A 32 30 31 31 2F 30 33 2F 33 31 0A 32 30 31 30 2F 30 33
Zaimu.dat,17056,10,ascii,2010/03/31,31 2F 30 33 2F 33 31 0A 32 30 31 30 2F 30 33 2F 33 31 0A 32 30 30 39 2F 30 33
Zaimu.dat,17067,10,ascii,2009/03/31,30 2F 30 33 2F 33 31 0A 32 30 30 39 2F 30 33 2F 33 31 0A 32 30 30 38 2F 30 33
Zaimu.dat,17078,10,ascii,2008/03/31,39 2F 30 33 2F 33 31 0A 32 30 30 38 2F 30 33 2F 33 31 0A 32 30 30 37 2F 30 33
Zaimu.dat,17089,10,ascii,2007/03/31,38 2F 30 33 2F 33 31 0A 32 30 30 37 2F 30 33 2F 33 31 04 32 30 31 31 00 00 00
Zaimu.dat,17100,4,ascii,2011,37 2F 30 33 2F 33 31 04 32 30 31 31 00 00 00 00 00 00 04 32
Zaimu.dat,17111,4,ascii,2010,31 00 00 00 00 00 00 04 32 30 31 30 00 00 00 00 00 00 04 32
Zaimu.dat,17122,4,ascii,2009,30 00 00 00 00 00 00 04 32 30 30 39 00 00 00 00 00 00 04 32
Zaimu.dat,17133,4,ascii,2008,39 00 00 00 00 00 00 04 32 30 30 38 00 00 00 00 00 00 04 32
Zaimu.dat,17144,4,ascii,2007,38 00 00 00 00 00 00 04 32 30 30 37 00 00 00 00 00 00 00 00
Zaimu.dat,19515,4,ascii,2018,00 00 00 00 00 F0 BF 09 32 30 31 38 94 4E 33 8C 8E 8E 00 00
Zaimu.dat,19537,4,ascii,2017,00 00 00 00 00 00 00 09 32 30 31 37 94 4E 33 8C 8E 8E 09 32
Zaimu.dat,19548,4,ascii,2016,37 94 4E 33 8C 8E 8E 09 32 30 31 36 94 4E 33 8C 8E 8E 00 00
Zaimu.dat,19597,4,ascii,2014,00 00 00 00 00 48 40 09 32 30 31 34 94 4E 33 8C 8E 8E 00 00
Zaimu.dat,19619,4,ascii,2013,00 00 00 00 00 00 00 09 32 30 31 33 94 4E 33 8C 8E 8E 09 32
Zaimu.dat,19630,4,ascii,2012,33 94 4E 33 8C 8E 8E 09 32 30 31 32 94 4E 33 8C 8E 8E 00 00
Zaimu.dat,19828,25,ascii,http://www.kyokuyo.co.jp/,00 00 00 00 00 00 00 19 68 74 74 70 3A 2F 2F 77 77 77 2E 6B 79 6F 6B 75 79 6F 2E 63 6F 2E 6A 70 2F 00 00 00 00 00 00 00 00
Zaimu.dat,19879,4,ascii,1949,00 00 00 00 00 00 00 09 31 39 34 39 94 4E 35 8C 8E 8E 33 30
Zaimu.dat,20176,5,ascii,B<@q=,00 00 00 C3 F5 28 5C 8F 42 3C 40 71 3D 0A D7 A3 70 0D 40 29 5C
Zaimu.dat,20214,5,ascii,p=rg@,00 00 00 00 00 0A D7 A3 70 3D 72 67 40 AE 47 E1 7A 14 06 64 40
Zaimu.dat,20233,4,ascii,e@q=,64 40 E1 7A 14 AE 47 F1 65 40 71 3D 0A D7 A3 30 64 40 00 00
Zaimu.dat,20451,8,ascii,3333336@,00 00 00 00 00 00 00 00 33 33 33 33 33 33 36 40 00 00 00 00 00 80 33 40
Zaimu.dat,20473,7,ascii,<@33333,33 40 9A 99 99 99 99 19 3C 40 33 33 33 33 33 B3 3C 40 00 00 00 00 00
Zaimu.dat,20771,8,ascii,3333331@,00 00 00 00 00 00 00 00 33 33 33 33 33 33 31 40 00 00 00 00 00 00 00 00
Zaimu.dat,20833,10,ascii,a@33333s`@,00 00 C3 F5 28 5C 8F A2 61 40 33 33 33 33 33 73 60 40 00 00 00 00 00 00 00 00
Zaimu.dat,21153,10,ascii,5@ffffff3@,00 00 00 00 00 00 00 00 35 40 66 66 66 66 66 66 33 40 00 00 00 00 00 00 00 00
Zaimu.dat,21772,12,ascii,2014/05/0907,00 00 00 00 00 00 00 0A 32 30 31 34 2F 30 35 2F 30 39 30 37 93 FA 00 00 00 00 00 00
Zaimu.dat,22016,10,ascii,2011/03/31,00 00 00 00 00 00 00 0A 32 30 31 31 2F 30 33 2F 33 31 0A 32 30 31 30 2F 30 33
Zaimu.dat,22027,10,ascii,2010/03/31,31 2F 30 33 2F 33 31 0A 32 30 31 30 2F 30 33 2F 33 31 0A 32 30 30 39 2F 30 33
Zaimu.dat,22038,10,ascii,2009/03/31,30 2F 30 33 2F 33 31 0A 32 30 30 39 2F 30 33 2F 33 31 0A 32 30 30 38 2F 30 33
Zaimu.dat,22049,10,ascii,2008/03/31,39 2F 30 33 2F 33 31 0A 32 30 30 38 2F 30 33 2F 33 31 0A 32 30 30 37 2F 30 33
Zaimu.dat,22060,10,ascii,2007/03/31,38 2F 30 33 2F 33 31 0A 32 30 30 37 2F 30 33 2F 33 31 04 32 30 31 31 00 00 00
Zaimu.dat,22071,4,ascii,2011,37 2F 30 33 2F 33 31 04 32 30 31 31 00 00 00 00 00 00 04 32
Zaimu.dat,22082,4,ascii,2010,31 00 00 00 00 00 00 04 32 30 31 30 00 00 00 00 00 00 04 32
Zaimu.dat,22093,4,ascii,2009,30 00 00 00 00 00 00 04 32 30 30 39 00 00 00 00 00 00 04 32
Zaimu.dat,22104,4,ascii,2008,39 00 00 00 00 00 00 04 32 30 30 38 00 00 00 00 00 00 04 32
Zaimu.dat,22115,4,ascii,2007,38 00 00 00 00 00 00 04 32 30 30 37 00 00 00 00 00 00 00 00
Zaimu.dat,24486,4,ascii,2014,00 00 00 00 00 48 40 09 32 30 31 34 94 4E 33 8C 8E 8E 00 00
Zaimu.dat,24508,4,ascii,2013,00 00 00 00 00 00 00 09 32 30 31 33 94 4E 33 8C 8E 8E 09 32
Zaimu.dat,24519,4,ascii,2012,33 94 4E 33 8C 8E 8E 09 32 30 31 32 94 4E 33 8C 8E 8E 00 00
Zaimu.dat,24717,25,ascii,http://www.kyokuyo.co.jp/,00 00 00 00 00 00 00 19 68 74 74 70 3A 2F 2F 77 77 77 2E 6B 79 6F 6B 75 79 6F 2E 63 6F 2E 6A 70 2F 00 00 00 00 00 00 00 00
Zaimu.dat,24768,4,ascii,1949,00 00 00 00 00 00 00 09 31 39 34 39 94 4E 35 8C 8E 8E 33 30
Zaimu.dat,25065,5,ascii,B<@q=,00 00 00 C3 F5 28 5C 8F 42 3C 40 71 3D 0A D7 A3 70 0D 40 29 5C
Zaimu.dat,25103,5,ascii,p=rg@,00 00 00 00 00 0A D7 A3 70 3D 72 67 40 AE 47 E1 7A 14 06 64 40
Zaimu.dat,25122,4,ascii,e@q=,64 40 E1 7A 14 AE 47 F1 65 40 71 3D 0A D7 A3 30 64 40 00 00
Zaimu.dat,25340,8,ascii,3333336@,00 00 00 00 00 00 00 00 33 33 33 33 33 33 36 40 00 00 00 00 00 80 33 40
Zaimu.dat,25362,7,ascii,<@33333,33 40 9A 99 99 99 99 19 3C 40 33 33 33 33 33 B3 3C 40 00 00 00 00 00
Zaimu.dat,25660,8,ascii,3333331@,00 00 00 00 00 00 00 00 33 33 33 33 33 33 31 40 00 00 00 00 00 00 00 00
Zaimu.dat,25722,10,ascii,a@33333s`@,00 00 C3 F5 28 5C 8F A2 61 40 33 33 33 33 33 73 60 40 00 00 00 00 00 00 00 00
Zaimu.dat,26042,10,ascii,5@ffffff3@,00 00 00 00 00 00 00 00 35 40 66 66 66 66 66 66 33 40 00 00 00 00 00 00 00 00
Zaimu.dat,26661,12,ascii,2014/05/0907,00 00 00 00 00 00 00 0A 32 30 31 34 2F 30 35 2F 30 39 30 37 93 FA 00 00 00 00 00 00
Zaimu.dat,26905,10,ascii,2011/03/31,00 00 00 00 00 00 00 0A 32 30 31 31 2F 30 33 2F 33 31 0A 32 30 31 30 2F 30 33
Zaimu.dat,26916,10,ascii,2010/03/31,31 2F 30 33 2F 33 31 0A 32 30 31 30 2F 30 33 2F 33 31 0A 32 30 30 39 2F 30 33
Zaimu.dat,26927,10,ascii,2009/03/31,30 2F 30 33 2F 33 31 0A 32 30 30 39 2F 30 33 2F 33 31 0A 32 30 30 38 2F 30 33
Zaimu.dat,26938,10,ascii,2008/03/31,39 2F 30 33 2F 33 31 0A 32 30 30 38 2F 30 33 2F 33 31 0A 32 30 30 37 2F 30 33
Zaimu.dat,26949,10,ascii,2007/03/31,38 2F 30 33 2F 33 31 0A 32 30 30 37 2F 30 33 2F 33 31 04 32 30 31 31 00 00 00
Zaimu.dat,26960,4,ascii,2011,37 2F 30 33 2F 33 31 04 32 30 31 31 00 00 00 00 00 00 04 32
Zaimu.dat,26971,4,ascii,2010,31 00 00 00 00 00 00 04 32 30 31 30 00 00 00 00 00 00 04 32
Zaimu.dat,26982,4,ascii,2009,30 00 00 00 00 00 00 04 32 30 30 39 00 00 00 00 00 00 04 32
Zaimu.dat,26993,4,ascii,2008,39 00 00 00 00 00 00 04 32 30 30 38 00 00 00 00 00 00 04 32
Zaimu.dat,27004,4,ascii,2007,38 00 00 00 00 00 00 04 32 30 30 37 00 00 00 00 00 00 00 00
Zaimu.dat,29375,4,ascii,2014,00 00 00 00 00 48 40 09 32 30 31 34 94 4E 33 8C 8E 8E 00 00
Zaimu.dat,29397,4,ascii,2013,00 00 00 00 00 00 00 09 32 30 31 33 94 4E 33 8C 8E 8E 09 32
Zaimu.dat,29408,4,ascii,2012,33 94 4E 33 8C 8E 8E 09 32 30 31 32 94 4E 33 8C 8E 8E 00 00
Zaimu.dat,29606,25,ascii,http://www.kyokuyo.co.jp/,00 00 00 00 00 00 00 19 68 74 74 70 3A 2F 2F 77 77 77 2E 6B 79 6F 6B 75 79 6F 2E 63 6F 2E 6A 70 2F 00 00 00 00 00 00 00 00
Zaimu.dat,29657,4,ascii,1949,00 00 00 00 00 00 00 09 31 39 34 39 94 4E 35 8C 8E 8E 33 30
Zaimu.dat,29954,5,ascii,B<@q=,00 00 00 C3 F5 28 5C 8F 42 3C 40 71 3D 0A D7 A3 70 0D 40 29 5C
Zaimu.dat,29992,5,ascii,p=rg@,00 00 00 00 00 0A D7 A3 70 3D 72 67 40 AE 47 E1 7A 14 06 64 40
Zaimu.dat,30011,4,ascii,e@q=,64 40 E1 7A 14 AE 47 F1 65 40 71 3D 0A D7 A3 30 64 40 00 00
Zaimu.dat,30229,8,ascii,3333336@,00 00 00 00 00 00 00 00 33 33 33 33 33 33 36 40 00 00 00 00 00 80 33 40
Zaimu.dat,30251,7,ascii,<@33333,33 40 9A 99 99 99 99 19 3C 40 33 33 33 33 33 B3 3C 40 00 00 00 00 00
Zaimu.dat,30549,8,ascii,3333331@,00 00 00 00 00 00 00 00 33 33 33 33 33 33 31 40 00 00 00 00 00 00 00 00
Zaimu.dat,30611,10,ascii,a@33333s`@,00 00 C3 F5 28 5C 8F A2 61 40 33 33 33 33 33 73 60 40 00 00 00 00 00 00 00 00
Zaimu.dat,30931,10,ascii,5@ffffff3@,00 00 00 00 00 00 00 00 35 40 66 66 66 66 66 66 33 40 00 00 00 00 00 00 00 00
Zaimu.dat,31550,12,ascii,2014/05/0907,00 00 00 00 00 00 00 0A 32 30 31 34 2F 30 35 2F 30 39 30 37 93 FA 00 00 00 00 00 00
Zaimu.dat,31794,10,ascii,2011/03/31,00 00 00 00 00 00 00 0A 32 30 31 31 2F 30 33 2F 33 31 0A 32 30 31 30 2F 30 33
Zaimu.dat,31805,10,ascii,2010/03/31,31 2F 30 33 2F 33 31 0A 32 30 31 30 2F 30 33 2F 33 31 0A 32 30 30 39 2F 30 33
Zaimu.dat,31816,10,ascii,2009/03/31,30 2F 30 33 2F 33 31 0A 32 30 30 39 2F 30 33 2F 33 31 0A 32 30 30 38 2F 30 33
Zaimu.dat,31827,10,ascii,2008/03/31,39 2F 30 33 2F 33 31 0A 32 30 30 38 2F 30 33 2F 33 31 0A 32 30 30 37 2F 30 33
Zaimu.dat,31838,10,ascii,2007/03/31,38 2F 30 33 2F 33 31 0A 32 30 30 37 2F 30 33 2F 33 31 04 32 30 31 31 00 00 00
Zaimu.dat,31849,4,ascii,2011,37 2F 30 33 2F 33 31 04 32 30 31 31 00 00 00 00 00 00 04 32
Zaimu.dat,31860,4,ascii,2010,31 00 00 00 00 00 00 04 32 30 31 30 00 00 00 00 00 00 04 32
Zaimu.dat,31871,4,ascii,2009,30 00 00 00 00 00 00 04 32 30 30 39 00 00 00 00 00 00 04 32
Zaimu.dat,31882,4,ascii,2008,39 00 00 00 00 00 00 04 32 30 30 38 00 00 00 00 00 00 04 32
Zaimu.dat,31893,4,ascii,2007,38 00 00 00 00 00 00 04 32 30 30 37 00 00 00 00 00 00 00 00
Zaimu.dat,34264,4,ascii,2014,00 00 00 00 00 48 40 09 32 30 31 34 94 4E 33 8C 8E 8E 00 00
Zaimu.dat,34286,4,ascii,2013,00 00 00 00 00 00 00 09 32 30 31 33 94 4E 33 8C 8E 8E 09 32
Zaimu.dat,34297,4,ascii,2012,33 94 4E 33 8C 8E 8E 09 32 30 31 32 94 4E 33 8C 8E 8E 00 00
Zaimu.dat,34495,25,ascii,http://www.kyokuyo.co.jp/,00 00 00 00 00 00 00 19 68 74 74 70 3A 2F 2F 77 77 77 2E 6B 79 6F 6B 75 79 6F 2E 63 6F 2E 6A 70 2F 00 00 00 00 00 00 00 00
Zaimu.dat,34546,4,ascii,1949,00 00 00 00 00 00 00 09 31 39 34 39 94 4E 35 8C 8E 8E 33 30
Zaimu.dat,34843,5,ascii,B<@q=,00 00 00 C3 F5 28 5C 8F 42 3C 40 71 3D 0A D7 A3 70 0D 40 29 5C
Zaimu.dat,34881,5,ascii,p=rg@,00 00 00 00 00 0A D7 A3 70 3D 72 67 40 AE 47 E1 7A 14 06 64 40
Zaimu.dat,34900,4,ascii,e@q=,64 40 E1 7A 14 AE 47 F1 65 40 71 3D 0A D7 A3 30 64 40 00 00
Zaimu.dat,35118,8,ascii,3333336@,00 00 00 00 00 00 00 00 33 33 33 33 33 33 36 40 00 00 00 00 00 80 33 40
Zaimu.dat,35140,7,ascii,<@33333,33 40 9A 99 99 99 99 19 3C 40 33 33 33 33 33 B3 3C 40 00 00 00 00 00
Zaimu.dat,35438,8,ascii,3333331@,00 00 00 00 00 00 00 00 33 33 33 33 33 33 31 40 00 00 00 00 00 00 00 00
Zaimu.dat,9819,4,utf-8,2018,00 00 00 00 00 00 00 09 32 30 31 38 94 4E 33 8C 8E 00 00 32
Zaimu.dat,9830,4,utf-8,2011,38 94 4E 33 8C 8E 00 00 32 30 31 31 94 4E 30 39 8C 8E 09 32
Zaimu.dat,9841,4,utf-8,2017,31 94 4E 30 39 8C 8E 09 32 30 31 37 94 4E 33 8C 8E 00 09 32
Zaimu.dat,9852,4,utf-8,2016,37 94 4E 33 8C 8E 00 09 32 30 31 36 94 4E 33 8C 8E 00 00 00
Zaimu.dat,10050,31,utf-8,http://www.zenith-haneda.co.jp/,00 00 00 00 00 00 00 1F 68 74 74 70 3A 2F 2F 77 77 77 2E 7A 65 6E 69 74 68 2D 68 61 6E 65 64 61 2E 63 6F 2E 6A 70 2F 00 00 00 00 00 00 00 00
Zaimu.dat,10101,4,utf-8,2011,00 00 00 00 00 00 00 0C 32 30 31 31 94 4E 34 8C 8E 31 93 0C
Zaimu.dat,10113,4,utf-8,2011,94 4E 34 8C 8E 31 93 0C 32 30 31 31 94 4E 34 8C 8E 31 93 FA
Zaimu.dat,10414,4,utf-8,U@@=,00 00 00 00 00 00 00 C2 55 40 40 3D 0A D7 A3 00 00 00 00 00
Zaimu.dat,10681,5,utf-8,fffff,00 00 00 00 00 00 00 00 66 66 66 66 66 E6 43 40 00 00 00 00 00
Zaimu.dat,11353,5,utf-8,fffff,00 00 00 00 00 00 00 00 66 66 66 66 66 E6 4E 40 00 00 00 00 00
Zaimu.dat,11994,10,utf-8,2016/08/10,00 00 00 00 00 00 00 0A 32 30 31 36 2F 30 38 2F 31 30 00 00 00 00 00 00 00 00
Zaimu.dat,12238,10,utf-8,2011/03/31,00 00 00 00 00 00 00 0A 32 30 31 31 2F 30 33 2F 33 31 00 00 00 00 00 00 00 00
Zaimu.dat,12293,4,utf-8,2011,00 00 00 00 00 00 00 04 32 30 31 31 00 00 00 00 00 00 00 00
Zaimu.dat,14724,4,utf-8,2025,8C 8B 96 7B 8C 88 8E 0A 32 30 32 35 94 4E 30 33 8C 8E 00 56
Zaimu.dat,14746,4,utf-8,2024,8C C3 89 AE 92 6E 94 0A 32 30 32 34 94 4E 30 33 8C 8E 0A 32
Zaimu.dat,14757,4,utf-8,2023,34 94 4E 30 33 8C 8E 0A 32 30 32 33 94 4E 30 33 8C 8E 0A 32
Zaimu.dat,14768,4,utf-8,2022,33 94 4E 30 33 8C 8E 0A 32 30 32 32 94 4E 30 33 8C 8E 93 79
Zaimu.dat,14955,26,utf-8,https://www.kyokuyo.co.jp/,8C E8 BB B8 E3 80 82 1A 68 74 74 70 73 3A 2F 2F 77 77 77 2E 6B 79 6F 6B 75 79 6F 2E 63 6F 2E 6A 70 2F 00 00 00 83 01 00 00 FF
Zaimu.dat,15006,4,utf-8,1949,6A 00 00 00 00 00 50 09 31 39 34 39 94 4E 35 8C 8E 32 35 93
Zaimu.dat,15039,4,utf-8,1949,83 76 83 89 83 43 83 80 31 39 34 39 E5 B9 B4 35 E6 9C 88 2C
Zaimu.dat,15050,4,utf-8,",100",39 E5 B9 B4 35 E6 9C 88 2C 31 30 30 00 00 00 0C 90 85 8E 59
Zaimu.dat,15490,8,utf-8,33331@ff,00 00 00 00 00 00 00 00 33 33 33 33 31 40 66 66 00 00 00 00 00 00 00 00
Zaimu.dat,15581,5,utf-8,p'@q=,00 00 00 71 3D 0A D7 A3 70 27 40 71 3D 0A D7 A3 F0 23 40 00 00
Zaimu.dat,16899,6,utf-8,260206,00 00 00 00 00 00 00 06 32 36 30 32 30 36 00 00 00 00 00 00 00 00
Zaimu.dat,17045,10,utf-8,2011/03/31,00 00 00 00 00 00 00 0A 32 30 31 31 2F 30 33 2F 33 31 0A 32 30 31 30 2F 30 33
Zaimu.dat,17056,10,utf-8,2010/03/31,31 2F 30 33 2F 33 31 0A 32 30 31 30 2F 30 33 2F 33 31 0A 32 30 30 39 2F 30 33
Zaimu.dat,17067,10,utf-8,2009/03/31,30 2F 30 33 2F 33 31 0A 32 30 30 39 2F 30 33 2F 33 31 0A 32 30 30 38 2F 30 33
Zaimu.dat,17078,10,utf-8,2008/03/31,39 2F 30 33 2F 33 31 0A 32 30 30 38 2F 30 33 2F 33 31 0A 32 30 30 37 2F 30 33
Zaimu.dat,17089,10,utf-8,2007/03/31,38 2F 30 33 2F 33 31 0A 32 30 30 37 2F 30 33 2F 33 31 04 32 30 31 31 00 00 00
Zaimu.dat,17100,4,utf-8,2011,37 2F 30 33 2F 33 31 04 32 30 31 31 00 00 00 00 00 00 04 32
Zaimu.dat,17111,4,utf-8,2010,31 00 00 00 00 00 00 04 32 30 31 30 00 00 00 00 00 00 04 32
Zaimu.dat,17122,4,utf-8,2009,30 00 00 00 00 00 00 04 32 30 30 39 00 00 00 00 00 00 04 32
Zaimu.dat,17133,4,utf-8,2008,39 00 00 00 00 00 00 04 32 30 30 38 00 00 00 00 00 00 04 32
Zaimu.dat,17144,4,utf-8,2007,38 00 00 00 00 00 00 04 32 30 30 37 00 00 00 00 00 00 00 00
Zaimu.dat,19515,4,utf-8,2018,00 00 00 00 00 F0 BF 09 32 30 31 38 94 4E 33 8C 8E 8E 00 00
Zaimu.dat,19537,4,utf-8,2017,00 00 00 00 00 00 00 09 32 30 31 37 94 4E 33 8C 8E 8E 09 32
Zaimu.dat,19548,4,utf-8,2016,37 94 4E 33 8C 8E 8E 09 32 30 31 36 94 4E 33 8C 8E 8E 00 00
Zaimu.dat,19597,4,utf-8,2014,00 00 00 00 00 48 40 09 32 30 31 34 94 4E 33 8C 8E 8E 00 00
Zaimu.dat,19619,4,utf-8,2013,00 00 00 00 00 00 00 09 32 30 31 33 94 4E 33 8C 8E 8E 09 32
Zaimu.dat,19630,4,utf-8,2012,33 94 4E 33 8C 8E 8E 09 32 30 31 32 94 4E 33 8C 8E 8E 00 00
Zaimu.dat,19828,25,utf-8,http://www.kyokuyo.co.jp/,00 00 00 00 00 00 00 19 68 74 74 70 3A 2F 2F 77 77 77 2E 6B 79 6F 6B 75 79 6F 2E 63 6F 2E 6A 70 2F 00 00 00 00 00 00 00 00
Zaimu.dat,19879,4,utf-8,1949,00 00 00 00 00 00 00 09 31 39 34 39 94 4E 35 8C 8E 8E 33 30
Zaimu.dat,20176,5,utf-8,B<@q=,00 00 00 C3 F5 28 5C 8F 42 3C 40 71 3D 0A D7 A3 70 0D 40 29 5C
Zaimu.dat,20214,5,utf-8,p=rg@,00 00 00 00 00 0A D7 A3 70 3D 72 67 40 AE 47 E1 7A 14 06 64 40
Zaimu.dat,20233,4,utf-8,e@q=,64 40 E1 7A 14 AE 47 F1 65 40 71 3D 0A D7 A3 30 64 40 00 00
Zaimu.dat,20451,8,utf-8,3333336@,00 00 00 00 00 00 00 00 33 33 33 33 33 33 36 40 00 00 00 00 00 80 33 40
Zaimu.dat,20473,7,utf-8,<@33333,33 40 9A 99 99 99 99 19 3C 40 33 33 33 33 33 B3 3C 40 00 00 00 00 00
Zaimu.dat,20771,8,utf-8,3333331@,00 00 00 00 00 00 00 00 33 33 33 33 33 33 31 40 00 00 00 00 00 00 00 00
Zaimu.dat,20833,10,utf-8,a@33333s`@,00 00 C3 F5 28 5C 8F A2 61 40 33 33 33 33 33 73 60 40 00 00 00 00 00 00 00 00
Zaimu.dat,21153,10,utf-8,5@ffffff3@,00 00 00 00 00 00 00 00 35 40 66 66 66 66 66 66 33 40 00 00 00 00 00 00 00 00
Zaimu.dat,21772,12,utf-8,2014/05/0907,00 00 00 00 00 00 00 0A 32 30 31 34 2F 30 35 2F 30 39 30 37 93 FA 00 00 00 00 00 00
Zaimu.dat,22016,10,utf-8,2011/03/31,00 00 00 00 00 00 00 0A 32 30 31 31 2F 30 33 2F 33 31 0A 32 30 31 30 2F 30 33
Zaimu.dat,22027,10,utf-8,2010/03/31,31 2F 30 33 2F 33 31 0A 32 30 31 30 2F 30 33 2F 33 31 0A 32 30 30 39 2F 30 33
Zaimu.dat,22038,10,utf-8,2009/03/31,30 2F 30 33 2F 33 31 0A 32 30 30 39 2F 30 33 2F 33 31 0A 32 30 30 38 2F 30 33
Zaimu.dat,22049,10,utf-8,2008/03/31,39 2F 30 33 2F 33 31 0A 32 30 30 38 2F 30 33 2F 33 31 0A 32 30 30 37 2F 30 33
Zaimu.dat,22060,10,utf-8,2007/03/31,38 2F 30 33 2F 33 31 0A 32 30 30 37 2F 30 33 2F 33 31 04 32 30 31 31 00 00 00
Zaimu.dat,22071,4,utf-8,2011,37 2F 30 33 2F 33 31 04 32 30 31 31 00 00 00 00 00 00 04 32
Zaimu.dat,22082,4,utf-8,2010,31 00 00 00 00 00 00 04 32 30 31 30 00 00 00 00 00 00 04 32
Zaimu.dat,22093,4,utf-8,2009,30 00 00 00 00 00 00 04 32 30 30 39 00 00 00 00 00 00 04 32
Zaimu.dat,22104,4,utf-8,2008,39 00 00 00 00 00 00 04 32 30 30 38 00 00 00 00 00 00 04 32
Zaimu.dat,22115,4,utf-8,2007,38 00 00 00 00 00 00 04 32 30 30 37 00 00 00 00 00 00 00 00
Zaimu.dat,24486,4,utf-8,2014,00 00 00 00 00 48 40 09 32 30 31 34 94 4E 33 8C 8E 8E 00 00
Zaimu.dat,24508,4,utf-8,2013,00 00 00 00 00 00 00 09 32 30 31 33 94 4E 33 8C 8E 8E 09 32
Zaimu.dat,24519,4,utf-8,2012,33 94 4E 33 8C 8E 8E 09 32 30 31 32 94 4E 33 8C 8E 8E 00 00
Zaimu.dat,24717,25,utf-8,http://www.kyokuyo.co.jp/,00 00 00 00 00 00 00 19 68 74 74 70 3A 2F 2F 77 77 77 2E 6B 79 6F 6B 75 79 6F 2E 63 6F 2E 6A 70 2F 00 00 00 00 00 00 00 00
Zaimu.dat,24768,4,utf-8,1949,00 00 00 00 00 00 00 09 31 39 34 39 94 4E 35 8C 8E 8E 33 30
Zaimu.dat,25065,5,utf-8,B<@q=,00 00 00 C3 F5 28 5C 8F 42 3C 40 71 3D 0A D7 A3 70 0D 40 29 5C
Zaimu.dat,25103,5,utf-8,p=rg@,00 00 00 00 00 0A D7 A3 70 3D 72 67 40 AE 47 E1 7A 14 06 64 40
Zaimu.dat,25122,4,utf-8,e@q=,64 40 E1 7A 14 AE 47 F1 65 40 71 3D 0A D7 A3 30 64 40 00 00
Zaimu.dat,25340,8,utf-8,3333336@,00 00 00 00 00 00 00 00 33 33 33 33 33 33 36 40 00 00 00 00 00 80 33 40
Zaimu.dat,25362,7,utf-8,<@33333,33 40 9A 99 99 99 99 19 3C 40 33 33 33 33 33 B3 3C 40 00 00 00 00 00
Zaimu.dat,25660,8,utf-8,3333331@,00 00 00 00 00 00 00 00 33 33 33 33 33 33 31 40 00 00 00 00 00 00 00 00
Zaimu.dat,25722,10,utf-8,a@33333s`@,00 00 C3 F5 28 5C 8F A2 61 40 33 33 33 33 33 73 60 40 00 00 00 00 00 00 00 00
Zaimu.dat,26042,10,utf-8,5@ffffff3@,00 00 00 00 00 00 00 00 35 40 66 66 66 66 66 66 33 40 00 00 00 00 00 00 00 00
Zaimu.dat,26661,12,utf-8,2014/05/0907,00 00 00 00 00 00 00 0A 32 30 31 34 2F 30 35 2F 30 39 30 37 93 FA 00 00 00 00 00 00
Zaimu.dat,26905,10,utf-8,2011/03/31,00 00 00 00 00 00 00 0A 32 30 31 31 2F 30 33 2F 33 31 0A 32 30 31 30 2F 30 33
Zaimu.dat,26916,10,utf-8,2010/03/31,31 2F 30 33 2F 33 31 0A 32 30 31 30 2F 30 33 2F 33 31 0A 32 30 30 39 2F 30 33
Zaimu.dat,26927,10,utf-8,2009/03/31,30 2F 30 33 2F 33 31 0A 32 30 30 39 2F 30 33 2F 33 31 0A 32 30 30 38 2F 30 33
Zaimu.dat,26938,10,utf-8,2008/03/31,39 2F 30 33 2F 33 31 0A 32 30 30 38 2F 30 33 2F 33 31 0A 32 30 30 37 2F 30 33
Zaimu.dat,26949,10,utf-8,2007/03/31,38 2F 30 33 2F 33 31 0A 32 30 30 37 2F 30 33 2F 33 31 04 32 30 31 31 00 00 00
Zaimu.dat,26960,4,utf-8,2011,37 2F 30 33 2F 33 31 04 32 30 31 31 00 00 00 00 00 00 04 32
Zaimu.dat,26971,4,utf-8,2010,31 00 00 00 00 00 00 04 32 30 31 30 00 00 00 00 00 00 04 32
Zaimu.dat,26982,4,utf-8,2009,30 00 00 00 00 00 00 04 32 30 30 39 00 00 00 00 00 00 04 32
Zaimu.dat,26993,4,utf-8,2008,39 00 00 00 00 00 00 04 32 30 30 38 00 00 00 00 00 00 04 32
Zaimu.dat,27004,4,utf-8,2007,38 00 00 00 00 00 00 04 32 30 30 37 00 00 00 00 00 00 00 00
Zaimu.dat,29375,4,utf-8,2014,00 00 00 00 00 48 40 09 32 30 31 34 94 4E 33 8C 8E 8E 00 00
Zaimu.dat,29397,4,utf-8,2013,00 00 00 00 00 00 00 09 32 30 31 33 94 4E 33 8C 8E 8E 09 32
Zaimu.dat,29408,4,utf-8,2012,33 94 4E 33 8C 8E 8E 09 32 30 31 32 94 4E 33 8C 8E 8E 00 00
Zaimu.dat,29606,25,utf-8,http://www.kyokuyo.co.jp/,00 00 00 00 00 00 00 19 68 74 74 70 3A 2F 2F 77 77 77 2E 6B 79 6F 6B 75 79 6F 2E 63 6F 2E 6A 70 2F 00 00 00 00 00 00 00 00
Zaimu.dat,29657,4,utf-8,1949,00 00 00 00 00 00 00 09 31 39 34 39 94 4E 35 8C 8E 8E 33 30
Zaimu.dat,29954,5,utf-8,B<@q=,00 00 00 C3 F5 28 5C 8F 42 3C 40 71 3D 0A D7 A3 70 0D 40 29 5C
Zaimu.dat,29992,5,utf-8,p=rg@,00 00 00 00 00 0A D7 A3 70 3D 72 67 40 AE 47 E1 7A 14 06 64 40
Zaimu.dat,30011,4,utf-8,e@q=,64 40 E1 7A 14 AE 47 F1 65 40 71 3D 0A D7 A3 30 64 40 00 00
Zaimu.dat,30229,8,utf-8,3333336@,00 00 00 00 00 00 00 00 33 33 33 33 33 33 36 40 00 00 00 00 00 80 33 40
Zaimu.dat,30251,7,utf-8,<@33333,33 40 9A 99 99 99 99 19 3C 40 33 33 33 33 33 B3 3C 40 00 00 00 00 00
Zaimu.dat,30549,8,utf-8,3333331@,00 00 00 00 00 00 00 00 33 33 33 33 33 33 31 40 00 00 00 00 00 00 00 00
Zaimu.dat,30611,10,utf-8,a@33333s`@,00 00 C3 F5 28 5C 8F A2 61 40 33 33 33 33 33 73 60 40 00 00 00 00 00 00 00 00
Zaimu.dat,30931,10,utf-8,5@ffffff3@,00 00 00 00 00 00 00 00 35 40 66 66 66 66 66 66 33 40 00 00 00 00 00 00 00 00
Zaimu.dat,31550,12,utf-8,2014/05/0907,00 00 00 00 00 00 00 0A 32 30 31 34 2F 30 35 2F 30 39 30 37 93 FA 00 00 00 00 00 00
Zaimu.dat,31794,10,utf-8,2011/03/31,00 00 00 00 00 00 00 0A 32 30 31 31 2F 30 33 2F 33 31 0A 32 30 31 30 2F 30 33
Zaimu.dat,31805,10,utf-8,2010/03/31,31 2F 30 33 2F 33 31 0A 32 30 31 30 2F 30 33 2F 33 31 0A 32 30 30 39 2F 30 33
Zaimu.dat,31816,10,utf-8,2009/03/31,30 2F 30 33 2F 33 31 0A 32 30 30 39 2F 30 33 2F 33 31 0A 32 30 30 38 2F 30 33
Zaimu.dat,31827,10,utf-8,2008/03/31,39 2F 30 33 2F 33 31 0A 32 30 30 38 2F 30 33 2F 33 31 0A 32 30 30 37 2F 30 33
Zaimu.dat,31838,10,utf-8,2007/03/31,38 2F 30 33 2F 33 31 0A 32 30 30 37 2F 30 33 2F 33 31 04 32 30 31 31 00 00 00
Zaimu.dat,31849,4,utf-8,2011,37 2F 30 33 2F 33 31 04 32 30 31 31 00 00 00 00 00 00 04 32
Zaimu.dat,31860,4,utf-8,2010,31 00 00 00 00 00 00 04 32 30 31 30 00 00 00 00 00 00 04 32
Zaimu.dat,31871,4,utf-8,2009,30 00 00 00 00 00 00 04 32 30 30 39 00 00 00 00 00 00 04 32
Zaimu.dat,31882,4,utf-8,2008,39 00 00 00 00 00 00 04 32 30 30 38 00 00 00 00 00 00 04 32
Zaimu.dat,31893,4,utf-8,2007,38 00 00 00 00 00 00 04 32 30 30 37 00 00 00 00 00 00 00 00
Zaimu.dat,34264,4,utf-8,2014,00 00 00 00 00 48 40 09 32 30 31 34 94 4E 33 8C 8E 8E 00 00
Zaimu.dat,34286,4,utf-8,2013,00 00 00 00 00 00 00 09 32 30 31 33 94 4E 33 8C 8E 8E 09 32
Zaimu.dat,34297,4,utf-8,2012,33 94 4E 33 8C 8E 8E 09 32 30 31 32 94 4E 33 8C 8E 8E 00 00
Zaimu.dat,34495,25,utf-8,http://www.kyokuyo.co.jp/,00 00 00 00 00 00 00 19 68 74 74 70 3A 2F 2F 77 77 77 2E 6B 79 6F 6B 75 79 6F 2E 63 6F 2E 6A 70 2F 00 00 00 00 00 00 00 00
Zaimu.dat,34546,4,utf-8,1949,00 00 00 00 00 00 00 09 31 39 34 39 94 4E 35 8C 8E 8E 33 30
Zaimu.dat,34843,5,utf-8,B<@q=,00 00 00 C3 F5 28 5C 8F 42 3C 40 71 3D 0A D7 A3 70 0D 40 29 5C
Zaimu.dat,34881,5,utf-8,p=rg@,00 00 00 00 00 0A D7 A3 70 3D 72 67 40 AE 47 E1 7A 14 06 64 40
Zaimu.dat,34900,4,utf-8,e@q=,64 40 E1 7A 14 AE 47 F1 65 40 71 3D 0A D7 A3 30 64 40 00 00
Zaimu.dat,35118,8,utf-8,3333336@,00 00 00 00 00 00 00 00 33 33 33 33 33 33 36 40 00 00 00 00 00 80 33 40
Zaimu.dat,35140,7,utf-8,<@33333,33 40 9A 99 99 99 99 19 3C 40 33 33 33 33 33 B3 3C 40 00 00 00 00 00
Zaimu.dat,35438,8,utf-8,3333331@,00 00 00 00 00 00 00 00 33 33 33 33 33 33 31 40 00 00 00 00 00 00 00 00
