1001,東証指数,5,2,0,0,東証指数,0,0,0,0,1001
1010,日経平均,5,3,0,0,日経平均,0,0,0,0,1010
1324,ロシア株式指,0,0,0,0,ロシア株式指数連動型上場投信,38,0,38,0,1324
1553,ＭＡＸＩＳ　,0,0,0,0,ＭＡＸＩＳ　Ｓ＆Ｐ東海上場投信,38,1,38,0,1553
1738,ニットー,0,0,0,0,ニットー,3,1,3,0,1738
1777,川崎設備工業,0,0,0,0,川崎設備工業,3,1,3,0,1777
1869,名工建設,0,0,0,0,名工建設,3,1,3,0,1869
1892,徳倉建設,0,0,0,0,徳倉建設,3,1,3,0,1892
2035,ＮＥＸＴ　日,0,0,0,0,ＮＥＸＴ　日経平均ＶＩ先物,38,1,38,0,2035
2467,バルクホール,0,0,0,0,バルクホールディングス,36,1,36,0,2467
2551,マルサンアイ,0,0,0,0,マルサンアイ,4,1,4,0,2551
2902,太陽化学,0,0,0,0,太陽化学,4,1,4,0,2902
3032,ゴルフ・ドゥ,0,0,0,0,ゴルフ・ドゥ,22,1,22,0,3032
3057,ゼットン,0,0,0,0,ゼットン,22,1,22,0,3057
3066,ＪＢイレブン,0,0,0,0,ＪＢイレブン,36,1,36,0,3066
3260,エスポア,0,0,0,0,エスポア,27,1,27,0,3260
3298,インベスコ・,0,0,0,0,インベスコ・オフィス・ジェイリート投資法人,37,1,37,0,3298
3346,ヒロタグルー,0,0,0,0,ヒロタグループホールディングス,22,1,22,0,3346
3384,アークコア,0,0,0,0,アークコア,21,1,21,0,3384
3419,アートグリー,0,0,0,0,アートグリーン,21,1,21,0,3419
3442,ＭＩＥコーポ,0,0,0,0,ＭＩＥコーポレーション,13,1,13,0,3442
3504,丸八ホールデ,0,0,0,0,丸八ホールディングス,5,1,5,0,3504
3739,コムシード,0,0,0,0,コムシード,36,1,36,0,3739
3775,ガイアックス,0,0,0,0,ガイアックス,36,1,36,0,3775
3808,オウケイウェ,0,0,0,0,オウケイウェイヴ,33,1,33,0,3808
3830,ギガプライズ,0,0,0,0,ギガプライズ,36,1,36,0,3830
3952,中央紙器工業,0,0,0,0,中央紙器工業,6,1,6,0,3952
4349,テスク,0,0,0,0,テスク,36,1,36,0,4349
5075,アップコン,0,0,0,0,アップコン,3,1,3,0,5075
5342,ジャニス工業,0,0,0,0,ジャニス工業,11,1,11,0,5342
5343,ニッコー,0,0,0,0,ニッコー,11,1,11,0,5343
5526,ＬＵＭＢＥＲ,0,0,0,0,ＬＵＭＢＥＲ　ＯＮＥ,0,1,0,0,5526
5530,日本システム,0,0,0,0,日本システムバンク,27,1,27,0,5530
5607,中央可鍛工業,0,0,0,0,中央可鍛工業,12,1,12,0,5607
5836,エージェント,0,0,0,0,エージェント・インシュアランス・グループ,36,1,36,0,5836
5979,カネソウ,0,0,0,0,カネソウ,13,1,13,0,5979
5993,知多鋼業,0,0,0,0,知多鋼業,13,1,13,0,5993
6025,日本ＰＣサー,0,0,0,0,日本ＰＣサービス,36,1,36,0,6025
6111,旭精機工業,0,0,0,0,旭精機工業,14,1,14,0,6111
6142,富士精工,0,0,0,0,富士精工,14,1,14,0,6142
6225,エコム,0,0,0,0,エコム,14,1,14,0,6225
6295,富士変速機,0,0,0,0,富士変速機,14,1,14,0,6295
6439,中日本鋳工,0,0,0,0,中日本鋳工,14,1,14,0,6439
6623,愛知電機,0,0,0,0,愛知電機,15,1,15,0,6623
6655,東洋電機,0,0,0,0,東洋電機,15,1,15,0,6655
6846,中央製作所,0,0,0,0,中央製作所,15,1,15,0,6846
7076,名南Ｍ＆Ａ,0,0,0,0,名南Ｍ＆Ａ,36,1,36,0,7076
7227,アスカ,0,0,0,0,アスカ,17,1,17,0,7227
7485,岡谷鋼機,0,0,0,0,岡谷鋼機,21,1,21,0,7485
7488,ヤガミ,0,0,0,0,ヤガミ,21,1,21,0,7488
7675,セントラルフ,0,0,0,0,セントラルフォレストグループ,21,1,21,0,7675
7870,福島印刷,0,0,0,0,福島印刷,20,1,20,0,7870
7950,日本デコラッ,0,0,0,0,日本デコラックス,7,1,7,0,7950
8071,東海エレクト,0,0,0,0,東海エレクトロニクス,21,1,21,0,8071
8145,中部水産,0,0,0,0,中部水産,21,1,21,0,8145
8190,ヤマナカ,0,0,0,0,ヤマナカ,22,1,22,0,8190
8228,マルイチ産商,0,0,0,0,マルイチ産商,21,1,21,0,8228
9040,大宝運輸,0,0,0,0,大宝運輸,29,1,29,0,9040
9170,成友興業,0,0,0,0,成友興業,36,1,36,0,9170
9357,名港海運,0,0,0,0,名港海運,32,1,32,0,9357
9359,伊勢湾海運,0,0,0,0,伊勢湾海運,32,1,32,0,9359
9402,中部日本放送,0,0,0,0,中部日本放送,33,1,33,0,9402
9471,文溪堂,0,0,0,0,文溪堂,36,1,36,0,9471
9643,中日本興業,0,0,0,0,中日本興業,36,1,36,0,9643
9664,御園座,0,0,0,0,御園座,36,1,36,0,9664
10135,Ｃｒｏｓｓ　,0,0,0,0,Ｃｒｏｓｓ　Ｅホールディングス,0,1,0,0,231A
10170,ハウジング・,0,0,0,0,ハウジング・スタッフ,0,0,0,0,1017
10180,セールスアカ,0,0,0,1,セールスアカデミー,0,0,0,0,482A
10181,センス・トラ,0,0,0,1,センス・トラスト,0,0,0,0,490A
10185,ＪＳｅｃｕｒ,0,0,0,1,ＪＳｅｃｕｒｉｔｙ,0,0,0,0,481A
10188,ニューズドテ,0,0,0,1,ニューズドテック,0,0,0,0,484A
10194,ローカル,0,0,0,1,ローカル,0,0,0,0,470A
10201,プラン・ドゥ,0,0,0,1,プラン・ドゥ,0,0,0,0,458A
10203,バリューソフ,0,0,0,1,バリューソフトホールディングス,0,0,0,0,455A
10204,ルリアン,0,0,0,1,ルリアン,0,0,0,0,457A
10205,アイテル,0,0,0,1,アイテル,0,0,0,0,444A
10206,東洋コーポレ,0,0,0,1,東洋コーポレーション,0,0,0,0,445A
10211,ジェイウェイ,0,0,0,0,ジェイウェイブ,0,0,0,0,437A
10212,アクトビ,0,0,0,0,アクトビ,0,0,0,0,439A
10213,ＬＯＯＰＬＡ,0,0,0,0,ＬＯＯＰＬＡＣＥ,0,0,0,0,434A
10214,ネクストハン,0,0,0,0,ネクストハンズ,0,0,0,0,430A
10218,ＭＪＥ,0,0,0,0,ＭＪＥ,0,0,0,0,433A
10219,ｔａｎｅ　Ｃ,0,0,0,0,ｔａｎｅ　ＣＲＥＡＴＩＶＥ,0,0,0,0,422A
10221,ウリドキ,0,0,0,0,ウリドキ,0,0,0,0,418A
10222,クリニファー,0,0,0,0,クリニファー,0,0,0,0,432A
10225,環境のミカタ,0,0,0,0,環境のミカタホールディングス,0,0,0,0,406A
1301,極洋,1,1,0,1,極洋,1,0,1,0,1301
1332,ニッスイ,1,0,1,1,ニッスイ,1,0,1,1,1332
1333,マルハニチロ,1,0,1,1,マルハニチロ,1,0,1,0,1333
1375,ユキグニファ,1,1,0,1,ユキグニファクトリー,1,0,1,0,1375
1377,サカタのタネ,1,1,0,1,サカタのタネ,1,0,1,0,1377
1379,ホクト,1,1,0,1,ホクト,1,0,1,0,1379
1414,ショーボンド,1,0,0,1,ショーボンドホールディングス,3,0,3,0,1414
1417,ミライト・ワ,1,0,0,1,ミライト・ワン,3,0,3,1,1417
1419,タマホーム,1,0,0,1,タマホーム,3,0,3,0,1419
1429,日本アクア,1,0,0,1,日本アクア,3,0,3,0,1429
1433,ベステラ,1,0,0,1,ベステラ,3,0,3,0,1433
1515,日鉄鉱業,1,0,0,1,日鉄鉱業,2,0,2,0,1515
1518,三井松島ホー,1,0,0,1,三井松島ホールディングス,18,0,18,0,1518
1605,ＩＮＰＥＸ,1,0,1,1,ＩＮＰＥＸ,2,0,2,1,1605
1662,石油資源開発,1,0,0,1,石油資源開発,2,0,2,0,1662
1663,Ｋ＆Ｏエナジ,1,0,0,1,Ｋ＆Ｏエナジーグループ,2,0,2,0,1663
1719,安藤・間,1,1,0,1,安藤・間,3,0,3,1,1719
1720,東急建設,1,0,0,1,東急建設,3,0,3,1,1720
1721,コムシスホー,1,0,1,1,コムシスホールディングス,3,0,3,1,1721
1726,ビーアールホ,1,0,0,1,ビーアールホールディングス,3,0,3,0,1726
1762,高松コンスト,1,0,0,1,高松コンストラクショングループ,3,0,3,0,1762
1766,東建コーポレ,1,0,0,1,東建コーポレーション,3,0,3,1,1766
1773,ワイ・ティー,1,0,0,0,ワイ・ティー・エル・コーポレーション・バーハッド,3,0,3,0,1773
1780,ヤマウラ,1,0,0,1,ヤマウラ,3,0,3,0,1780
1786,オリエンタル,1,0,0,1,オリエンタル白石,3,0,3,0,1786
1801,大成建設,1,0,1,1,大成建設,3,0,3,1,1801
1802,大林組,1,1,1,1,大林組,3,0,3,1,1802
1803,清水建設,1,0,1,1,清水建設,3,0,3,1,1803
1805,飛島建設,1,0,0,0,飛島建設,3,1,3,0,1805
1808,長谷工コーポ,1,0,1,1,長谷工コーポレーション,3,0,3,1,1808
1812,鹿島建設,1,0,1,1,鹿島建設,3,0,3,1,1812
1813,不動テトラ,1,0,0,1,不動テトラ,3,0,3,0,1813
1814,大末建設,1,0,0,1,大末建設,3,0,3,0,1814
1815,鉄建建設,1,0,0,1,鉄建建設,3,0,3,0,1815
1820,西松建設,1,0,0,1,西松建設,3,0,3,1,1820
1821,三井住友建設,1,0,0,1,三井住友建設,3,0,3,1,1821
1833,奥村組,1,1,0,1,奥村組,3,0,3,0,1833
1835,東鉄工業,1,0,0,1,東鉄工業,3,0,3,0,1835
1852,淺沼組,1,1,0,1,淺沼組,3,0,3,0,1852
1860,戸田建設,1,0,0,1,戸田建設,3,0,3,1,1860
1861,熊谷組,1,1,0,1,熊谷組,3,0,3,1,1861
1870,矢作建設工業,1,0,0,1,矢作建設工業,3,0,3,0,1870
1871,ピーエス・コ,1,0,0,1,ピーエス・コンストラクション,3,0,3,0,1871
1873,日本ハウスホ,1,0,0,1,日本ハウスホールディングス,3,0,3,0,1873
1878,大東建託,1,1,0,1,大東建託,26,0,26,1,1878
1879,新日本建設,1,0,0,1,新日本建設,3,0,3,0,1879
1882,東亜道路工業,1,0,0,1,東亜道路工業,3,0,3,0,1882
1884,日本道路,1,0,0,1,日本道路,3,0,3,0,1884
1885,東亜建設工業,1,0,0,1,東亜建設工業,3,0,3,0,1885
1887,日本国土開発,1,0,0,1,日本国土開発,3,0,3,0,1887
1888,若築建設,1,0,0,1,若築建設,3,0,3,0,1888
1890,東洋建設,1,0,0,1,東洋建設,3,0,3,0,1890
1893,五洋建設,1,0,0,1,五洋建設,3,0,3,1,1893
1898,世紀東急工業,1,0,0,1,世紀東急工業,3,0,3,0,1898
1899,福田組,1,1,0,1,福田組,3,0,3,0,1899
1911,住友林業,1,0,0,1,住友林業,3,0,3,1,1911
1925,大和ハウス工,1,0,1,1,大和ハウス工業,3,0,3,1,1925
1926,ライト工業,1,0,0,1,ライト工業,3,0,3,0,1926
1928,積水ハウス,1,0,1,1,積水ハウス,3,0,3,1,1928
1929,日特建設,1,0,0,1,日特建設,3,0,3,0,1929
1930,北陸電気工事,1,1,0,1,北陸電気工事,3,0,3,0,1930
1934,ユアテック,1,0,0,1,ユアテック,3,0,3,0,1934
1938,日本リーテッ,1,0,0,1,日本リーテック,3,0,3,0,1938
1939,四電工,1,0,0,1,四電工,3,0,3,0,1939
1941,中電工,1,0,0,1,中電工,3,0,3,0,1941
1942,関電工,1,0,0,1,関電工,3,0,3,1,1942
1944,きんでん,1,1,0,1,きんでん,3,0,3,0,1944
1945,東京エネシス,1,0,0,1,東京エネシス,3,0,3,0,1945
1946,トーエネック,1,0,0,1,トーエネック,3,0,3,0,1946
1949,住友電設,1,0,0,1,住友電設,3,0,3,0,1949
1950,日本電設工業,1,0,0,1,日本電設工業,3,0,3,0,1950
1951,エクシオグル,1,0,0,1,エクシオグループ,3,0,3,1,1951
1952,新日本空調,1,0,0,1,新日本空調,3,0,3,0,1952
1959,九電工,1,0,0,1,九電工,3,0,3,1,1959
1961,三機工業,1,0,0,1,三機工業,3,0,3,0,1961
1963,日揮ホールデ,1,0,1,1,日揮ホールディングス,3,0,3,0,1963
1964,中外炉工業,1,0,0,1,中外炉工業,3,0,3,0,1964
1968,太平電業,1,0,0,1,太平電業,3,0,3,0,1968
1969,高砂熱学工業,1,0,0,1,高砂熱学工業,3,0,3,0,1969
1975,朝日工業社,1,0,0,1,朝日工業社,3,0,3,0,1975
1976,明星工業,1,0,0,1,明星工業,3,0,3,0,1976
1979,大氣社,1,0,0,1,大氣社,3,0,3,0,1979
1980,ダイダン,1,0,0,1,ダイダン,3,0,3,0,1980
1982,日比谷総合設,1,0,0,1,日比谷総合設備,3,0,3,0,1982
2001,ニップン,1,0,0,1,ニップン,4,0,4,0,2001
2002,日清製粉グル,1,0,1,1,日清製粉グループ本社,4,0,4,0,2002
2004,昭和産業,1,0,0,1,昭和産業,4,0,4,0,2004
2053,中部飼料,1,1,0,1,中部飼料,4,0,4,0,2053
2060,フィード・ワ,1,0,0,1,フィード・ワン,4,0,4,0,2060
2108,日本甜菜製糖,1,1,0,1,日本甜菜製糖,4,0,4,0,2108
2109,ＤＭ三井製糖,1,0,0,1,ＤＭ三井製糖,4,0,4,0,2109
2117,ウェルネオシ,1,0,0,1,ウェルネオシュガー,4,0,4,0,2117
2120,ＬＩＦＵＬＬ,1,0,0,1,ＬＩＦＵＬＬ,33,0,33,0,2120
2121,ＭＩＸＩ,1,0,0,1,ＭＩＸＩ,33,0,33,1,2121
2124,ジェイエイシ,1,0,0,1,ジェイエイシーリクルートメント,33,0,33,0,2124
2127,日本Ｍ＆Ａセ,1,0,0,1,日本Ｍ＆Ａセンターホールディングス,33,0,33,1,2127
2130,メンバーズ,1,0,0,1,メンバーズ,33,0,33,0,2130
2146,ＵＴグループ,1,1,0,1,ＵＴグループ,33,0,33,1,2146
2148,アイティメデ,1,0,0,1,アイティメディア,33,0,33,0,2148
2150,ケアネット,1,1,0,1,ケアネット,33,0,33,0,2150
2153,Ｅ・Ｊホール,1,0,0,1,Ｅ・Ｊホールディングス,33,0,33,0,2153
2154,オープンアッ,1,0,0,1,オープンアップグループ,33,0,33,0,2154
2157,コシダカホー,1,0,0,1,コシダカホールディングス,33,0,33,0,2157
2163,アルトナー,1,0,0,1,アルトナー,33,0,33,0,2163
2168,パソナグルー,1,0,0,1,パソナグループ,33,0,33,0,2168
2170,リンクアンド,1,0,0,1,リンクアンドモチベーション,33,0,33,0,2170
2175,エス・エム・,1,0,0,1,エス・エム・エス,33,0,33,1,2175
2181,パーソルホー,1,0,0,1,パーソルホールディングス,33,0,33,1,2181
2198,アイ・ケイ・,1,0,0,1,アイ・ケイ・ケイホールディングス,33,0,33,0,2198
2201,森永製菓,1,1,0,1,森永製菓,4,0,4,1,2201
2206,江崎グリコ,1,0,0,1,江崎グリコ,4,0,4,0,2206
2207,名糖産業,1,0,0,1,名糖産業,4,0,4,0,2207
2209,井村屋グルー,1,0,0,1,井村屋グループ,4,0,4,0,2209
2211,不二家,1,0,0,1,不二家,4,0,4,0,2211
2212,山崎製パン,1,0,0,1,山崎製パン,4,0,4,0,2212
2217,モロゾフ,1,1,0,1,モロゾフ,4,0,4,0,2217
2220,亀田製菓,1,1,0,1,亀田製菓,4,0,4,0,2220
2222,寿スピリッツ,1,0,0,1,寿スピリッツ,4,0,4,0,2222
2229,カルビー,1,0,0,1,カルビー,4,0,4,1,2229
2264,森永乳業,1,0,0,1,森永乳業,4,0,4,1,2264
2266,六甲バター,1,0,0,1,六甲バター,4,0,4,0,2266
2267,ヤクルト本社,1,0,0,1,ヤクルト本社,4,0,4,1,2267
2269,明治ホールデ,1,0,1,1,明治ホールディングス,4,0,4,1,2269
2270,雪印メグミル,1,0,0,1,雪印メグミルク,4,0,4,0,2270
2281,プリマハム,1,0,0,1,プリマハム,4,0,4,1,2281
2282,日本ハム,1,0,1,1,日本ハム,4,0,4,1,2282
2288,丸大食品,1,0,0,1,丸大食品,4,0,4,0,2288
2292,Ｓ　Ｆｏｏｄ,1,0,0,1,Ｓ　Ｆｏｏｄｓ,4,0,4,0,2292
2294,柿安本店,1,1,0,1,柿安本店,4,0,4,0,2294
2296,伊藤ハム米久,1,0,0,1,伊藤ハム米久ホールディングス,4,0,4,0,2296
2301,学情,1,1,0,1,学情,33,0,33,0,2301
2307,クロスキャッ,1,0,0,1,クロスキャット,31,0,31,0,2307
2309,シミックホー,1,0,0,0,シミックホールディングス,36,1,36,0,2309
2317,システナ,1,0,0,1,システナ,31,0,31,1,2317
2325,ＮＪＳ,1,0,0,1,ＮＪＳ,33,0,33,0,2325
2326,デジタルアー,1,0,0,1,デジタルアーツ,31,0,31,0,2326
2327,日鉄ソリュー,1,0,0,1,日鉄ソリューションズ,31,0,31,1,2327
2331,ＡＬＳＯＫ,1,0,0,1,ＡＬＳＯＫ,33,0,33,1,2331
2335,キューブシス,1,0,0,1,キューブシステム,31,0,31,0,2335
2337,いちご,1,1,0,1,いちご,26,0,26,1,2337
2353,日本駐車場開,1,0,0,1,日本駐車場開発,26,0,26,0,2353
2359,コア,1,0,0,1,コア,31,0,31,0,2359
2371,カカクコム,1,0,0,1,カカクコム,33,0,33,1,2371
2374,セントケア・,1,0,0,1,セントケア・ホールディング,33,0,33,0,2374
2378,ルネサンス,1,0,0,1,ルネサンス,33,0,33,0,2378
2379,ディップ,1,0,0,1,ディップ,33,0,33,1,2379
2384,ＳＢＳホール,1,0,0,1,ＳＢＳホールディングス,27,0,27,0,2384
2389,デジタルホー,1,0,0,1,デジタルホールディングス,33,0,33,0,2389
2395,新日本科学,1,0,0,1,新日本科学,33,0,33,0,2395
2410,キャリアデザ,1,0,0,1,キャリアデザインセンター,33,0,33,0,2410
2413,エムスリー,1,0,1,1,エムスリー,33,0,33,1,2413
2429,ワールドホー,1,0,0,1,ワールドホールディングス,33,0,33,0,2429
2432,ディー・エヌ,1,0,1,1,ディー・エヌ・エー,33,0,33,0,2432
2433,博報堂ＤＹホ,1,0,0,1,博報堂ＤＹホールディングス,33,0,33,1,2433
2453,ジャパンベス,1,0,0,0,ジャパンベストレスキューシステム,36,1,36,0,2453
2461,ファンコミュ,1,0,0,1,ファンコミュニケーションズ,33,0,33,0,2461
2462,ライク,1,0,0,1,ライク,33,0,33,0,2462
2471,エスプール,1,0,0,1,エスプール,33,0,33,0,2471
2475,ＷＤＢホール,1,0,0,1,ＷＤＢホールディングス,33,0,33,0,2475
2491,バリューコマ,1,0,0,1,バリューコマース,33,0,33,0,2491
2492,インフォマー,1,0,0,1,インフォマート,33,0,33,0,2492
2501,サッポロホー,1,0,1,1,サッポロホールディングス,4,0,4,0,2501
2502,アサヒグルー,1,0,1,1,アサヒグループホールディングス,4,0,4,1,2502
2503,キリンホール,1,0,1,1,キリンホールディングス,4,0,4,1,2503
2531,宝ホールディ,1,0,1,1,宝ホールディングス,4,0,4,0,2531
2533,オエノンホー,1,0,0,1,オエノンホールディングス,4,0,4,0,2533
2540,養命酒製造,1,0,0,1,養命酒製造,4,0,4,0,2540
2579,コカ・コーラ,1,0,0,1,コカ・コーラ　ボトラーズジャパンホールディングス,4,0,4,0,2579
2585,ライフドリン,1,0,0,1,ライフドリンク　カンパニー,4,0,4,0,2585
2587,サントリー食,1,0,0,1,サントリー食品インターナショナル,4,0,4,1,2587
2590,ダイドーグル,1,0,0,1,ダイドーグループホールディングス,4,0,4,0,2590
2593,伊藤園第１種,1,0,2,1,伊藤園第１種優先株式,4,0,4,0,2593
2594,キーコーヒー,1,0,0,1,キーコーヒー,4,0,4,0,2594
2602,日清オイリオ,1,0,0,1,日清オイリオグループ,4,0,4,0,2602
2607,不二製油,1,0,0,1,不二製油,4,0,4,0,2607
2613,Ｊ－オイルミ,1,0,0,1,Ｊ－オイルミルズ,4,0,4,0,2613
2659,サンエー,1,0,0,1,サンエー,21,0,21,0,2659
2664,カワチ薬品,1,1,0,1,カワチ薬品,21,0,21,0,2664
2670,エービーシー,1,0,0,1,エービーシー・マート,21,0,21,1,2670
2674,ハードオフコ,1,0,0,1,ハードオフコーポレーション,21,0,21,0,2674
2676,高千穂交易,1,1,0,1,高千穂交易,20,0,20,0,2676
2678,アスクル,1,0,0,1,アスクル,21,0,21,0,2678
2681,ゲオホールデ,1,0,0,1,ゲオホールディングス,21,0,21,0,2681
2685,アダストリア,1,0,0,1,アダストリア,21,0,21,0,2685
2692,伊藤忠食品,1,0,0,1,伊藤忠食品,20,0,20,0,2692
2695,くら寿司,1,0,0,1,くら寿司,21,0,21,0,2695
2715,エレマテック,1,0,0,1,エレマテック,20,0,20,0,2715
2726,パルグループ,1,0,0,1,パルグループホールディングス,21,0,21,0,2726
2730,エディオン,1,0,0,1,エディオン,21,0,21,0,2730
2733,あらた,1,1,0,1,あらた,20,0,20,0,2733
2734,サーラコーポ,1,0,0,1,サーラコーポレーション,21,0,21,0,2734
2737,トーメンデバ,1,0,0,1,トーメンデバイス,20,0,20,0,2737
2742,ハローズ,1,0,0,1,ハローズ,21,0,21,0,2742
2749,ＪＰホールデ,1,0,0,1,ＪＰホールディングス,33,0,33,0,2749
2752,フジオフード,1,0,0,1,フジオフードグループ本社,21,0,21,0,2752
2753,あみやき亭,1,0,0,1,あみやき亭,21,0,21,0,2753
2760,東京エレクト,1,0,0,1,東京エレクトロン　デバイス,20,0,20,0,2760
2767,円谷フィール,1,0,0,1,円谷フィールズホールディングス,20,0,20,0,2767
2768,双日,1,0,1,1,双日,20,0,20,1,2768
2784,アルフレッサ,1,0,0,1,アルフレッサ　ホールディングス,20,0,20,1,2784
2791,大黒天物産,1,0,0,1,大黒天物産,21,0,21,0,2791
2792,ハニーズホー,1,0,0,1,ハニーズホールディングス,21,0,21,0,2792
2801,キッコーマン,1,0,1,1,キッコーマン,4,0,4,1,2801
2802,味の素,1,0,1,1,味の素,4,0,4,1,2802
2804,ブルドックソ,1,0,0,1,ブルドックソース,4,0,4,0,2804
2809,キユーピー,1,0,0,1,キユーピー,4,0,4,1,2809
2810,ハウス食品グ,1,0,0,1,ハウス食品グループ本社,4,0,4,0,2810
2811,カゴメ,1,0,0,1,カゴメ,4,0,4,1,2811
2815,アリアケジャ,1,0,0,1,アリアケジャパン,4,0,4,1,2815
2871,ニチレイ,1,0,1,1,ニチレイ,4,0,4,1,2871
2874,横浜冷凍,1,1,0,1,横浜冷凍,20,0,20,0,2874
2875,東洋水産,1,0,0,1,東洋水産,4,0,4,1,2875
2882,イートアンド,1,0,0,1,イートアンドホールディングス,4,0,4,0,2882
2884,ヨシムラ・フ,1,0,0,1,ヨシムラ・フード・ホールディングス,4,0,4,0,2884
2897,日清食品ホー,1,0,0,1,日清食品ホールディングス,4,0,4,1,2897
2899,永谷園ホール,1,0,0,0,永谷園ホールディングス,4,1,4,0,2899
2908,フジッコ,1,0,0,1,フジッコ,4,0,4,0,2908
2910,ロック・フィ,1,0,0,1,ロック・フィールド,4,0,4,0,2910
2914,日本たばこ産,1,0,1,1,日本たばこ産業,4,0,4,1,2914
2915,ケンコーマヨ,1,0,0,1,ケンコーマヨネーズ,4,0,4,0,2915
2918,わらべや日洋,1,0,0,1,わらべや日洋ホールディングス,4,0,4,0,2918
2922,なとり,1,1,0,1,なとり,4,0,4,0,2922
2929,ファーマフー,1,0,0,1,ファーマフーズ,4,0,4,0,2929
2930,北の達人コー,1,0,0,1,北の達人コーポレーション,7,0,7,0,2930
2931,ユーグレナ,1,1,0,1,ユーグレナ,4,0,4,0,2931
2933,紀文食品,1,0,0,1,紀文食品,4,0,4,0,2933
2935,ピックルスホ,1,0,0,1,ピックルスホールディングス,4,0,4,0,2935
2975,スター・マイ,1,0,0,1,スター・マイカ・ホールディングス,26,0,26,0,2975
2980,ＳＲＥホール,1,0,0,1,ＳＲＥホールディングス,26,0,26,0,2980
2982,ＡＤワークス,1,0,0,1,ＡＤワークスグループ,26,0,26,0,2982
3002,グンゼ,1,0,0,1,グンゼ,5,0,5,0,3002
3003,ヒューリック,1,0,0,1,ヒューリック,26,0,26,1,3003
3028,アルペン,1,0,0,1,アルペン,21,0,21,0,3028
3031,ラクーンホー,1,0,0,1,ラクーンホールディングス,31,0,31,0,3031
3034,クオールホー,1,0,0,1,クオールホールディングス,21,0,21,0,3034
3036,アルコニック,1,0,0,1,アルコニックス,20,0,20,0,3036
3038,神戸物産,1,0,0,1,神戸物産,20,0,20,1,3038
3040,ソリトンシス,1,0,0,1,ソリトンシステムズ,31,0,31,0,3040
3046,ジンズホール,1,0,0,1,ジンズホールディングス,21,0,21,0,3046
3048,ビックカメラ,1,0,0,1,ビックカメラ,21,0,21,1,3048
3050,ＤＣＭホール,1,0,0,1,ＤＣＭホールディングス,21,0,21,0,3050
3064,Ｍｏｎｏｔａ,1,0,0,1,ＭｏｎｏｔａＲＯ,21,0,21,1,3064
3073,ＤＤグループ,1,1,0,1,ＤＤグループ,21,0,21,0,3073
3076,あい　ホール,1,0,0,1,あい　ホールディングス,20,0,20,0,3076
3086,Ｊ．フロント,1,0,1,1,Ｊ．フロント　リテイリング,21,0,21,0,3086
3087,ドトール・日,1,0,0,1,ドトール・日レスホールディングス,21,0,21,0,3087
3088,マツキヨココ,1,0,0,1,マツキヨココカラ＆カンパニー,21,0,21,1,3088
3091,ブロンコビリ,1,0,0,1,ブロンコビリー,21,0,21,0,3091
3092,ＺＯＺＯ,1,0,0,1,ＺＯＺＯ,21,0,21,1,3092
3093,トレジャー・,1,0,0,1,トレジャー・ファクトリー,21,0,21,0,3093
3097,物語コーポレ,1,0,0,1,物語コーポレーション,21,0,21,0,3097
3099,三越伊勢丹ホ,1,0,1,1,三越伊勢丹ホールディングス,21,0,21,0,3099
3101,東洋紡,1,0,1,1,東洋紡,5,0,5,0,3101
3104,富士紡ホール,1,0,0,1,富士紡ホールディングス,5,0,5,0,3104
3105,日清紡ホール,1,0,0,1,日清紡ホールディングス,16,0,16,0,3105
3106,倉敷紡績,1,0,0,1,倉敷紡績,5,0,5,0,3106
3107,ダイワボウホ,1,0,0,1,ダイワボウホールディングス,20,0,20,1,3107
3109,シキボウ,1,0,0,1,シキボウ,5,0,5,0,3109
3110,日東紡績,1,0,0,1,日東紡績,11,0,11,0,3110
3116,トヨタ紡織,1,1,0,1,トヨタ紡織,17,0,17,1,3116
3132,マクニカホー,1,0,0,1,マクニカホールディングス,20,0,20,0,3132
3139,ラクト・ジャ,1,0,0,1,ラクト・ジャパン,20,0,20,0,3139
3141,ウエルシアホ,1,0,0,1,ウエルシアホールディングス,21,0,21,1,3141
3148,クリエイトＳ,1,0,0,1,クリエイトＳＤホールディングス,21,0,21,1,3148
3150,グリムス,1,0,0,1,グリムス,21,0,21,0,3150
3151,バイタルケー,1,0,0,1,バイタルケーエスケー・ホールディングス,20,0,20,0,3151
3153,八洲電機,1,1,0,1,八洲電機,20,0,20,0,3153
3154,メディアスホ,1,0,0,1,メディアスホールディングス,20,0,20,0,3154
3156,レスター,1,0,0,1,レスター,20,0,20,0,3156
3167,ＴＯＫＡＩホ,1,0,0,1,ＴＯＫＡＩホールディングス,20,0,20,1,3167
3176,三洋貿易,1,1,0,1,三洋貿易,20,0,20,0,3176
3179,シュッピン,1,0,0,1,シュッピン,21,0,21,0,3179
3180,ビューティガ,1,0,0,1,ビューティガレージ,20,0,20,0,3180
3182,オイシックス,1,0,0,1,オイシックス・ラ・大地,21,0,21,0,3182
3183,ウイン・パー,1,0,0,1,ウイン・パートナーズ,20,0,20,0,3183
3186,ネクステージ,1,0,0,1,ネクステージ,21,0,21,0,3186
3191,ジョイフル本,1,0,0,1,ジョイフル本田,21,0,21,0,3191
3193,エターナルホ,1,0,0,1,エターナルホスピタリティグループ,21,0,21,0,3193
3196,ホットランド,1,1,0,1,ホットランドホールディングス,21,0,21,0,3196
3197,すかいらーく,1,0,0,1,すかいらーくホールディングス,21,0,21,0,3197
3198,ＳＦＰホール,1,0,0,1,ＳＦＰホールディングス,21,0,21,0,3198
3199,綿半ホールデ,1,0,0,1,綿半ホールディングス,21,0,21,0,3199
3201,日本毛織,1,1,0,1,日本毛織,5,0,5,0,3201
3221,ヨシックスホ,1,0,0,1,ヨシックスホールディングス,21,0,21,0,3221
3231,野村不動産ホ,1,0,0,1,野村不動産ホールディングス,26,0,26,1,3231
3232,三重交通グル,1,0,0,1,三重交通グループホールディングス,26,0,26,0,3232
3245,ディア・ライ,1,0,0,1,ディア・ライフ,26,0,26,0,3245
3252,地主,1,0,0,1,地主,26,0,26,0,3252
3276,ＪＰＭＣ,1,0,0,1,ＪＰＭＣ,26,0,26,0,3276
3284,フージャース,1,0,0,1,フージャースホールディングス,26,0,26,0,3284
3288,オープンハウ,1,0,0,1,オープンハウスグループ,26,0,26,1,3288
3289,東急不動産ホ,1,0,1,1,東急不動産ホールディングス,26,0,26,1,3289
3291,飯田グループ,1,0,0,1,飯田グループホールディングス,26,0,26,1,3291
3302,帝国繊維,1,0,0,1,帝国繊維,5,0,5,0,3302
3315,日本コークス,1,0,0,1,日本コークス工業,9,0,9,0,3315
3319,ゴルフダイジ,1,0,0,1,ゴルフダイジェスト・オンライン,21,0,21,0,3319
3328,ＢＥＥＮＯＳ,1,0,0,1,ＢＥＥＮＯＳ,21,0,21,0,3328
3333,あさひ,1,0,0,1,あさひ,21,0,21,0,3333
3341,日本調剤,1,0,0,1,日本調剤,21,0,21,0,3341
3349,コスモス薬品,1,1,0,1,コスモス薬品,21,0,21,1,3349
3360,シップヘルス,1,0,0,1,シップヘルスケアホールディングス,20,0,20,1,3360
3371,ソフトクリエ,1,0,0,1,ソフトクリエイトホールディングス,31,0,31,0,3371
3382,セブン＆アイ,1,0,1,1,セブン＆アイ・ホールディングス,21,0,21,1,3382
3387,クリエイト・,1,0,0,1,クリエイト・レストランツ・ホールディングス,21,0,21,0,3387
3388,明治電機工業,1,0,0,1,明治電機工業,20,0,20,0,3388
3391,ツルハホール,1,0,0,1,ツルハホールディングス,21,0,21,1,3391
3393,スターティア,1,0,0,1,スターティアホールディングス,20,0,20,0,3393
3395,サンマルクホ,1,0,0,1,サンマルクホールディングス,21,0,21,0,3395
3397,トリドールホ,1,0,0,1,トリドールホールディングス,21,0,21,0,3397
3401,帝人,1,0,1,1,帝人,5,0,5,1,3401
3402,東レ,1,0,1,1,東レ,5,0,5,1,3402
3405,クラレ,1,2,1,1,クラレ,7,0,7,1,3405
3407,旭化成,1,2,1,1,旭化成,7,0,7,1,3407
3415,ＴＯＫＹＯ　,1,0,0,1,ＴＯＫＹＯ　ＢＡＳＥ,21,0,21,0,3415
3431,宮地エンジニ,1,0,0,1,宮地エンジニアリンググループ,13,0,13,0,3431
3433,トーカロ,1,0,0,1,トーカロ,13,0,13,0,3433
3436,ＳＵＭＣＯ,1,0,1,1,ＳＵＭＣＯ,13,0,13,1,3436
3443,川田テクノロ,1,0,0,1,川田テクノロジーズ,13,0,13,0,3443
3445,ＲＳ　Ｔｅｃ,1,0,0,1,ＲＳ　Ｔｅｃｈｎｏｌｏｇｉｅｓ,13,0,13,0,3445
3457,Ａｎｄ　Ｄｏ,1,0,0,1,Ａｎｄ　Ｄｏホールディングス,26,0,26,0,3457
3465,ケイアイスタ,1,0,0,1,ケイアイスター不動産,26,0,26,0,3465
3475,グッドコムア,1,0,0,1,グッドコムアセット,26,0,26,0,3475
3480,ジェイ・エス,1,0,0,1,ジェイ・エス・ビー,26,0,26,0,3480
3482,ロードスター,1,0,0,1,ロードスターキャピタル,26,0,26,0,3482
3486,グローバル・,1,0,0,1,グローバル・リンク・マネジメント,26,0,26,0,3486
3496,アズーム,1,0,0,1,アズーム,26,0,26,0,3496
3498,霞ヶ関キャピ,1,0,0,1,霞ヶ関キャピタル,26,0,26,0,3498
3501,ＳＵＭＩＮＯ,1,0,0,1,ＳＵＭＩＮＯＥ,5,0,5,0,3501
3539,ＪＭホールデ,1,0,0,1,ＪＭホールディングス,21,0,21,0,3539
3543,コメダホール,1,0,0,1,コメダホールディングス,20,0,20,1,3543
3546,アレンザホー,1,0,0,1,アレンザホールディングス,21,0,21,0,3546
3548,バロックジャ,1,0,0,1,バロックジャパンリミテッド,21,0,21,0,3548
3549,クスリのアオ,1,0,0,1,クスリのアオキホールディングス,21,0,21,1,3549
3561,力の源ホール,1,0,0,1,力の源ホールディングス,21,0,21,0,3561
3563,ＦＯＯＤ　＆,1,0,0,1,ＦＯＯＤ　＆　ＬＩＦＥ　ＣＯＭＰＡＮＩＥＳ,21,0,21,1,3563
3569,セーレン,1,0,0,1,セーレン,5,0,5,0,3569
3580,小松マテーレ,1,0,0,1,小松マテーレ,5,0,5,0,3580
3591,ワコールホー,1,0,0,1,ワコールホールディングス,5,0,5,0,3591
3593,ホギメディカ,1,0,0,1,ホギメディカル,5,0,5,0,3593
3608,ＴＳＩホール,1,0,0,1,ＴＳＩホールディングス,5,0,5,0,3608
3612,ワールド,1,1,0,1,ワールド,5,0,5,0,3612
3626,ＴＩＳ,1,0,0,1,ＴＩＳ,31,0,31,1,3626
3632,グリーホール,1,0,0,1,グリーホールディングス,31,0,31,0,3632
3635,コーエーテク,1,0,0,1,コーエーテクモホールディングス,31,0,31,1,3635
3636,三菱総合研究,1,0,0,1,三菱総合研究所,31,0,31,0,3636
3649,ファインデッ,1,0,0,1,ファインデックス,31,0,31,0,3649
3655,ブレインパッ,1,0,0,1,ブレインパッド,31,0,31,0,3655
3656,ＫＬａｂ,1,1,0,1,ＫＬａｂ,31,0,31,0,3656
3657,ポールトゥウ,1,0,0,1,ポールトゥウィンホールディングス,31,0,31,0,3657
3659,ネクソン,1,0,0,1,ネクソン,31,0,31,1,3659
3660,アイスタイル,1,0,0,1,アイスタイル,31,0,31,0,3660
3661,エムアップホ,1,0,0,1,エムアップホールディングス,31,0,31,0,3661
3662,エイチームホ,1,0,0,1,エイチームホールディングス,31,0,31,0,3662
3663,セルシス,1,0,0,1,セルシス,31,0,31,0,3663
3665,エニグモ,1,0,0,1,エニグモ,31,0,31,0,3665
3668,コロプラ,1,0,0,1,コロプラ,31,0,31,0,3668
3673,ブロードリー,1,0,0,1,ブロードリーフ,31,0,31,0,3673
3676,デジタルハー,1,0,0,1,デジタルハーツホールディングス,31,0,31,0,3676
3678,メディアドゥ,1,0,0,1,メディアドゥ,31,0,31,0,3678
3679,じげん,1,1,0,1,じげん,31,0,31,0,3679
3681,ブイキューブ,1,1,0,1,ブイキューブ,31,0,31,0,3681
3687,フィックスタ,1,0,0,1,フィックスターズ,31,0,31,0,3687
3688,ＣＡＲＴＡ　,1,0,0,0,ＣＡＲＴＡ　ＨＯＬＤＩＮＧＳ,31,0,31,0,3688
3694,オプティム,1,0,0,1,オプティム,31,0,31,0,3694
3696,セレス,1,0,0,1,セレス,31,0,31,0,3696
3697,ＳＨＩＦＴ,1,0,0,1,ＳＨＩＦＴ,31,0,31,0,3697
3708,特種東海製紙,1,1,0,1,特種東海製紙,6,0,6,0,3708
3741,セック,1,0,0,1,セック,31,0,31,0,3741
3762,テクマトリッ,1,0,0,1,テクマトリックス,31,0,31,0,3762
3763,プロシップ,1,0,0,1,プロシップ,31,0,31,0,3763
3765,ガンホー・オ,1,0,0,1,ガンホー・オンライン・エンターテイメント,31,0,31,1,3765
3769,ＧＭＯペイメ,1,0,0,1,ＧＭＯペイメントゲートウェイ,31,0,31,1,3769
3771,システムリサ,1,0,0,1,システムリサーチ,31,0,31,0,3771
3774,インターネッ,1,0,0,1,インターネットイニシアティブ,31,0,31,0,3774
3778,さくらインタ,1,0,0,1,さくらインターネット,31,0,31,0,3778
3788,ＧＭＯグロー,1,0,0,1,ＧＭＯグローバルサイン・ホールディングス,31,0,31,0,3788
3817,ＳＲＡホール,1,0,0,1,ＳＲＡホールディングス,31,0,31,0,3817
3834,朝日ネット,1,1,0,1,朝日ネット,31,0,31,0,3834
3835,ｅＢＡＳＥ,1,0,0,1,ｅＢＡＳＥ,31,0,31,0,3835
3836,アバントグル,1,0,0,1,アバントグループ,31,0,31,0,3836
3837,アドソル日進,1,0,0,1,アドソル日進,31,0,31,0,3837
3843,フリービット,1,1,0,1,フリービット,31,0,31,0,3843
3844,コムチュア,1,0,0,1,コムチュア,31,0,31,0,3844
3853,アステリア,1,0,0,1,アステリア,31,0,31,0,3853
3854,アイル,1,0,0,1,アイル,31,0,31,0,3854
3861,王子ホールデ,1,0,1,1,王子ホールディングス,6,0,6,1,3861
3863,日本製紙,1,1,1,1,日本製紙,6,0,6,0,3863
3864,三菱製紙,1,1,0,1,三菱製紙,6,0,6,0,3864
3865,北越コーポレ,1,0,0,1,北越コーポレーション,6,0,6,0,3865
3877,中越パルプ工,1,0,0,1,中越パルプ工業,6,0,6,0,3877
3880,大王製紙,1,1,0,1,大王製紙,6,0,6,1,3880
3901,マークライン,1,0,0,1,マークラインズ,31,0,31,0,3901
3902,メディカル・,1,0,0,1,メディカル・データ・ビジョン,31,0,31,0,3902
3903,ｇｕｍｉ,1,1,0,1,ｇｕｍｉ,31,0,31,0,3903
3915,テラスカイ,1,0,0,1,テラスカイ,31,0,31,0,3915
3916,デジタル・イ,1,0,0,1,デジタル・インフォメーション・テクノロジー,31,0,31,0,3916
3921,ネオジャパン,1,0,0,1,ネオジャパン,31,0,31,0,3921
3922,ＰＲ　ＴＩＭ,1,0,0,1,ＰＲ　ＴＩＭＥＳ,31,0,31,0,3922
3923,ラクス,1,0,0,1,ラクス,31,0,31,1,3923
3924,ランドコンピ,1,0,0,1,ランドコンピュータ,31,0,31,0,3924
3925,ダブルスタン,1,0,0,1,ダブルスタンダード,31,0,31,0,3925
3932,アカツキ,1,0,0,1,アカツキ,31,0,31,1,3932
3939,カナミックネ,1,0,0,1,カナミックネットワーク,31,0,31,0,3939
3941,レンゴー,1,0,0,1,レンゴー,6,0,6,1,3941
3946,トーモク,1,0,0,1,トーモク,6,0,6,0,3946
3950,ザ・パック,1,0,0,1,ザ・パック,6,0,6,0,3950
3962,チェンジホー,1,0,0,1,チェンジホールディングス,31,0,31,0,3962
3963,シンクロ・フ,1,0,0,1,シンクロ・フード,31,0,31,0,3963
3964,オークネット,1,1,0,1,オークネット,31,0,31,0,3964
3968,セグエグルー,1,0,0,1,セグエグループ,31,0,31,0,3968
3983,オロ,1,0,0,1,オロ,31,0,31,0,3983
3984,ユーザーロー,1,0,0,1,ユーザーローカル,31,0,31,0,3984
3992,ニーズウェル,1,0,0,1,ニーズウェル,31,0,31,0,3992
3993,ＰＫＳＨＡ　,1,0,0,1,ＰＫＳＨＡ　Ｔｅｃｈｎｏｌｏｇｙ,31,0,31,0,3993
3994,マネーフォワ,1,0,0,1,マネーフォワード,31,0,31,0,3994
4004,レゾナック・,1,0,1,1,レゾナック・ホールディングス,7,0,7,1,4004
4005,住友化学,1,0,1,1,住友化学,7,0,7,1,4005
4008,住友精化,1,1,0,1,住友精化,7,0,7,0,4008
4021,日産化学,1,0,1,1,日産化学,7,0,7,1,4021
4022,ラサ工業,1,0,0,1,ラサ工業,7,0,7,0,4022
4023,クレハ,1,1,0,1,クレハ,7,0,7,0,4023
4025,多木化学,1,0,0,1,多木化学,7,0,7,0,4025
4027,テイカ,1,0,0,1,テイカ,7,0,7,0,4027
4028,石原産業,1,0,0,1,石原産業,7,0,7,0,4028
4041,日本曹達,1,1,1,1,日本曹達,7,0,7,0,4041
4042,東ソー,1,0,1,1,東ソー,7,0,7,1,4042
4043,トクヤマ,1,1,1,1,トクヤマ,7,0,7,1,4043
4044,セントラル硝,1,0,0,1,セントラル硝子,7,0,7,0,4044
4045,東亞合成,1,1,0,1,東亞合成,7,0,7,0,4045
4046,大阪ソーダ,1,0,0,1,大阪ソーダ,7,0,7,0,4046
4047,関東電化工業,1,0,0,1,関東電化工業,7,0,7,0,4047
4051,ＧＭＯフィナ,1,0,0,1,ＧＭＯフィナンシャルゲート,31,0,31,0,4051
4053,Ｓｕｎ　Ａｓ,1,0,0,1,Ｓｕｎ　Ａｓｔｅｒｉｓｋ,31,0,31,0,4053
4061,デンカ,1,0,1,1,デンカ,7,0,7,1,4061
4062,イビデン,1,0,0,1,イビデン,16,0,16,0,4062
4063,信越化学工業,1,0,1,1,信越化学工業,7,0,7,1,4063
4064,日本カーバイ,1,0,0,1,日本カーバイド工業,7,0,7,0,4064
4071,プラスアルフ,1,0,0,1,プラスアルファ・コンサルティング,31,0,31,0,4071
4072,電算システム,1,0,0,1,電算システムホールディングス,31,0,31,0,4072
4078,堺化学工業,1,0,0,1,堺化学工業,7,0,7,0,4078
4082,第一稀元素化,1,0,0,1,第一稀元素化学工業,7,0,7,0,4082
4088,エア・ウォー,1,0,0,1,エア・ウォーター,7,0,7,1,4088
4091,日本酸素ホー,1,0,0,1,日本酸素ホールディングス,7,0,7,1,4091
4092,日本化学工業,1,0,0,1,日本化学工業,7,0,7,0,4092
4095,日本パーカラ,1,0,0,1,日本パーカライジング,7,0,7,0,4095
4097,高圧ガス工業,1,0,0,1,高圧ガス工業,7,0,7,0,4097
4099,四国化成ホー,1,0,0,1,四国化成ホールディングス,7,0,7,0,4099
4109,ステラ　ケミ,1,2,0,1,ステラ　ケミファ,7,0,7,0,4109
4112,保土谷化学工,1,0,0,1,保土谷化学工業,7,0,7,0,4112
4114,日本触媒,1,1,0,1,日本触媒,7,0,7,0,4114
4116,大日精化工業,1,0,0,1,大日精化工業,7,0,7,0,4116
4118,カネカ,1,0,0,1,カネカ,7,0,7,0,4118
4151,協和キリン,1,0,1,1,協和キリン,8,0,8,1,4151
4180,Ａｐｐｉｅｒ,1,0,0,1,Ａｐｐｉｅｒ　Ｇｒｏｕｐ,31,0,31,0,4180
4182,三菱瓦斯化学,1,0,0,1,三菱瓦斯化学,7,0,7,1,4182
4183,三井化学,1,0,1,1,三井化学,7,0,7,1,4183
4186,東京応化工業,1,0,0,1,東京応化工業,7,0,7,0,4186
4187,大阪有機化学,1,0,0,1,大阪有機化学工業,7,0,7,0,4187
4188,三菱ケミカル,1,0,1,1,三菱ケミカルグループ,7,0,7,1,4188
4189,ＫＨネオケム,1,0,0,1,ＫＨネオケム,7,0,7,0,4189
4194,ビジョナル,1,0,0,1,ビジョナル,31,0,31,0,4194
4202,ダイセル,1,0,0,1,ダイセル,7,0,7,1,4202
4203,住友ベークラ,1,0,0,1,住友ベークライト,7,0,7,0,4203
4204,積水化学工業,1,0,0,1,積水化学工業,7,0,7,1,4204
4205,日本ゼオン,1,0,0,1,日本ゼオン,7,0,7,1,4205
4206,アイカ工業,1,0,0,1,アイカ工業,7,0,7,1,4206
4208,ＵＢＥ,1,0,1,1,ＵＢＥ,7,0,7,1,4208
4212,積水樹脂,1,1,0,1,積水樹脂,7,0,7,0,4212
4215,タキロンシー,1,0,0,0,タキロンシーアイ,7,1,7,0,4215
4216,旭有機材,1,0,0,1,旭有機材,7,0,7,0,4216
4218,ニチバン,1,0,0,1,ニチバン,7,0,7,0,4218
4220,リケンテクノ,1,0,0,1,リケンテクノス,7,0,7,0,4220
4221,大倉工業,1,0,0,1,大倉工業,7,0,7,0,4221
4228,積水化成品工,1,0,0,1,積水化成品工業,7,0,7,0,4228
4229,群栄化学工業,1,0,0,1,群栄化学工業,7,0,7,0,4229
4246,ダイキョーニ,1,0,0,1,ダイキョーニシカワ,7,0,7,0,4246
4249,森六,1,0,0,1,森六,7,0,7,0,4249
4251,恵和,1,1,0,1,恵和,7,0,7,0,4251
4272,日本化薬,1,0,0,1,日本化薬,7,0,7,0,4272
4275,カーリット,1,0,0,1,カーリット,7,0,7,0,4275
4290,プレステージ,1,0,0,1,プレステージ・インターナショナル,33,0,33,0,4290
4301,アミューズ,1,0,0,1,アミューズ,33,0,33,0,4301
4307,野村総合研究,1,0,0,1,野村総合研究所,31,0,31,1,4307
4310,ドリームイン,1,0,0,1,ドリームインキュベータ,33,0,33,0,4310
4318,クイック,1,0,0,1,クイック,33,0,33,0,4318
4323,日本システム,1,0,0,1,日本システム技術,31,0,31,0,4323
4324,電通グループ,1,1,1,1,電通グループ,33,0,33,0,4324
4326,インテージホ,1,0,0,1,インテージホールディングス,31,0,31,0,4326
4331,テイクアンド,1,0,0,1,テイクアンドギヴ・ニーズ,33,0,33,0,4331
4333,東邦システム,1,0,0,1,東邦システムサイエンス,31,0,31,0,4333
4337,ぴあ,1,1,0,1,ぴあ,33,0,33,0,4337
4343,イオンファン,1,0,0,1,イオンファンタジー,33,0,33,0,4343
4344,ソースネクス,1,0,0,1,ソースネクスト,31,0,31,0,4344
4345,シーティーエ,1,0,0,1,シーティーエス,33,0,33,0,4345
4348,インフォコム,1,0,0,0,インフォコム,33,1,33,1,4348
4362,日本精化,1,1,0,1,日本精化,7,0,7,0,4362
4368,扶桑化学工業,1,0,0,1,扶桑化学工業,7,0,7,0,4368
4369,トリケミカル,1,0,0,1,トリケミカル研究所,7,0,7,0,4369
4373,シンプレクス,1,0,0,1,シンプレクス・ホールディングス,31,0,31,0,4373
4384,ラクスル,1,0,0,1,ラクスル,31,0,31,0,4384
4385,メルカリ,1,0,0,1,メルカリ,31,0,31,0,4385
4390,ＩＰＳ,1,0,0,1,ＩＰＳ,31,0,31,0,4390
4392,ＦＩＧ,1,0,0,1,ＦＩＧ,31,0,31,0,4392
4396,システムサポ,1,0,0,1,システムサポートホールディングス,31,0,31,0,4396
4401,ＡＤＥＫＡ,1,0,0,1,ＡＤＥＫＡ,7,0,7,0,4401
4403,日油,1,0,0,1,日油,7,0,7,1,4403
4410,ハリマ化成グ,1,0,0,1,ハリマ化成グループ,7,0,7,0,4410
4413,ボードルア,1,0,0,1,ボードルア,31,0,31,0,4413
4432,ウイングアー,1,0,0,1,ウイングアーク１ｓｔ,31,0,31,0,4432
4433,ヒト・コミュ,1,0,0,1,ヒト・コミュニケーションズ・ホールディングス,31,0,31,0,4433
4443,Ｓａｎｓａｎ,1,1,0,1,Ｓａｎｓａｎ,31,0,31,0,4443
4446,Ｌｉｎｋ－Ｕ,1,0,0,1,Ｌｉｎｋ－Ｕグループ,31,0,31,0,4446
4449,ギフティ,1,0,0,1,ギフティ,31,0,31,0,4449
4452,花王,1,1,1,1,花王,7,0,7,1,4452
4461,第一工業製薬,1,0,0,1,第一工業製薬,7,0,7,0,4461
4462,石原ケミカル,1,0,0,1,石原ケミカル,7,0,7,0,4462
4471,三洋化成工業,1,0,0,1,三洋化成工業,7,0,7,0,4471
4480,メドレー,1,0,0,1,メドレー,31,0,31,0,4480
4481,ベース,1,0,0,1,ベース,31,0,31,0,4481
4483,ＪＭＤＣ,1,0,0,1,ＪＭＤＣ,31,0,31,0,4483
4502,武田薬品工業,1,0,1,1,武田薬品工業,8,0,8,1,4502
4503,アステラス製,1,0,1,1,アステラス製薬,8,0,8,1,4503
4506,住友ファーマ,1,1,1,1,住友ファーマ,8,0,8,1,4506
4507,塩野義製薬,1,0,1,1,塩野義製薬,8,0,8,1,4507
4516,日本新薬,1,0,0,1,日本新薬,8,0,8,1,4516
4519,中外製薬,1,0,1,1,中外製薬,8,0,8,1,4519
4521,科研製薬,1,0,0,1,科研製薬,8,0,8,1,4521
4523,エーザイ,1,0,1,1,エーザイ,8,0,8,1,4523
4526,理研ビタミン,1,0,0,1,理研ビタミン,4,0,4,0,4526
4527,ロート製薬,1,0,0,1,ロート製薬,8,0,8,1,4527
4528,小野薬品工業,1,0,0,1,小野薬品工業,8,0,8,1,4528
4530,久光製薬,1,0,0,1,久光製薬,8,0,8,0,4530
4534,持田製薬,1,5,0,1,持田製薬,8,0,8,0,4534
4536,参天製薬,1,0,0,1,参天製薬,8,0,8,1,4536
4538,扶桑薬品工業,1,0,0,1,扶桑薬品工業,8,0,8,0,4538
4540,ツムラ,1,0,0,1,ツムラ,8,0,8,0,4540
4543,テルモ,1,0,1,1,テルモ,19,0,19,1,4543
4544,Ｈ．Ｕ．グル,1,5,0,1,Ｈ．Ｕ．グループホールディングス,33,0,33,0,4544
4547,キッセイ薬品,1,0,0,1,キッセイ薬品工業,8,0,8,0,4547
4548,生化学工業,1,0,0,1,生化学工業,8,0,8,0,4548
4549,栄研化学,1,0,0,1,栄研化学,8,0,8,0,4549
4551,鳥居薬品,1,1,0,1,鳥居薬品,8,0,8,0,4551
4552,ＪＣＲファー,1,0,0,1,ＪＣＲファーマ,8,0,8,1,4552
4553,東和薬品,1,1,0,1,東和薬品,8,0,8,1,4553
4554,富士製薬工業,1,0,0,1,富士製薬工業,8,0,8,0,4554
4559,ゼリア新薬工,1,0,0,1,ゼリア新薬工業,8,0,8,0,4559
4565,ネクセラファ,1,0,0,1,ネクセラファーマ,8,0,8,0,4565
4568,第一三共,1,0,1,1,第一三共,8,0,8,1,4568
4569,杏林製薬,1,0,0,1,杏林製薬,8,0,8,0,4569
4574,大幸薬品,1,1,0,1,大幸薬品,8,0,8,0,4574
4577,ダイト,1,1,0,1,ダイト,8,0,8,0,4577
4578,大塚ホールデ,1,0,1,1,大塚ホールディングス,8,0,8,1,4578
4587,ペプチドリー,1,0,0,1,ペプチドリーム,8,0,8,1,4587
4611,大日本塗料,1,0,0,1,大日本塗料,7,0,7,0,4611
4612,日本ペイント,1,0,0,1,日本ペイントホールディングス,7,0,7,1,4612
4613,関西ペイント,1,1,0,1,関西ペイント,7,0,7,1,4613
4617,中国塗料,1,0,0,1,中国塗料,7,0,7,0,4617
4626,太陽ホールデ,1,0,0,1,太陽ホールディングス,7,0,7,0,4626
4631,ＤＩＣ,1,0,1,1,ＤＩＣ,7,0,7,1,4631
4633,サカタインク,1,0,0,1,サカタインクス,7,0,7,0,4633
4634,ａｒｔｉｅｎ,1,0,0,1,ａｒｔｉｅｎｃｅ,7,0,7,0,4634
4641,アルプス技研,1,1,0,1,アルプス技研,33,0,33,0,4641
4658,日本空調サー,1,0,0,1,日本空調サービス,33,0,33,0,4658
4661,オリエンタル,1,0,0,1,オリエンタルランド,33,0,33,1,4661
4662,フォーカスシ,1,1,0,1,フォーカスシステムズ,31,0,31,0,4662
4665,ダスキン,1,0,0,1,ダスキン,33,0,33,0,4665
4666,パーク２４,1,1,0,1,パーク２４,26,0,26,0,4666
4668,明光ネットワ,1,0,0,1,明光ネットワークジャパン,33,0,33,0,4668
4674,クレスコ,1,0,0,1,クレスコ,31,0,31,0,4674
4676,フジ・メディ,1,0,0,1,フジ・メディア・ホールディングス,31,0,31,0,4676
4680,ラウンドワン,1,0,0,1,ラウンドワン,33,0,33,0,4680
4681,リゾートトラ,1,0,0,1,リゾートトラスト,33,0,33,0,4681
4684,オービック,1,0,0,1,オービック,31,0,31,1,4684
4686,ジャストシス,1,0,0,1,ジャストシステム,31,0,31,1,4686
4687,ＴＤＣソフト,1,0,0,1,ＴＤＣソフト,31,0,31,0,4687
4689,ＬＩＮＥヤフ,1,0,1,1,ＬＩＮＥヤフー,31,0,31,1,4689
4694,ビー・エム・,1,0,0,1,ビー・エム・エル,33,0,33,0,4694
4704,トレンドマイ,1,0,1,1,トレンドマイクロ,31,0,31,1,4704
4709,ＩＤホールデ,1,0,0,1,ＩＤホールディングス,31,0,31,0,4709
4714,リソー教育,1,0,0,1,リソー教育,33,0,33,0,4714
4718,早稲田アカデ,1,0,0,1,早稲田アカデミー,33,0,33,0,4718
4719,アルファシス,1,0,0,1,アルファシステムズ,31,0,31,0,4719
4722,フューチャー,1,0,0,1,フューチャー,31,0,31,0,4722
4725,ＣＡＣ　Ｈｏ,1,0,0,1,ＣＡＣ　Ｈｏｌｄｉｎｇｓ,31,0,31,0,4725
4726,ＳＢテクノロ,1,0,0,0,ＳＢテクノロジー,33,1,33,0,4726
4732,ユー・エス・,1,0,0,1,ユー・エス・エス,33,0,33,1,4732
4733,オービックビ,1,0,0,1,オービックビジネスコンサルタント,31,0,31,0,4733
4743,アイティフォ,1,0,0,1,アイティフォー,31,0,31,0,4743
4751,サイバーエー,1,0,1,1,サイバーエージェント,33,0,33,0,4751
4755,楽天グループ,1,1,0,1,楽天グループ,33,0,33,0,4755
4763,クリーク・ア,1,0,0,1,クリーク・アンド・リバー社,33,0,33,0,4763
4765,ＳＢＩグロー,1,0,0,1,ＳＢＩグローバルアセットマネジメント,33,0,33,0,4765
4768,大塚商会,1,1,0,1,大塚商会,31,0,31,1,4768
4776,サイボウズ,1,0,0,1,サイボウズ,31,0,31,0,4776
4784,ＧＭＯインタ,1,0,0,1,ＧＭＯインターネット,33,0,33,0,4784
4792,山田コンサル,1,0,0,1,山田コンサルティンググループ,33,0,33,0,4792
4801,セントラルス,1,0,0,1,セントラルスポーツ,33,0,33,0,4801
4809,パラカ,1,0,0,1,パラカ,26,0,26,0,4809
4812,電通総研,1,1,0,1,電通総研,31,0,31,1,4812
4813,ＡＣＣＥＳＳ,1,0,0,1,ＡＣＣＥＳＳ,31,0,31,0,4813
4819,デジタルガレ,1,0,0,1,デジタルガレージ,31,0,31,1,4819
4820,イーエムシス,1,0,0,1,イーエムシステムズ,31,0,31,0,4820
4825,ウェザーニュ,1,0,0,1,ウェザーニューズ,31,0,31,0,4825
4826,ＣＩＪ,1,0,0,1,ＣＩＪ,31,0,31,0,4826
4828,ビジネスエン,1,0,0,1,ビジネスエンジニアリング,31,0,31,0,4828
4839,ＷＯＷＯＷ,1,0,0,1,ＷＯＷＯＷ,31,0,31,0,4839
4847,インテリジェ,1,0,0,1,インテリジェント　ウェイブ,31,0,31,0,4847
4848,フルキャスト,1,0,0,1,フルキャストホールディングス,33,0,33,1,4848
4849,エン・ジャパ,1,0,0,1,エン・ジャパン,33,0,33,1,4849
4886,あすか製薬ホ,1,0,0,1,あすか製薬ホールディングス,8,0,8,0,4886
4887,サワイグルー,1,0,0,1,サワイグループホールディングス,8,0,8,1,4887
4901,富士フイルム,1,0,1,1,富士フイルムホールディングス,7,0,7,1,4901
4902,コニカミノル,1,0,1,1,コニカミノルタ,16,0,16,0,4902
4911,資生堂,1,1,1,1,資生堂,7,0,7,1,4911
4912,ライオン,1,0,0,1,ライオン,7,0,7,1,4912
4914,高砂香料工業,1,0,0,1,高砂香料工業,7,0,7,0,4914
4917,マンダム,1,0,0,1,マンダム,7,0,7,0,4917
4919,ミルボン,1,0,0,1,ミルボン,7,0,7,0,4919
4922,コーセー,1,0,0,1,コーセー,7,0,7,1,4922
4923,コタ,1,0,0,1,コタ,7,0,7,0,4923
4927,ポーラ・オル,1,0,0,1,ポーラ・オルビスホールディングス,7,0,7,1,4927
4928,ノエビアホー,1,0,0,1,ノエビアホールディングス,7,0,7,0,4928
4931,新日本製薬,1,0,0,1,新日本製薬,7,0,7,0,4931
4933,Ｉ－ｎｅ,1,1,0,1,Ｉ－ｎｅ,7,0,7,0,4933
4951,エステー,1,0,0,1,エステー,7,0,7,0,4951
4956,コニシ,1,0,0,1,コニシ,7,0,7,0,4956
4958,長谷川香料,1,0,0,1,長谷川香料,7,0,7,0,4958
4967,小林製薬,1,0,0,1,小林製薬,7,0,7,1,4967
4968,荒川化学工業,1,0,0,1,荒川化学工業,7,0,7,0,4968
4971,メック,1,0,0,1,メック,7,0,7,0,4971
4973,日本高純度化,1,0,0,1,日本高純度化学,7,0,7,0,4973
4974,タカラバイオ,1,0,0,1,タカラバイオ,7,0,7,0,4974
4975,ＪＣＵ,1,0,0,1,ＪＣＵ,7,0,7,0,4975
4980,デクセリアル,1,0,0,1,デクセリアルズ,7,0,7,0,4980
4985,アース製薬,1,0,0,1,アース製薬,7,0,7,0,4985
4996,クミアイ化学,1,0,0,1,クミアイ化学工業,7,0,7,0,4996
4997,日本農薬,1,0,0,1,日本農薬,7,0,7,0,4997
5011,ニチレキグル,1,0,0,1,ニチレキグループ,9,0,9,0,5011
5016,ＪＸ金属,1,1,0,1,ＪＸ金属,14,0,14,0,5016
5017,富士石油,1,0,0,1,富士石油,9,0,9,0,5017
5019,出光興産,1,0,1,1,出光興産,9,0,9,1,5019
5020,ＥＮＥＯＳホ,1,0,1,1,ＥＮＥＯＳホールディングス,9,0,9,1,5020
5021,コスモエネル,1,0,0,1,コスモエネルギーホールディングス,9,0,9,1,5021
5032,ＡＮＹＣＯＬ,1,0,0,1,ＡＮＹＣＯＬＯＲ,31,0,31,0,5032
5036,日本ビジネス,1,0,0,1,日本ビジネスシステムズ,31,0,31,0,5036
5074,テスホールデ,1,0,0,1,テスホールディングス,3,0,3,0,5074
5076,インフロニア,1,0,0,1,インフロニア・ホールディングス第１回社債型種類株式,3,0,3,1,5076
5101,横浜ゴム,1,0,1,1,横浜ゴム,10,0,10,1,5101
5105,ＴＯＹＯ　Ｔ,1,0,0,1,ＴＯＹＯ　ＴＩＲＥ,10,0,10,1,5105
5108,ブリヂストン,1,0,1,1,ブリヂストン,10,0,10,1,5108
5110,住友ゴム工業,1,0,0,1,住友ゴム工業,10,0,10,1,5110
5121,藤倉コンポジ,1,0,0,1,藤倉コンポジット,10,0,10,0,5121
5122,オカモト,1,1,0,1,オカモト,10,0,10,0,5122
5142,アキレス,1,0,0,1,アキレス,7,0,7,0,5142
5185,フコク,1,0,0,1,フコク,10,0,10,0,5185
5186,ニッタ,1,0,0,1,ニッタ,10,0,10,0,5186
5191,住友理工,1,0,0,1,住友理工,10,0,10,0,5191
5192,三ツ星ベルト,1,1,0,1,三ツ星ベルト,10,0,10,0,5192
5195,バンドー化学,1,0,0,1,バンドー化学,10,0,10,0,5195
5201,ＡＧＣ,1,0,1,1,ＡＧＣ,11,0,11,1,5201
5202,日本板硝子,1,1,1,1,日本板硝子,11,0,11,0,5202
5208,有沢製作所,1,0,0,1,有沢製作所,7,0,7,0,5208
5214,日本電気硝子,1,1,1,1,日本電気硝子,11,0,11,0,5214
5232,住友大阪セメ,1,0,1,1,住友大阪セメント,11,0,11,0,5232
5233,太平洋セメン,1,0,1,1,太平洋セメント,11,0,11,1,5233
5261,リソルホール,1,0,0,1,リソルホールディングス,33,0,33,0,5261
5262,日本ヒューム,1,0,0,1,日本ヒューム,11,0,11,0,5262
5269,日本コンクリ,1,0,0,1,日本コンクリート工業,11,0,11,0,5269
5288,アジアパイル,1,0,0,1,アジアパイルホールディングス,11,0,11,0,5288
5301,東海カーボン,1,0,1,1,東海カーボン,11,0,11,1,5301
5302,日本カーボン,1,0,0,1,日本カーボン,11,0,11,0,5302
5310,東洋炭素,1,0,0,1,東洋炭素,11,0,11,0,5310
5331,ノリタケ,1,0,0,1,ノリタケ,11,0,11,0,5331
5332,ＴＯＴＯ,1,0,1,1,ＴＯＴＯ,11,0,11,1,5332
5333,日本碍子,1,1,1,1,日本碍子,11,0,11,1,5333
5334,日本特殊陶業,1,0,0,1,日本特殊陶業,11,0,11,1,5334
5344,ＭＡＲＵＷＡ,1,0,0,1,ＭＡＲＵＷＡ,11,0,11,0,5344
5351,品川リフラク,1,0,0,1,品川リフラクトリーズ,11,0,11,0,5351
5352,黒崎播磨,1,0,0,1,黒崎播磨,11,0,11,0,5352
5357,ヨータイ,1,0,0,1,ヨータイ,11,0,11,0,5357
5384,フジミインコ,1,1,0,1,フジミインコーポレーテッド,11,0,11,0,5384
5393,ニチアス,1,0,0,1,ニチアス,11,0,11,1,5393
5401,日本製鉄,1,1,1,1,日本製鉄,12,0,12,0,5401
5406,神戸製鋼所,1,0,1,1,神戸製鋼所,12,0,12,0,5406
5408,中山製鋼所,1,0,0,1,中山製鋼所,12,0,12,0,5408
5410,合同製鐵,1,0,0,1,合同製鐵,12,0,12,0,5410
5411,ＪＦＥホール,1,0,1,1,ＪＦＥホールディングス,12,0,12,0,5411
5423,東京製鐵,1,0,0,1,東京製鐵,12,0,12,0,5423
5440,共英製鋼,1,0,0,1,共英製鋼,12,0,12,0,5440
5444,大和工業,1,0,0,1,大和工業,12,0,12,0,5444
5445,東京鐵鋼,1,0,0,1,東京鐵鋼,12,0,12,0,5445
5451,淀川製鋼所,1,0,0,1,淀川製鋼所,12,0,12,0,5451
5461,中部鋼鈑,1,1,0,1,中部鋼鈑,12,0,12,0,5461
5463,丸一鋼管,1,0,0,1,丸一鋼管,12,0,12,0,5463
5471,大同特殊鋼,1,0,0,1,大同特殊鋼,12,0,12,0,5471
5480,日本冶金工業,1,0,0,1,日本冶金工業,12,0,12,0,5480
5482,愛知製鋼,1,0,0,1,愛知製鋼,12,0,12,0,5482
5535,ミガロホール,1,0,0,1,ミガロホールディングス,26,0,26,0,5535
5541,大平洋金属,1,1,1,1,大平洋金属,12,0,12,0,5541
5563,新日本電工,1,0,0,1,新日本電工,12,0,12,0,5563
5602,栗本鐵工所,1,0,0,1,栗本鐵工所,12,0,12,0,5602
5631,日本製鋼所,1,0,1,1,日本製鋼所,15,0,15,1,5631
5632,三菱製鋼,1,0,0,1,三菱製鋼,12,0,12,0,5632
5659,日本精線,1,1,0,1,日本精線,12,0,12,0,5659
5702,大紀アルミニ,1,0,0,1,大紀アルミニウム工業所,14,0,14,0,5702
5703,日本軽金属ホ,1,0,1,1,日本軽金属ホールディングス,14,0,14,0,5703
5706,三井金属鉱業,1,0,1,1,三井金属鉱業,14,0,14,1,5706
5707,東邦亜鉛,1,0,1,1,東邦亜鉛,14,0,14,0,5707
5711,三菱マテリア,1,2,1,1,三菱マテリアル,14,0,14,0,5711
5713,住友金属鉱山,1,0,1,1,住友金属鉱山,14,0,14,1,5713
5714,ＤＯＷＡホー,1,0,1,1,ＤＯＷＡホールディングス,14,0,14,0,5714
5715,古河機械金属,1,1,0,1,古河機械金属,14,0,14,0,5715
5726,大阪チタニウ,1,0,0,1,大阪チタニウムテクノロジーズ,14,0,14,0,5726
5727,東邦チタニウ,1,0,0,1,東邦チタニウム,14,0,14,0,5727
5741,ＵＡＣＪ,1,0,0,1,ＵＡＣＪ,14,0,14,0,5741
5757,ＣＫサンエツ,1,1,0,1,ＣＫサンエツ,14,0,14,0,5757
5801,古河電気工業,1,2,1,1,古河電気工業,14,0,14,0,5801
5802,住友電気工業,1,0,1,1,住友電気工業,14,0,14,1,5802
5803,フジクラ,1,0,1,1,フジクラ,14,0,14,0,5803
5805,ＳＷＣＣ,1,0,0,1,ＳＷＣＣ,14,0,14,0,5805
5821,平河ヒューテ,1,0,0,1,平河ヒューテック,14,0,14,0,5821
5830,いよぎんホー,1,0,0,1,いよぎんホールディングス,22,0,22,0,5830
5831,しずおかフィ,1,0,0,1,しずおかフィナンシャルグループ,22,0,22,0,5831
5832,ちゅうぎんフ,1,0,0,1,ちゅうぎんフィナンシャルグループ,22,0,22,0,5832
5838,楽天銀行,1,1,0,1,楽天銀行,22,0,22,0,5838
5844,京都フィナン,1,0,0,1,京都フィナンシャルグループ,22,0,22,0,5844
5851,リョービ,1,1,0,1,リョービ,14,0,14,0,5851
5852,アーレスティ,1,0,0,1,アーレスティ,14,0,14,0,5852
5857,ＡＲＥホール,1,0,0,1,ＡＲＥホールディングス,14,0,14,1,5857
5889,Ｊａｐａｎ　,1,0,0,1,Ｊａｐａｎ　Ｅｙｅｗｅａｒ　Ｈｏｌｄｉｎｇｓ,21,0,21,0,5889
5901,東洋製罐グル,1,0,0,1,東洋製罐グループホールディングス,13,0,13,0,5901
5902,ホッカンホー,1,0,0,1,ホッカンホールディングス,13,0,13,0,5902
5911,横河ブリッジ,1,0,0,1,横河ブリッジホールディングス,13,0,13,0,5911
5929,三和ホールデ,1,0,0,1,三和ホールディングス,13,0,13,1,5929
5930,文化シヤッタ,1,0,0,1,文化シヤッター,13,0,13,0,5930
5932,三協立山,1,0,0,1,三協立山,13,0,13,0,5932
5933,アルインコ,1,0,0,1,アルインコ,13,0,13,0,5933
5938,ＬＩＸＩＬ,1,0,0,1,ＬＩＸＩＬ,13,0,13,0,5938
5943,ノーリツ,1,1,0,1,ノーリツ,13,0,13,0,5943
5946,長府製作所,1,0,0,1,長府製作所,13,0,13,0,5946
5947,リンナイ,1,0,0,1,リンナイ,13,0,13,1,5947
5949,ユニプレス,1,0,0,1,ユニプレス,17,0,17,0,5949
5957,日東精工,1,0,0,1,日東精工,13,0,13,0,5957
5959,岡部,1,0,0,1,岡部,13,0,13,0,5959
5970,ジーテクト,1,1,0,1,ジーテクト,13,0,13,0,5970
5975,東プレ,1,0,0,1,東プレ,13,0,13,0,5975
5976,高周波熱錬,1,0,0,1,高周波熱錬,13,0,13,0,5976
5981,東京製綱,1,0,0,1,東京製綱,13,0,13,0,5981
5988,パイオラック,1,0,0,1,パイオラックス,13,0,13,0,5988
5989,エイチワン,1,0,0,1,エイチワン,13,0,13,0,5989
5991,日本発條,1,1,0,1,日本発條,13,0,13,0,5991
6005,三浦工業,1,1,0,1,三浦工業,15,0,15,1,6005
6013,タクマ,1,1,0,1,タクマ,15,0,15,0,6013
6027,弁護士ドット,1,0,0,1,弁護士ドットコム,33,0,33,0,6027
6028,テクノプロ・,1,0,0,1,テクノプロ・ホールディングス,33,0,33,1,6028
6036,ＫｅｅＰｅｒ,1,0,0,1,ＫｅｅＰｅｒ技研,33,0,33,0,6036
6047,Ｇｕｎｏｓｙ,1,1,0,1,Ｇｕｎｏｓｙ,33,0,33,0,6047
6050,イー・ガーデ,1,0,0,1,イー・ガーディアン,33,0,33,0,6050
6055,ジャパンマテ,1,0,0,1,ジャパンマテリアル,33,0,33,1,6055
6058,ベクトル,1,0,0,1,ベクトル,33,0,33,0,6058
6062,チャーム・ケ,1,0,0,1,チャーム・ケア・コーポレーション,33,0,33,0,6062
6070,キャリアリン,1,0,0,1,キャリアリンク,33,0,33,0,6070
6071,ＩＢＪ,1,0,0,1,ＩＢＪ,33,0,33,0,6071
6073,アサンテ,1,1,0,1,アサンテ,33,0,33,0,6073
6078,バリューＨＲ,1,0,0,1,バリューＨＲ,33,0,33,0,6078
6080,Ｍ＆Ａキャピ,1,0,0,1,Ｍ＆Ａキャピタルパートナーズ,33,0,33,0,6080
6088,シグマクシス,1,0,0,1,シグマクシス・ホールディングス,33,0,33,0,6088
6089,ウィルグルー,1,0,0,1,ウィルグループ,33,0,33,0,6089
6095,メドピア,1,0,0,1,メドピア,33,0,33,0,6095
6098,リクルートホ,1,0,1,1,リクルートホールディングス,33,0,33,1,6098
6099,エラン,1,0,0,1,エラン,33,0,33,0,6099
6101,ツガミ,1,1,0,1,ツガミ,15,0,15,0,6101
6103,オークマ,1,1,1,1,オークマ,15,0,15,0,6103
6104,芝浦機械,1,0,0,1,芝浦機械,15,0,15,0,6104
6113,アマダ,1,0,1,1,アマダ,15,0,15,1,6113
6118,アイダエンジ,1,0,0,1,アイダエンジニアリング,15,0,15,0,6118
6134,ＦＵＪＩ,1,0,0,1,ＦＵＪＩ,15,0,15,1,6134
6135,牧野フライス,1,0,0,1,牧野フライス製作所,15,0,15,0,6135
6136,オーエスジー,1,0,0,1,オーエスジー,15,0,15,1,6136
6140,旭ダイヤモン,1,0,0,1,旭ダイヤモンド工業,15,0,15,0,6140
6141,ＤＭＧ森精機,1,1,0,1,ＤＭＧ森精機,15,0,15,1,6141
6143,ソディック,1,0,0,1,ソディック,15,0,15,0,6143
6146,ディスコ,1,2,0,1,ディスコ,15,0,15,1,6146
6151,日東工器,1,0,0,1,日東工器,15,0,15,0,6151
6167,冨士ダイス,1,0,0,1,冨士ダイス,15,0,15,0,6167
6178,日本郵政,1,0,1,1,日本郵政,33,0,33,0,6178
6183,ベルシステム,1,0,0,1,ベルシステム２４ホールディングス,33,0,33,1,6183
6184,鎌倉新書,1,0,0,1,鎌倉新書,33,0,33,0,6184
6191,エアトリ,1,0,0,1,エアトリ,33,0,33,0,6191
6194,アトラエ,1,0,0,1,アトラエ,33,0,33,0,6194
6196,ストライク,1,0,0,1,ストライク,33,0,33,0,6196
6197,ソラスト,1,1,0,1,ソラスト,33,0,33,0,6197
6200,インソース,1,0,0,1,インソース,33,0,33,0,6200
6201,豊田自動織機,1,1,0,1,豊田自動織機,17,0,17,1,6201
6209,リケンＮＰＲ,1,0,0,1,リケンＮＰＲ,15,0,15,0,6209
6222,島精機製作所,1,0,0,1,島精機製作所,15,0,15,0,6222
6235,オプトラン,1,0,0,1,オプトラン,15,0,15,1,6235
6237,イワキポンプ,1,1,0,1,イワキポンプ,15,0,15,0,6237
6238,フリュー,1,0,0,1,フリュー,15,0,15,0,6238
6240,ヤマシンフィ,1,0,0,1,ヤマシンフィルタ,15,0,15,0,6240
6247,日阪製作所,1,0,0,1,日阪製作所,15,0,15,0,6247
6250,やまびこ,1,1,0,1,やまびこ,15,0,15,0,6250
6254,野村マイクロ,1,0,0,1,野村マイクロ・サイエンス,15,0,15,0,6254
6258,平田機工,1,0,0,1,平田機工,15,0,15,0,6258
6264,マルマエ,1,0,0,1,マルマエ,15,0,15,0,6264
6266,タツモ,1,0,0,1,タツモ,15,0,15,0,6266
6268,ナブテスコ,1,0,0,1,ナブテスコ,15,0,15,1,6268
6269,三井海洋開発,1,0,0,1,三井海洋開発,15,0,15,0,6269
6272,レオン自動機,1,1,0,1,レオン自動機,15,0,15,0,6272
6273,ＳＭＣ,1,0,0,1,ＳＭＣ,15,0,15,1,6273
6277,ホソカワミク,1,0,0,1,ホソカワミクロン,15,0,15,0,6277
6278,ユニオンツー,1,0,0,1,ユニオンツール,15,0,15,0,6278
6279,瑞光,1,0,0,1,瑞光,15,0,15,0,6279
6282,オイレス工業,1,0,0,1,オイレス工業,15,0,15,0,6282
6284,日精エー・エ,1,0,0,1,日精エー・エス・ビー機械,15,0,15,0,6284
6287,サトー,1,0,0,1,サトー,15,0,15,0,6287
6289,技研製作所,1,0,0,1,技研製作所,15,0,15,0,6289
6293,日精樹脂工業,1,0,0,1,日精樹脂工業,15,0,15,0,6293
6294,オカダアイヨ,1,0,0,1,オカダアイヨン,15,0,15,0,6294
6298,ワイエイシイ,1,0,0,1,ワイエイシイホールディングス,15,0,15,0,6298
6301,小松製作所,1,0,1,1,小松製作所,15,0,15,1,6301
6302,住友重機械工,1,0,1,1,住友重機械工業,15,0,15,1,6302
6305,日立建機,1,1,1,1,日立建機,15,0,15,1,6305
6306,日工,1,0,0,1,日工,15,0,15,0,6306
6309,巴工業,1,0,0,1,巴工業,15,0,15,0,6309
6310,井関農機,1,1,0,1,井関農機,15,0,15,0,6310
6315,ＴＯＷＡ,1,0,0,1,ＴＯＷＡ,15,0,15,0,6315
6323,ローツェ,1,0,0,1,ローツェ,15,0,15,0,6323
6324,ハーモニック,1,0,0,1,ハーモニック・ドライブ・システムズ,15,0,15,0,6324
6326,クボタ,1,0,1,1,クボタ,15,0,15,1,6326
6328,荏原実業,1,0,0,1,荏原実業,15,0,15,0,6328
6330,東洋エンジニ,1,4,0,1,東洋エンジニアリング,3,0,3,0,6330
6331,三菱化工機,1,1,0,1,三菱化工機,15,0,15,0,6331
6332,月島ホールデ,1,0,0,1,月島ホールディングス,15,0,15,0,6332
6333,帝国電機製作,1,0,0,1,帝国電機製作所,15,0,15,0,6333
6339,新東工業,1,0,0,1,新東工業,15,0,15,0,6339
6340,澁谷工業,1,0,0,1,澁谷工業,15,0,15,0,6340
6345,アイチ　コー,1,0,0,1,アイチ　コーポレーション,15,0,15,0,6345
6349,小森コーポレ,1,0,0,1,小森コーポレーション,15,0,15,0,6349
6351,鶴見製作所,1,0,0,1,鶴見製作所,15,0,15,0,6351
6358,酒井重工業,1,0,0,1,酒井重工業,15,0,15,0,6358
6361,荏原製作所,1,0,1,1,荏原製作所,15,0,15,1,6361
6363,酉島製作所,1,0,0,1,酉島製作所,15,0,15,0,6363
6364,ＡＩＲＭＡＮ,1,0,0,1,ＡＩＲＭＡＮ,15,0,15,0,6364
6367,ダイキン工業,1,0,1,1,ダイキン工業,15,0,15,1,6367
6368,オルガノ,1,1,0,1,オルガノ,15,0,15,0,6368
6369,トーヨーカネ,1,0,0,1,トーヨーカネツ,15,0,15,0,6369
6370,栗田工業,1,0,0,1,栗田工業,15,0,15,0,6370
6371,椿本チエイン,1,0,0,1,椿本チエイン,15,0,15,0,6371
6376,日機装,1,1,0,1,日機装,19,0,19,0,6376
6379,レイズネクス,1,0,0,1,レイズネクスト,3,0,3,0,6379
6381,アネスト岩田,1,0,0,1,アネスト岩田,15,0,15,0,6381
6383,ダイフク,1,0,0,1,ダイフク,15,0,15,1,6383
6387,サムコ,1,0,0,1,サムコ,15,0,15,0,6387
6390,加藤製作所,1,0,0,1,加藤製作所,15,0,15,0,6390
6395,タダノ,1,1,0,1,タダノ,15,0,15,0,6395
6406,フジテック,1,0,0,1,フジテック,15,0,15,0,6406
6407,ＣＫＤ,1,0,0,1,ＣＫＤ,15,0,15,0,6407
6412,平和,1,1,0,1,平和,15,0,15,0,6412
6413,理想科学工業,1,0,0,1,理想科学工業,15,0,15,0,6413
6417,ＳＡＮＫＹＯ,1,0,0,1,ＳＡＮＫＹＯ,15,0,15,0,6417
6418,日本金銭機械,1,0,0,1,日本金銭機械,15,0,15,0,6418
6419,マースグルー,1,0,0,1,マースグループホールディングス,15,0,15,0,6419
6420,ガリレイ,1,0,0,1,ガリレイ,15,0,15,0,6420
6430,ダイコク電機,1,1,0,1,ダイコク電機,15,0,15,0,6430
6432,竹内製作所,1,0,0,1,竹内製作所,15,0,15,1,6432
6436,アマノ,1,0,0,1,アマノ,15,0,15,0,6436
6440,ＪＵＫＩ,1,0,0,1,ＪＵＫＩ,15,0,15,0,6440
6445,ジャノメ,1,0,0,1,ジャノメ,15,0,15,0,6445
6448,ブラザー工業,1,0,0,1,ブラザー工業,16,0,16,1,6448
6454,マックス,1,0,0,1,マックス,15,0,15,0,6454
6455,モリタホール,1,0,0,1,モリタホールディングス,17,0,17,0,6455
6457,グローリー,1,0,0,1,グローリー,15,0,15,0,6457
6458,新晃工業,1,0,0,1,新晃工業,15,0,15,0,6458
6459,大和冷機工業,1,0,0,1,大和冷機工業,15,0,15,0,6459
6460,セガサミーホ,1,0,0,1,セガサミーホールディングス,15,0,15,0,6460
6463,ＴＰＲ,1,0,0,1,ＴＰＲ,15,0,15,0,6463
6464,ツバキ・ナカ,1,0,0,1,ツバキ・ナカシマ,15,0,15,0,6464
6465,ホシザキ,1,0,0,1,ホシザキ,15,0,15,1,6465
6471,日本精工,1,0,1,1,日本精工,15,0,15,1,6471
6472,ＮＴＮ,1,0,1,1,ＮＴＮ,15,0,15,0,6472
6473,ジェイテクト,1,1,1,1,ジェイテクト,15,0,15,0,6473
6474,不二越,1,1,0,1,不二越,15,0,15,0,6474
6479,ミネベアミツ,1,0,1,1,ミネベアミツミ,16,0,16,1,6479
6480,日本トムソン,1,0,0,1,日本トムソン,15,0,15,0,6480
6481,ＴＨＫ,1,0,0,1,ＴＨＫ,15,0,15,0,6481
6486,イーグル工業,1,0,0,1,イーグル工業,15,0,15,0,6486
6490,ＰＩＬＬＡＲ,1,0,0,1,ＰＩＬＬＡＲ,15,0,15,0,6490
6498,キッツ,1,0,0,1,キッツ,15,0,15,0,6498
6501,日立製作所,1,0,1,1,日立製作所,16,0,16,1,6501
6503,三菱電機,1,1,1,1,三菱電機,16,0,16,1,6503
6504,富士電機,1,1,1,1,富士電機,16,0,16,1,6504
6506,安川電機,1,1,1,1,安川電機,16,0,16,1,6506
6507,シンフォニア,1,0,0,1,シンフォニアテクノロジー,16,0,16,0,6507
6508,明電舎,1,1,0,1,明電舎,16,0,16,0,6508
6516,山洋電気,1,1,0,1,山洋電気,16,0,16,0,6516
6517,デンヨー,1,0,0,1,デンヨー,16,0,16,0,6517
6523,ＰＨＣホール,1,0,0,1,ＰＨＣホールディングス,16,0,16,0,6523
6525,ＫＯＫＵＳＡ,1,0,0,1,ＫＯＫＵＳＡＩ　ＥＬＥＣＴＲＩＣ,16,0,16,0,6525
6526,ソシオネクス,1,0,0,1,ソシオネクスト,16,0,16,0,6526
6532,ベイカレント,1,1,0,1,ベイカレント,33,0,33,1,6532
6533,Ｏｒｃｈｅｓ,1,0,0,1,Ｏｒｃｈｅｓｔｒａ　Ｈｏｌｄｉｎｇｓ,33,0,33,0,6533
6535,アイモバイル,1,0,0,1,アイモバイル,33,0,33,0,6535
6539,ＭＳ－Ｊａｐ,1,0,0,1,ＭＳ－Ｊａｐａｎ,33,0,33,0,6539
6544,ジャパンエレ,1,0,0,1,ジャパンエレベーターサービスホールディングス,33,0,33,1,6544
6560,エル・ティー,1,0,0,1,エル・ティー・エス,33,0,33,0,6560
6564,ミダックホー,1,0,0,1,ミダックホールディングス,33,0,33,0,6564
6571,キュービーネ,1,0,0,1,キュービーネットホールディングス,33,0,33,0,6571
6572,オープングル,1,0,0,1,オープングループ,33,0,33,0,6572
6584,三櫻工業,1,0,0,1,三櫻工業,17,0,17,0,6584
6586,マキタ,1,0,0,1,マキタ,15,0,15,1,6586
6588,東芝テック,1,0,0,1,東芝テック,16,0,16,0,6588
6590,芝浦メカトロ,1,0,0,1,芝浦メカトロニクス,16,0,16,0,6590
6592,マブチモータ,1,0,0,1,マブチモーター,16,0,16,0,6592
6594,ニデック,1,3,0,1,ニデック,16,0,16,1,6594
6615,ユー・エム・,1,0,0,1,ユー・エム・シー・エレクトロニクス,16,0,16,0,6615
6616,トレックス・,1,0,0,1,トレックス・セミコンダクター,16,0,16,0,6616
6617,東光高岳,1,0,0,1,東光高岳,16,0,16,0,6617
6619,ダブル・スコ,1,0,0,1,ダブル・スコープ,16,0,16,0,6619
6620,宮越ホールデ,1,0,0,1,宮越ホールディングス,26,0,26,0,6620
6622,ダイヘン,1,0,0,1,ダイヘン,16,0,16,0,6622
6630,ヤーマン,1,0,0,1,ヤーマン,16,0,16,0,6630
6632,ＪＶＣケンウ,1,0,0,1,ＪＶＣケンウッド,16,0,16,0,6632
6638,ミマキエンジ,1,0,0,1,ミマキエンジニアリング,16,0,16,0,6638
6644,大崎電気工業,1,0,0,1,大崎電気工業,16,0,16,0,6644
6645,オムロン,1,0,1,1,オムロン,16,0,16,1,6645
6651,日東工業,1,3,0,1,日東工業,16,0,16,0,6651
6652,ＩＤＥＣ,1,0,0,1,ＩＤＥＣ,16,0,16,0,6652
6653,正興電機製作,1,0,0,1,正興電機製作所,16,0,16,0,6653
6674,ジーエス・ユ,1,0,1,1,ジーエス・ユアサ　コーポレーション,16,0,16,0,6674
6701,日本電気,1,5,1,1,日本電気,16,0,16,1,6701
6702,富士通,1,2,1,1,富士通,16,0,16,1,6702
6703,沖電気工業,1,6,1,1,沖電気工業,16,0,16,0,6703
6706,電気興業,1,6,0,1,電気興業,16,0,16,0,6706
6707,サンケン電気,1,1,0,1,サンケン電気,16,0,16,0,6707
6718,アイホン,1,0,0,1,アイホン,16,0,16,0,6718
6723,ルネサスエレ,1,0,0,1,ルネサスエレクトロニクス,16,0,16,1,6723
6724,セイコーエプ,1,0,1,1,セイコーエプソン,16,0,16,1,6724
6727,ワコム,1,0,0,1,ワコム,16,0,16,1,6727
6728,アルバック,1,0,0,1,アルバック,16,0,16,1,6728
6737,ＥＩＺＯ,1,0,0,1,ＥＩＺＯ,16,0,16,0,6737
6740,ジャパンディ,1,0,0,1,ジャパンディスプレイ,16,0,16,0,6740
6741,日本信号,1,0,0,1,日本信号,16,0,16,0,6741
6742,京三製作所,1,0,0,1,京三製作所,16,0,16,0,6742
6744,能美防災,1,0,0,1,能美防災,16,0,16,0,6744
6745,ホーチキ,1,0,0,1,ホーチキ,16,0,16,0,6745
6750,エレコム,1,0,0,1,エレコム,16,0,16,1,6750
6752,パナソニック,1,0,1,1,パナソニック　ホールディングス,16,0,16,1,6752
6753,シャープ,1,1,1,1,シャープ,16,0,16,0,6753
6754,アンリツ,1,1,0,1,アンリツ,16,0,16,1,6754
6755,富士通ゼネラ,1,0,0,1,富士通ゼネラル,16,0,16,0,6755
6758,ソニーグルー,1,0,1,1,ソニーグループ,16,0,16,1,6758
6762,ＴＤＫ,1,0,1,1,ＴＤＫ,16,0,16,1,6762
6763,帝国通信工業,1,0,0,1,帝国通信工業,16,0,16,0,6763
6768,タムラ製作所,1,0,0,1,タムラ製作所,16,0,16,0,6768
6770,アルプスアル,1,3,1,1,アルプスアルパイン,16,0,16,0,6770
6779,日本電波工業,1,0,0,1,日本電波工業,16,0,16,0,6779
6785,鈴木,1,0,0,1,鈴木,16,0,16,0,6785
6787,メイコー,1,0,0,1,メイコー,16,0,16,0,6787
6788,日本トリム,1,0,0,1,日本トリム,16,0,16,0,6788
6789,ローランド　,1,0,0,0,ローランド　ディー．ジー．,15,1,15,0,6789
6794,フォスター電,1,0,0,1,フォスター電機,16,0,16,0,6794
6798,ＳＭＫ,1,0,0,1,ＳＭＫ,16,0,16,0,6798
6800,ヨコオ,1,0,0,1,ヨコオ,16,0,16,0,6800
6804,ホシデン,1,0,0,1,ホシデン,16,0,16,0,6804
6806,ヒロセ電機,1,1,0,1,ヒロセ電機,16,0,16,0,6806
6807,日本航空電子,1,0,0,1,日本航空電子工業,16,0,16,0,6807
6809,ＴＯＡ,1,0,0,1,ＴＯＡ,16,0,16,0,6809
6810,マクセル,1,0,0,1,マクセル,16,0,16,0,6810
6814,古野電気,1,1,0,1,古野電気,16,0,16,0,6814
6817,スミダコーポ,1,0,0,1,スミダコーポレーション,16,0,16,0,6817
6820,アイコム,1,0,0,1,アイコム,16,0,16,0,6820
6823,リオン,1,0,0,1,リオン,16,0,16,0,6823
6841,横河電機,1,1,1,1,横河電機,16,0,16,1,6841
6844,新電元工業,1,0,0,1,新電元工業,16,0,16,0,6844
6845,アズビル,1,0,0,1,アズビル,16,0,16,1,6845
6849,日本光電工業,1,0,0,1,日本光電工業,16,0,16,1,6849
6850,チノー,1,0,0,1,チノー,16,0,16,0,6850
6856,堀場製作所,1,0,0,1,堀場製作所,16,0,16,1,6856
6857,アドバンテス,1,1,1,1,アドバンテスト,16,0,16,1,6857
6859,エスペック,1,0,0,1,エスペック,16,0,16,0,6859
6861,キーエンス,1,0,1,1,キーエンス,16,0,16,1,6861
6866,日置電機,1,1,0,1,日置電機,16,0,16,0,6866
6869,シスメックス,1,0,0,1,シスメックス,16,0,16,1,6869
6871,日本マイクロ,1,0,0,1,日本マイクロニクス,16,0,16,0,6871
6875,メガチップス,1,0,0,1,メガチップス,16,0,16,0,6875
6879,ＩＭＡＧＩＣ,1,0,0,0,ＩＭＡＧＩＣＡ　ＧＲＯＵＰ,31,0,31,0,6879
6902,デンソー,1,0,1,1,デンソー,17,0,17,1,6902
6905,コーセル,1,0,0,1,コーセル,16,0,16,0,6905
6908,イリソ電子工,1,0,0,1,イリソ電子工業,16,0,16,0,6908
6914,オプテックス,1,0,0,1,オプテックスグループ,16,0,16,0,6914
6920,レーザーテッ,1,0,0,1,レーザーテック,16,0,16,1,6920
6923,スタンレー電,1,0,0,1,スタンレー電気,16,0,16,1,6923
6925,ウシオ電機,1,2,0,1,ウシオ電機,16,0,16,0,6925
6929,日本セラミッ,1,0,0,1,日本セラミック,16,0,16,0,6929
6937,古河電池,1,0,0,1,古河電池,16,0,16,0,6937
6941,山一電機,1,1,0,1,山一電機,16,0,16,0,6941
6947,図研,1,1,0,1,図研,16,0,16,0,6947
6951,日本電子,1,1,0,1,日本電子,16,0,16,0,6951
6952,カシオ計算機,1,1,1,1,カシオ計算機,16,0,16,1,6952
6954,ファナック,1,0,1,1,ファナック,16,0,16,1,6954
6958,日本シイエム,1,1,0,1,日本シイエムケイ,16,0,16,0,6958
6961,エンプラス,1,0,0,1,エンプラス,16,0,16,0,6961
6962,大真空,1,0,0,1,大真空,16,0,16,0,6962
6963,ローム,1,0,0,1,ローム,16,0,16,0,6963
6965,浜松ホトニク,1,0,0,1,浜松ホトニクス,16,0,16,1,6965
6966,三井ハイテッ,1,0,0,1,三井ハイテック,16,0,16,0,6966
6971,京セラ,1,0,1,1,京セラ,16,0,16,1,6971
6976,太陽誘電,1,1,1,1,太陽誘電,16,0,16,1,6976
6981,村田製作所,1,1,1,1,村田製作所,16,0,16,1,6981
6986,双葉電子工業,1,0,0,1,双葉電子工業,16,0,16,0,6986
6988,日東電工,1,0,1,1,日東電工,7,0,7,1,6988
6995,東海理化電機,1,0,0,1,東海理化電機製作所,17,0,17,0,6995
6996,ニチコン,1,0,0,1,ニチコン,16,0,16,0,6996
6997,日本ケミコン,1,0,0,1,日本ケミコン,16,0,16,0,6997
6999,ＫＯＡ,1,0,0,1,ＫＯＡ,16,0,16,0,6999
7003,三井Ｅ＆Ｓ,1,0,1,1,三井Ｅ＆Ｓ,15,0,15,0,7003
7004,カナデビア,1,0,1,1,カナデビア,15,0,15,0,7004
7011,三菱重工業,1,0,1,1,三菱重工業,15,0,15,1,7011
7012,川崎重工業,1,0,1,1,川崎重工業,17,0,17,0,7012
7013,ＩＨＩ,1,4,1,1,ＩＨＩ,15,0,15,1,7013
7033,マネジメント,1,0,0,1,マネジメントソリューションズ,33,0,33,0,7033
7034,プロレド・パ,1,0,0,1,プロレド・パートナーズ,33,0,33,0,7034
7038,フロンティア,1,0,0,1,フロンティア・マネジメント,33,0,33,0,7038
7059,コプロ・ホー,1,0,0,1,コプロ・ホールディングス,33,0,33,0,7059
7071,アンビスホー,1,0,0,1,アンビスホールディングス,33,0,33,0,7071
7085,カーブスホー,1,0,0,1,カーブスホールディングス,33,0,33,0,7085
7088,フォーラムエ,1,0,0,1,フォーラムエンジニアリング,33,0,33,0,7088
7092,Ｆａｓｔ　Ｆ,1,0,0,0,Ｆａｓｔ　Ｆｉｔｎｅｓｓ　Ｊａｐａｎ,33,0,33,0,7092
7095,Ｍａｃｂｅｅ,1,0,0,1,Ｍａｃｂｅｅ　Ｐｌａｎｅｔ,33,0,33,0,7095
7102,日本車輌製造,1,0,0,1,日本車輌製造,17,0,17,0,7102
7128,フルサト・マ,1,0,0,1,フルサト・マルカホールディングス,20,0,20,0,7128
7130,ヤマエグルー,1,0,0,1,ヤマエグループホールディングス,20,0,20,0,7130
7148,ＦＰＧ,1,0,0,1,ＦＰＧ,24,0,24,1,7148
7157,ライフネット,1,0,0,1,ライフネット生命保険,25,0,25,0,7157
7164,全国保証,1,0,0,1,全国保証,23,0,23,1,7164
7167,めぶきフィナ,1,0,0,1,めぶきフィナンシャルグループ,22,0,22,1,7167
7172,ジャパンイン,1,0,0,1,ジャパンインベストメントアドバイザー,24,0,24,0,7172
7173,東京きらぼし,1,0,0,1,東京きらぼしフィナンシャルグループ,22,0,22,0,7173
7180,九州フィナン,1,0,0,1,九州フィナンシャルグループ,22,0,22,0,7180
7181,かんぽ生命保,1,0,0,1,かんぽ生命保険,25,0,25,0,7181
7182,ゆうちょ銀行,1,1,0,1,ゆうちょ銀行,22,0,22,0,7182
7184,富山第一銀行,1,1,0,1,富山第一銀行,22,0,22,0,7184
7186,コンコルディ,1,0,1,1,コンコルディア・フィナンシャルグループ,22,0,22,1,7186
7187,ジェイリース,1,0,0,1,ジェイリース,23,0,23,0,7187
7189,西日本フィナ,1,0,0,1,西日本フィナンシャルホールディングス,22,0,22,0,7189
7198,ＳＢＩアルヒ,1,1,0,1,ＳＢＩアルヒ,23,0,23,0,7198
7199,プレミアグル,1,0,0,1,プレミアグループ,23,0,23,0,7199
7201,日産自動車,1,1,1,1,日産自動車,17,0,17,0,7201
7202,いすゞ自動車,1,1,1,1,いすゞ自動車,17,0,17,1,7202
7203,トヨタ自動車,1,1,1,1,トヨタ自動車,17,0,17,1,7203
7205,日野自動車,1,1,1,1,日野自動車,17,0,17,1,7205
7211,三菱自動車工,1,0,1,1,三菱自動車工業,17,0,17,0,7211
7220,武蔵精密工業,1,0,0,1,武蔵精密工業,17,0,17,0,7220
7224,新明和工業,1,0,0,1,新明和工業,17,0,17,0,7224
7226,極東開発工業,1,0,0,1,極東開発工業,17,0,17,0,7226
7231,トピー工業,1,0,0,1,トピー工業,17,0,17,0,7231
7236,ティラド,1,1,0,1,ティラド,17,0,17,0,7236
7238,曙ブレーキ工,1,0,0,1,曙ブレーキ工業,17,0,17,0,7238
7239,タチエス,1,0,0,1,タチエス,17,0,17,0,7239
7240,ＮＯＫ,1,0,0,1,ＮＯＫ,17,0,17,0,7240
7241,フタバ産業,1,0,0,1,フタバ産業,17,0,17,0,7241
7242,カヤバ,1,1,0,1,カヤバ,17,0,17,0,7242
7244,市光工業,1,0,0,1,市光工業,16,0,16,0,7244
7245,大同メタル工,1,0,0,1,大同メタル工業,17,0,17,0,7245
7246,プレス工業,1,0,0,1,プレス工業,17,0,17,0,7246
7250,太平洋工業,1,0,0,1,太平洋工業,17,0,17,0,7250
7259,アイシン,1,0,0,1,アイシン,17,0,17,1,7259
7261,マツダ,1,0,1,1,マツダ,17,0,17,0,7261
7267,本田技研工業,1,0,1,1,本田技研工業,17,0,17,1,7267
7269,スズキ,1,0,1,1,スズキ,17,0,17,1,7269
7270,ＳＵＢＡＲＵ,1,0,1,1,ＳＵＢＡＲＵ,17,0,17,1,7270
7272,ヤマハ発動機,1,1,1,1,ヤマハ発動機,17,0,17,1,7272
7276,小糸製作所,1,0,0,1,小糸製作所,16,0,16,1,7276
7278,エクセディ,1,0,0,1,エクセディ,17,0,17,0,7278
7280,ミツバ,1,1,0,1,ミツバ,16,0,16,0,7280
7282,豊田合成,1,0,0,1,豊田合成,17,0,17,1,7282
7283,愛三工業,1,0,0,1,愛三工業,17,0,17,0,7283
7294,ヨロズ,1,0,0,1,ヨロズ,17,0,17,0,7294
7296,エフ・シー・,1,0,0,1,エフ・シー・シー,17,0,17,0,7296
7309,シマノ,1,0,0,1,シマノ,17,0,17,1,7309
7313,テイ・エス　,1,0,0,1,テイ・エス　テック,17,0,17,1,7313
7322,三十三フィナ,1,0,0,1,三十三フィナンシャルグループ,22,0,22,0,7322
7327,第四北越フィ,1,0,0,1,第四北越フィナンシャルグループ,22,0,22,0,7327
7337,ひろぎんホー,1,0,0,1,ひろぎんホールディングス,22,0,22,0,7337
7347,マーキュリア,1,0,0,1,マーキュリアホールディングス,24,0,24,0,7347
7350,おきなわフィ,1,0,0,1,おきなわフィナンシャルグループ,22,0,22,0,7350
7366,ＬＩＴＡＬＩ,1,0,0,1,ＬＩＴＡＬＩＣＯ,33,0,33,0,7366
7380,十六フィナン,1,0,0,1,十六フィナンシャルグループ,22,0,22,0,7380
7381,北國フィナン,1,0,0,1,北國フィナンシャルホールディングス,22,0,22,0,7381
7383,ネットプロテ,1,0,0,1,ネットプロテクションズホールディングス,23,0,23,0,7383
7384,プロクレアホ,1,0,0,1,プロクレアホールディングス,22,0,22,0,7384
7388,ＦＰパートナ,1,0,0,1,ＦＰパートナー,25,0,25,0,7388
7389,あいちフィナ,1,0,0,1,あいちフィナンシャルグループ,22,0,22,0,7389
7408,ジャムコ,1,0,0,1,ジャムコ,17,0,17,0,7408
7414,小野建,1,0,0,1,小野建,20,0,20,0,7414
7419,ノジマ,1,1,0,1,ノジマ,21,0,21,1,7419
7420,佐鳥電機,1,1,0,1,佐鳥電機,20,0,20,0,7420
7421,カッパ・クリ,1,0,0,1,カッパ・クリエイト,21,0,21,0,7421
7433,伯東,1,0,0,1,伯東,20,0,20,0,7433
7438,コンドーテッ,1,0,0,1,コンドーテック,20,0,20,0,7438
7447,ナガイレーベ,1,0,0,1,ナガイレーベン,20,0,20,0,7447
7453,良品計画,1,0,0,1,良品計画,21,0,21,1,7453
7456,松田産業,1,0,0,1,松田産業,20,0,20,0,7456
7458,第一興商,1,0,0,1,第一興商,20,0,20,0,7458
7459,メディパルホ,1,0,0,1,メディパルホールディングス,20,0,20,1,7459
7466,ＳＰＫ,1,0,0,1,ＳＰＫ,20,0,20,0,7466
7467,萩原電気ホー,1,0,0,1,萩原電気ホールディングス,20,0,20,0,7467
7475,アルビス,1,0,0,1,アルビス,21,0,21,0,7475
7476,アズワン,1,0,0,1,アズワン,20,0,20,0,7476
7482,シモジマ,1,1,0,1,シモジマ,20,0,20,0,7482
7483,ドウシシャ,1,0,0,1,ドウシシャ,20,0,20,0,7483
7504,高速,1,1,0,1,高速,20,0,20,0,7504
7508,Ｇ‐７ホール,1,0,0,1,Ｇ‐７ホールディングス,21,0,21,0,7508
7510,たけびし,1,1,0,1,たけびし,20,0,20,0,7510
7513,コジマ,1,1,0,1,コジマ,21,0,21,0,7513
7516,コーナン商事,1,1,0,1,コーナン商事,21,0,21,1,7516
7520,エコス,1,0,0,1,エコス,21,0,21,0,7520
7522,ワタミ,1,1,0,1,ワタミ,21,0,21,0,7522
7525,リックス,1,0,0,1,リックス,20,0,20,0,7525
7532,パン・パシフ,1,0,0,0,パン・パシフィック・インターナショナルホールディングス,21,0,21,1,7532
7537,丸文,1,1,0,1,丸文,20,0,20,0,7537
7545,西松屋チェー,1,0,0,1,西松屋チェーン,21,0,21,0,7545
7550,ゼンショーホ,1,0,0,1,ゼンショーホールディングス,21,0,21,1,7550
7552,ハピネット,1,1,0,1,ハピネット,20,0,20,0,7552
7554,幸楽苑,1,1,0,1,幸楽苑,21,0,21,0,7554
7575,日本ライフラ,1,0,0,1,日本ライフライン,20,0,20,1,7575
7581,サイゼリヤ,1,0,0,1,サイゼリヤ,21,0,21,0,7581
7593,ＶＴホールデ,1,0,0,1,ＶＴホールディングス,21,0,21,0,7593
7595,アルゴグラフ,1,0,0,1,アルゴグラフィックス,31,0,31,0,7595
7596,魚力,1,0,0,1,魚力,21,0,21,0,7596
7599,ＩＤＯＭ,1,0,0,1,ＩＤＯＭ,20,0,20,0,7599
7600,日本エム・デ,1,0,0,1,日本エム・ディ・エム,19,0,19,0,7600
7605,フジ・コーポ,1,0,0,1,フジ・コーポレーション,21,0,21,0,7605
7606,ユナイテッド,1,0,0,1,ユナイテッドアローズ,21,0,21,0,7606
7607,進和,1,1,0,1,進和,20,0,20,0,7607
7609,ダイトロン,1,0,0,1,ダイトロン,20,0,20,0,7609
7611,ハイデイ日高,1,1,0,1,ハイデイ日高,21,0,21,0,7611
7613,シークス,1,0,0,1,シークス,20,0,20,0,7613
7616,コロワイド,1,1,0,1,コロワイド,21,0,21,0,7616
7628,オーハシテク,1,0,0,1,オーハシテクニカ,20,0,20,0,7628
7630,壱番屋,1,1,0,1,壱番屋,21,0,21,0,7630
7637,白銅,1,1,0,1,白銅,20,0,20,0,7637
7649,スギホールデ,1,0,0,1,スギホールディングス,21,0,21,1,7649
7679,薬王堂ホール,1,0,0,1,薬王堂ホールディングス,21,0,21,0,7679
7683,ダブルエー,1,0,0,1,ダブルエー,21,0,21,0,7683
7701,島津製作所,1,0,0,1,島津製作所,19,0,19,1,7701
7715,長野計器,1,0,0,1,長野計器,19,0,19,0,7715
7717,ブイ・テクノ,1,0,0,1,ブイ・テクノロジー,19,0,19,1,7717
7718,スター精密,1,1,0,1,スター精密,15,0,15,0,7718
7721,東京計器,1,0,0,1,東京計器,19,0,19,0,7721
7723,愛知時計電機,1,1,0,1,愛知時計電機,19,0,19,0,7723
7725,インターアク,1,0,0,1,インターアクション,19,0,19,0,7725
7729,東京精密,1,1,0,1,東京精密,19,0,19,1,7729
7730,マニー,1,0,0,1,マニー,19,0,19,0,7730
7731,ニコン,1,0,1,1,ニコン,19,0,19,0,7731
7732,トプコン,1,0,0,1,トプコン,19,0,19,0,7732
7733,オリンパス,1,0,1,1,オリンパス,19,0,19,1,7733
7734,理研計器,1,0,0,1,理研計器,19,0,19,0,7734
7735,ＳＣＲＥＥＮ,1,0,1,1,ＳＣＲＥＥＮホールディングス,16,0,16,1,7735
7739,キヤノン電子,1,1,0,1,キヤノン電子,16,0,16,0,7739
7740,タムロン,1,1,0,1,タムロン,19,0,19,0,7740
7741,ＨＯＹＡ,1,0,0,1,ＨＯＹＡ,19,0,19,1,7741
7744,ノーリツ鋼機,1,1,0,1,ノーリツ鋼機,19,0,19,0,7744
7745,Ａ＆Ｄホロン,1,0,0,1,Ａ＆Ｄホロンホールディングス,19,0,19,0,7745
7747,朝日インテッ,1,0,0,1,朝日インテック,19,0,19,1,7747
7751,キヤノン,1,0,1,1,キヤノン,16,0,16,0,7751
7752,リコー,1,0,1,1,リコー,16,0,16,0,7752
7762,シチズン時計,1,1,1,1,シチズン時計,19,0,19,0,7762
7769,リズム,1,8,0,1,リズム,19,0,19,0,7769
7780,メニコン,1,0,0,1,メニコン,19,0,19,0,7780
7817,パラマウント,1,0,0,1,パラマウントベッドホールディングス,18,0,18,0,7817
7818,トランザクシ,1,0,0,1,トランザクション,18,0,18,0,7818
7820,ニホンフラッ,1,0,0,1,ニホンフラッシュ,18,0,18,0,7820
7821,前田工繊,1,1,0,1,前田工繊,18,0,18,0,7821
7826,フルヤ金属,1,1,0,1,フルヤ金属,18,0,18,0,7826
7832,バンダイナム,1,0,1,1,バンダイナムコホールディングス,18,0,18,1,7832
7839,ＳＨＯＥＩ,1,0,0,1,ＳＨＯＥＩ,18,0,18,0,7839
7840,フランスベッ,1,0,0,1,フランスベッドホールディングス,18,0,18,0,7840
7844,マーベラス,1,0,0,1,マーベラス,31,0,31,0,7844
7846,パイロットコ,1,0,0,1,パイロットコーポレーション,18,0,18,1,7846
7856,萩原工業,1,0,0,1,萩原工業,18,0,18,0,7856
7860,エイベックス,1,0,0,1,エイベックス,31,0,31,0,7860
7864,フジシールイ,1,0,0,1,フジシールインターナショナル,18,0,18,0,7864
7867,タカラトミー,1,0,0,1,タカラトミー,18,0,18,0,7867
7868,広済堂ホール,1,0,0,1,広済堂ホールディングス,18,0,18,0,7868
7874,レック,1,0,0,1,レック,7,0,7,0,7874
7888,三光合成,1,0,0,1,三光合成,7,0,7,0,7888
7893,プロネクサス,1,0,0,1,プロネクサス,18,0,18,0,7893
7911,ＴＯＰＰＡＮ,1,0,1,1,ＴＯＰＰＡＮホールディングス,18,0,18,0,7911
7912,大日本印刷,1,0,1,1,大日本印刷,18,0,18,0,7912
7914,共同印刷,1,0,0,1,共同印刷,18,0,18,0,7914
7915,ＮＩＳＳＨＡ,1,0,0,1,ＮＩＳＳＨＡ,18,0,18,0,7915
7917,ＺＡＣＲＯＳ,1,0,0,1,ＺＡＣＲＯＳ,7,0,7,0,7917
7921,ＴＡＫＡＲＡ,1,0,0,1,ＴＡＫＡＲＡ　＆　ＣＯＭＰＡＮＹ,18,0,18,0,7921
7925,前澤化成工業,1,0,0,1,前澤化成工業,7,0,7,0,7925
7931,未来工業,1,0,0,1,未来工業,7,0,7,0,7931
7936,アシックス,1,0,0,1,アシックス,18,0,18,0,7936
7942,ＪＳＰ,1,0,0,1,ＪＳＰ,7,0,7,0,7942
7943,ニチハ,1,1,0,1,ニチハ,11,0,11,0,7943
7944,ローランド,1,2,0,1,ローランド,18,0,18,0,7944
7947,エフピコ,1,0,0,1,エフピコ,7,0,7,1,7947
7949,小松ウオール,1,0,0,1,小松ウオール工業,18,0,18,0,7949
7951,ヤマハ,1,0,1,1,ヤマハ,18,0,18,1,7951
7952,河合楽器製作,1,0,0,1,河合楽器製作所,18,0,18,0,7952
7955,クリナップ,1,1,0,1,クリナップ,18,0,18,0,7955
7956,ピジョン,1,0,0,1,ピジョン,18,0,18,1,7956
7958,天馬,1,0,0,1,天馬,7,0,7,0,7958
7962,キングジム,1,0,0,1,キングジム,18,0,18,0,7962
7965,象印マホービ,1,0,0,1,象印マホービン,16,0,16,0,7965
7966,リンテック,1,0,0,1,リンテック,18,0,18,0,7966
7970,信越ポリマー,1,0,0,1,信越ポリマー,7,0,7,0,7970
7972,イトーキ,1,0,0,1,イトーキ,18,0,18,0,7972
7974,任天堂,1,1,1,1,任天堂,18,0,18,1,7974
7976,三菱鉛筆,1,1,0,1,三菱鉛筆,18,0,18,0,7976
7979,松風,1,0,0,1,松風,19,0,19,0,7979
7981,タカラスタン,1,0,0,1,タカラスタンダード,18,0,18,0,7981
7984,コクヨ,1,0,0,1,コクヨ,18,0,18,0,7984
7988,ニフコ,1,0,0,1,ニフコ,7,0,7,1,7988
7989,立川ブライン,1,0,0,1,立川ブラインド工業,13,0,13,0,7989
7990,グローブライ,1,0,0,1,グローブライド,18,0,18,0,7990
7994,オカムラ,1,0,0,1,オカムラ,18,0,18,0,7994
7995,バルカー,1,0,0,1,バルカー,7,0,7,0,7995
8001,伊藤忠商事,1,1,1,1,伊藤忠商事,20,0,20,1,8001
8002,丸紅,1,1,1,1,丸紅,20,0,20,1,8002
8005,スクロール,1,0,0,1,スクロール,21,0,21,0,8005
8007,高島,1,0,0,1,高島,20,0,20,0,8007
8008,ヨンドシーホ,1,0,0,1,ヨンドシーホールディングス,21,0,21,0,8008
8011,三陽商会,1,1,0,1,三陽商会,5,0,5,0,8011
8012,長瀬産業,1,0,0,1,長瀬産業,20,0,20,0,8012
8014,蝶理,1,1,0,1,蝶理,20,0,20,0,8014
8015,豊田通商,1,0,1,1,豊田通商,20,0,20,1,8015
8016,オンワードホ,1,0,0,1,オンワードホールディングス,5,0,5,0,8016
8020,兼松,1,0,0,1,兼松,20,0,20,1,8020
8022,美津濃,1,1,0,1,美津濃,18,0,18,0,8022
8031,三井物産,1,0,1,1,三井物産,20,0,20,1,8031
8032,日本紙パルプ,1,0,0,1,日本紙パルプ商事,20,0,20,0,8032
8035,東京エレクト,1,0,1,1,東京エレクトロン,16,0,16,1,8035
8037,カメイ,1,0,0,1,カメイ,20,0,20,0,8037
8043,スターゼン,1,0,0,1,スターゼン,20,0,20,0,8043
8050,セイコーグル,1,0,0,1,セイコーグループ,19,0,19,0,8050
8051,山善,1,1,0,1,山善,20,0,20,0,8051
8052,椿本興業,1,0,0,1,椿本興業,20,0,20,0,8052
8053,住友商事,1,1,1,1,住友商事,20,0,20,1,8053
8056,ＢＩＰＲＯＧ,1,0,0,1,ＢＩＰＲＯＧＹ,31,0,31,1,8056
8057,内田洋行,1,1,0,1,内田洋行,20,0,20,0,8057
8058,三菱商事,1,1,1,1,三菱商事,20,0,20,1,8058
8059,第一実業,1,0,0,1,第一実業,20,0,20,0,8059
8060,キヤノンマー,1,0,0,1,キヤノンマーケティングジャパン,20,0,20,0,8060
8061,西華産業,1,0,0,1,西華産業,20,0,20,0,8061
8065,佐藤商事,1,1,0,1,佐藤商事,20,0,20,0,8065
8068,菱洋エレクト,1,0,0,0,菱洋エレクトロ,21,1,21,0,8068
8070,東京産業,1,0,0,1,東京産業,20,0,20,0,8070
8074,ユアサ商事,1,1,0,1,ユアサ商事,20,0,20,0,8074
8075,神鋼商事,1,1,0,1,神鋼商事,20,0,20,0,8075
8078,阪和興業,1,0,0,1,阪和興業,20,0,20,0,8078
8079,正栄食品工業,1,0,0,1,正栄食品工業,20,0,20,0,8079
8081,カナデン,1,0,0,1,カナデン,20,0,20,0,8081
8084,ＲＹＯＤＥＮ,1,0,0,1,ＲＹＯＤＥＮ,20,0,20,0,8084
8086,ニプロ,1,0,0,1,ニプロ,19,0,19,0,8086
8088,岩谷産業,1,0,0,1,岩谷産業,20,0,20,1,8088
8091,ニチモウ,1,0,0,1,ニチモウ,20,0,20,0,8091
8093,極東貿易,1,1,0,1,極東貿易,20,0,20,0,8093
8095,アステナホー,1,0,0,1,アステナホールディングス,20,0,20,0,8095
8097,三愛オブリ,1,0,0,1,三愛オブリ,20,0,20,0,8097
8098,稲畑産業,1,0,0,1,稲畑産業,20,0,20,0,8098
8101,ＧＳＩクレオ,1,0,0,1,ＧＳＩクレオス,20,0,20,0,8101
8103,明和産業,1,0,0,1,明和産業,20,0,20,0,8103
8111,ゴールドウイ,1,0,0,1,ゴールドウイン,5,0,5,1,8111
8113,ユニ・チャー,1,0,0,1,ユニ・チャーム,7,0,7,1,8113
8125,ワキタ,1,0,0,1,ワキタ,20,0,20,0,8125
8129,東邦ホールデ,1,0,0,1,東邦ホールディングス,20,0,20,0,8129
8130,サンゲツ,1,1,0,1,サンゲツ,20,0,20,0,8130
8132,シナネンホー,1,0,0,1,シナネンホールディングス,20,0,20,0,8132
8133,伊藤忠エネク,1,0,0,1,伊藤忠エネクス,20,0,20,0,8133
8136,サンリオ,1,0,0,1,サンリオ,20,0,20,0,8136
8137,サンワテクノ,1,0,0,1,サンワテクノス,20,0,20,0,8137
8140,リョーサン,1,0,0,0,リョーサン,21,1,21,0,8140
8141,新光商事,1,1,0,1,新光商事,20,0,20,0,8141
8142,トーホー,1,0,0,1,トーホー,20,0,20,0,8142
8150,三信電気,1,1,0,1,三信電気,20,0,20,0,8150
8151,東陽テクニカ,1,0,0,1,東陽テクニカ,20,0,20,0,8151
8153,モスフードサ,1,0,0,1,モスフードサービス,20,0,20,0,8153
8154,加賀電子,1,1,0,1,加賀電子,20,0,20,0,8154
8157,都築電気,1,1,0,1,都築電気,31,0,31,0,8157
8158,ソーダニッカ,1,0,0,1,ソーダニッカ,20,0,20,0,8158
8159,立花エレテッ,1,0,0,1,立花エレテック,20,0,20,0,8159
8160,木曽路,1,0,0,1,木曽路,21,0,21,0,8160
8163,ＳＲＳホール,1,0,0,1,ＳＲＳホールディングス,21,0,21,0,8163
8167,リテールパー,1,0,0,1,リテールパートナーズ,21,0,21,0,8167
8173,上新電機,1,1,0,1,上新電機,21,0,21,0,8173
8174,日本瓦斯,1,0,0,1,日本瓦斯,21,0,21,0,8174
8179,ロイヤルホー,1,0,0,1,ロイヤルホールディングス,21,0,21,0,8179
8185,チヨダ,1,0,0,1,チヨダ,21,0,21,0,8185
8194,ライフコーポ,1,0,0,1,ライフコーポレーション,21,0,21,1,8194
8200,リンガーハッ,1,0,0,1,リンガーハット,21,0,21,0,8200
8203,ＭｒＭａｘＨ,1,0,0,1,ＭｒＭａｘＨＤ,21,0,21,0,8203
8214,ＡＯＫＩホー,1,0,0,1,ＡＯＫＩホールディングス,21,0,21,0,8214
8217,オークワ,1,0,0,1,オークワ,21,0,21,0,8217
8218,コメリ,1,0,0,1,コメリ,21,0,21,0,8218
8219,青山商事,1,1,0,1,青山商事,21,0,21,0,8219
8227,しまむら,1,1,0,1,しまむら,21,0,21,0,8227
8233,高島屋,1,1,1,1,高島屋,21,0,21,0,8233
8237,松屋,1,1,0,1,松屋,21,0,21,0,8237
8242,エイチ・ツー,1,0,0,1,エイチ・ツー・オー　リテイリング,21,0,21,0,8242
8252,丸井グループ,1,1,1,1,丸井グループ,21,0,21,1,8252
8253,クレディセゾ,1,0,1,1,クレディセゾン,23,0,23,0,8253
8255,アクシアル　,1,0,0,1,アクシアル　リテイリング,21,0,21,0,8255
8267,イオン,1,0,1,1,イオン,21,0,21,0,8267
8273,イズミ,1,1,0,1,イズミ,21,0,21,1,8273
8276,平和堂,1,1,0,1,平和堂,21,0,21,0,8276
8278,フジ,1,0,0,1,フジ,21,0,21,0,8278
8279,ヤオコー,1,0,0,1,ヤオコー,21,0,21,1,8279
8281,ゼビオホール,1,0,0,1,ゼビオホールディングス,21,0,21,0,8281
8282,ケーズホール,1,0,0,1,ケーズホールディングス,21,0,21,1,8282
8283,ＰＡＬＴＡＣ,1,0,0,1,ＰＡＬＴＡＣ,20,0,20,1,8283
8303,ＳＢＩ新生銀,1,0,1,1,ＳＢＩ新生銀行,23,0,23,1,8303
8304,あおぞら銀行,1,1,1,1,あおぞら銀行,22,0,22,1,8304
8306,三菱ＵＦＪフ,1,0,1,1,三菱ＵＦＪフィナンシャル・グループ,22,0,22,1,8306
8308,りそなホール,1,0,1,1,りそなホールディングス,22,0,22,1,8308
8309,三井住友トラ,1,0,1,1,三井住友トラストグループ,22,0,22,1,8309
8316,三井住友フィ,1,0,1,1,三井住友フィナンシャルグループ,22,0,22,1,8316
8331,千葉銀行,1,1,1,1,千葉銀行,22,0,22,1,8331
8334,群馬銀行,1,1,0,1,群馬銀行,22,0,22,0,8334
8336,武蔵野銀行,1,1,0,1,武蔵野銀行,22,0,22,0,8336
8337,千葉興業銀行,1,1,0,1,千葉興業銀行,22,0,22,0,8337
8338,筑波銀行,1,1,0,1,筑波銀行,22,0,22,0,8338
8341,七十七銀行,1,1,0,1,七十七銀行,22,0,22,0,8341
8343,秋田銀行,1,1,0,1,秋田銀行,22,0,22,0,8343
8344,山形銀行,1,1,0,1,山形銀行,22,0,22,0,8344
8345,岩手銀行,1,1,0,1,岩手銀行,22,0,22,0,8345
8346,東邦銀行,1,1,0,1,東邦銀行,22,0,22,0,8346
8354,ふくおかフィ,1,0,1,1,ふくおかフィナンシャルグループ,22,0,22,1,8354
8358,スルガ銀行,1,1,0,1,スルガ銀行,22,0,22,0,8358
8359,八十二銀行,1,1,0,1,八十二銀行,22,0,22,0,8359
8360,山梨中央銀行,1,1,0,1,山梨中央銀行,22,0,22,0,8360
8361,大垣共立銀行,1,1,0,1,大垣共立銀行,22,0,22,0,8361
8362,福井銀行,1,1,0,1,福井銀行,22,0,22,0,8362
8364,清水銀行,1,1,0,1,清水銀行,22,0,22,0,8364
8366,滋賀銀行,1,1,0,1,滋賀銀行,22,0,22,0,8366
8367,南都銀行,1,1,0,1,南都銀行,22,0,22,0,8367
8368,百五銀行,1,1,0,1,百五銀行,22,0,22,0,8368
8370,紀陽銀行,1,1,0,1,紀陽銀行,22,0,22,0,8370
8377,ほくほくフィ,1,0,0,1,ほくほくフィナンシャルグループ,22,0,22,0,8377
8381,山陰合同銀行,1,1,0,1,山陰合同銀行,22,0,22,0,8381
8386,百十四銀行,1,1,0,1,百十四銀行,22,0,22,0,8386
8387,四国銀行,1,1,0,1,四国銀行,22,0,22,0,8387
8388,阿波銀行,1,1,0,1,阿波銀行,22,0,22,0,8388
8392,大分銀行,1,1,0,1,大分銀行,22,0,22,0,8392
8393,宮崎銀行,1,1,0,1,宮崎銀行,22,0,22,0,8393
8395,佐賀銀行,1,1,0,1,佐賀銀行,22,0,22,0,8395
8399,琉球銀行,1,1,0,1,琉球銀行,22,0,22,0,8399
8410,セブン銀行,1,1,0,1,セブン銀行,22,0,22,1,8410
8411,みずほフィナ,1,0,1,1,みずほフィナンシャルグループ,22,0,22,1,8411
8418,山口フィナン,1,0,0,1,山口フィナンシャルグループ,22,0,22,0,8418
8424,芙蓉総合リー,1,0,0,1,芙蓉総合リース,23,0,23,1,8424
8425,みずほリース,1,0,0,1,みずほリース,23,0,23,1,8425
8439,東京センチュ,1,0,0,1,東京センチュリー,23,0,23,1,8439
8473,ＳＢＩホール,1,0,0,1,ＳＢＩホールディングス,24,0,24,1,8473
8511,日本証券金融,1,0,0,1,日本証券金融,23,0,23,0,8511
8515,アイフル,1,0,0,1,アイフル,23,0,23,0,8515
8522,名古屋銀行,1,1,0,1,名古屋銀行,22,0,22,0,8522
8524,北洋銀行,1,1,0,1,北洋銀行,22,0,22,0,8524
8541,愛媛銀行,1,1,0,1,愛媛銀行,22,0,22,0,8541
8544,京葉銀行,1,1,0,1,京葉銀行,22,0,22,0,8544
8550,栃木銀行,1,1,0,1,栃木銀行,22,0,22,0,8550
8551,北日本銀行,1,1,0,1,北日本銀行,22,0,22,0,8551
8558,東和銀行,1,1,0,1,東和銀行,22,0,22,0,8558
8566,リコーリース,1,0,0,1,リコーリース,23,0,23,0,8566
8570,イオンフィナ,1,0,0,1,イオンフィナンシャルサービス,23,0,23,1,8570
8584,ジャックス,1,5,0,1,ジャックス,23,0,23,0,8584
8585,オリエントコ,1,0,0,1,オリエントコーポレーション,23,0,23,1,8585
8591,オリックス,1,2,0,1,オリックス,23,0,23,1,8591
8593,三菱ＨＣキャ,1,0,0,1,三菱ＨＣキャピタル,23,0,23,1,8593
8595,ジャフコ　グ,1,0,0,1,ジャフコ　グループ,24,0,24,1,8595
8600,トモニホール,1,0,0,1,トモニホールディングス,22,0,22,0,8600
8601,大和証券グル,1,0,1,1,大和証券グループ本社,24,0,24,1,8601
8604,野村ホールデ,1,0,1,1,野村ホールディングス,24,0,24,1,8604
8609,岡三証券グル,1,0,0,1,岡三証券グループ,24,0,24,0,8609
8613,丸三証券,1,0,0,1,丸三証券,24,0,24,0,8613
8614,東洋証券,1,0,0,1,東洋証券,24,0,24,0,8614
8616,東海東京フィ,1,0,0,1,東海東京フィナンシャル・ホールディングス,24,0,24,0,8616
8622,水戸証券,1,0,0,1,水戸証券,24,0,24,0,8622
8624,いちよし証券,1,0,0,1,いちよし証券,24,0,24,0,8624
8628,松井証券,1,0,1,1,松井証券,24,0,24,0,8628
8630,ＳＯＭＰＯホ,1,0,1,1,ＳＯＭＰＯホールディングス,25,0,25,1,8630
8697,日本取引所グ,1,0,1,1,日本取引所グループ,23,0,23,1,8697
8698,マネックスグ,1,0,0,1,マネックスグループ,24,0,24,0,8698
8706,極東証券,1,0,0,1,極東証券,24,0,24,0,8706
8707,岩井コスモホ,1,0,0,1,岩井コスモホールディングス,24,0,24,0,8707
8708,アイザワ証券,1,0,0,1,アイザワ証券グループ,24,0,24,0,8708
8713,フィデアホー,1,0,0,1,フィデアホールディングス,22,0,22,0,8713
8714,池田泉州ホー,1,0,0,1,池田泉州ホールディングス,22,0,22,0,8714
8715,アニコム　ホ,1,0,0,1,アニコム　ホールディングス,25,0,25,0,8715
8725,ＭＳ＆ＡＤイ,1,0,1,0,ＭＳ＆ＡＤインシュアランスグループホールディングス,25,0,25,1,8725
8729,ソニーフィナ,1,0,0,1,ソニーフィナンシャルグループ,0,0,0,0,8729
8739,スパークス・,1,0,0,1,スパークス・グループ,24,0,24,0,8739
8750,第一生命ホー,1,0,1,1,第一生命ホールディングス,25,0,25,1,8750
8766,東京海上ホー,1,0,1,1,東京海上ホールディングス,25,0,25,1,8766
8771,イー・ギャラ,1,0,0,1,イー・ギャランティ,23,0,23,0,8771
8793,ＮＥＣキャピ,1,0,0,1,ＮＥＣキャピタルソリューション,23,0,23,0,8793
8795,Ｔ＆Ｄホール,1,0,1,1,Ｔ＆Ｄホールディングス,25,0,25,1,8795
8798,アドバンスク,1,0,0,1,アドバンスクリエイト,25,0,25,0,8798
8801,三井不動産,1,0,1,1,三井不動産,26,0,26,1,8801
8802,三菱地所,1,0,1,1,三菱地所,26,0,26,1,8802
8803,平和不動産,1,0,0,1,平和不動産,26,0,26,0,8803
8804,東京建物,1,0,1,1,東京建物,26,0,26,1,8804
8818,京阪神ビルデ,1,0,0,1,京阪神ビルディング,26,0,26,0,8818
8830,住友不動産,1,0,1,1,住友不動産,26,0,26,1,8830
8848,レオパレス２,1,0,0,1,レオパレス２１,26,0,26,0,8848
8850,スターツコー,1,0,0,1,スターツコーポレーション,26,0,26,1,8850
8860,フジ住宅,1,1,0,1,フジ住宅,26,0,26,0,8860
8876,リログループ,1,1,0,1,リログループ,33,0,33,1,8876
8877,エスリード,1,1,0,1,エスリード,26,0,26,0,8877
8881,日神グループ,1,0,0,1,日神グループホールディングス,26,0,26,0,8881
8892,エスコン,1,0,0,1,エスコン,26,0,26,1,8892
8897,ＭＩＲＡＲＴ,1,0,0,1,ＭＩＲＡＲＴＨホールディングス,26,0,26,0,8897
8905,イオンモール,1,0,0,1,イオンモール,26,0,26,1,8905
8919,カチタス,1,0,0,1,カチタス,26,0,26,1,8919
8923,トーセイ,1,0,0,1,トーセイ,26,0,26,0,8923
8934,サンフロンテ,1,0,0,1,サンフロンティア不動産,26,0,26,0,8934
8935,ＦＪネクスト,1,0,0,1,ＦＪネクストホールディングス,26,0,26,0,8935
8999,グランディハ,1,0,0,1,グランディハウス,26,0,26,0,8999
9001,東武鉄道,1,0,1,1,東武鉄道,27,0,27,0,9001
9003,相鉄ホールデ,1,0,0,1,相鉄ホールディングス,27,0,27,0,9003
9005,東急,1,0,1,1,東急,27,0,27,0,9005
9006,京浜急行電鉄,1,1,0,1,京浜急行電鉄,27,0,27,0,9006
9007,小田急電鉄,1,1,1,1,小田急電鉄,27,0,27,0,9007
9008,京王電鉄,1,1,1,1,京王電鉄,27,0,27,0,9008
9009,京成電鉄,1,1,1,1,京成電鉄,27,0,27,0,9009
9010,富士急行,1,1,0,1,富士急行,27,0,27,0,9010
9020,東日本旅客鉄,1,0,1,1,東日本旅客鉄道,27,0,27,0,9020
9021,西日本旅客鉄,1,0,1,1,西日本旅客鉄道,27,0,27,0,9021
9022,東海旅客鉄道,1,0,1,1,東海旅客鉄道,27,0,27,1,9022
9023,東京地下鉄,1,0,0,1,東京地下鉄,27,0,27,0,9023
9024,西武ホールデ,1,0,0,1,西武ホールディングス,27,0,27,0,9024
9025,鴻池運輸,1,0,0,1,鴻池運輸,27,0,27,0,9025
9031,西日本鉄道,1,0,0,1,西日本鉄道,27,0,27,0,9031
9037,ハマキョウレ,1,0,0,1,ハマキョウレックス,27,0,27,0,9037
9039,サカイ引越セ,1,0,0,1,サカイ引越センター,27,0,27,0,9039
9041,近鉄グループ,1,0,0,1,近鉄グループホールディングス,27,0,27,0,9041
9042,阪急阪神ホー,1,0,0,1,阪急阪神ホールディングス,27,0,27,1,9042
9044,南海電気鉄道,1,1,0,1,南海電気鉄道,27,0,27,0,9044
9045,京阪ホールデ,1,0,0,1,京阪ホールディングス,27,0,27,0,9045
9046,神戸電鉄,1,1,0,1,神戸電鉄,27,0,27,0,9046
9048,名古屋鉄道,1,1,0,1,名古屋鉄道,27,0,27,0,9048
9052,山陽電気鉄道,1,1,0,1,山陽電気鉄道,27,0,27,0,9052
9064,ヤマトホール,1,0,1,1,ヤマトホールディングス,27,0,27,1,9064
9065,山九,1,1,0,1,山九,27,0,27,1,9065
9066,日新,1,0,0,1,日新,30,0,30,0,9066
9068,丸全昭和運輸,1,0,0,1,丸全昭和運輸,27,0,27,0,9068
9069,センコーグル,1,0,0,1,センコーグループホールディングス,27,0,27,1,9069
9072,ニッコンホー,1,0,0,1,ニッコンホールディングス,27,0,27,0,9072
9075,福山通運,1,0,0,1,福山通運,27,0,27,0,9075
9076,セイノーホー,1,0,0,1,セイノーホールディングス,27,0,27,0,9076
9081,神奈川中央交,1,0,0,1,神奈川中央交通,27,0,27,0,9081
9090,ＡＺ－ＣＯＭ,1,0,0,1,ＡＺ－ＣＯＭ丸和ホールディングス,27,0,27,1,9090
9099,Ｃ＆Ｆロジホ,1,0,0,0,Ｃ＆Ｆロジホールディングス,29,1,29,0,9099
9101,日本郵船,1,0,1,1,日本郵船,28,0,28,1,9101
9104,商船三井,1,5,1,1,商船三井,28,0,28,1,9104
9107,川崎汽船,1,0,1,1,川崎汽船,28,0,28,0,9107
9110,ＮＳユナイテ,1,0,0,1,ＮＳユナイテッド海運,28,0,28,0,9110
9119,飯野海運,1,1,0,1,飯野海運,28,0,28,0,9119
9142,九州旅客鉄道,1,0,0,1,九州旅客鉄道,27,0,27,1,9142
9143,ＳＧホールデ,1,0,0,1,ＳＧホールディングス,27,0,27,1,9143
9147,ＮＩＰＰＯＮ,1,0,0,1,ＮＩＰＰＯＮ　ＥＸＰＲＥＳＳホールディングス,27,0,27,1,9147
9201,日本航空,1,0,0,1,日本航空,29,0,29,0,9201
9202,ＡＮＡホール,1,0,1,1,ＡＮＡホールディングス,29,0,29,0,9202
9216,ビーウィズ,1,0,0,1,ビーウィズ,33,0,33,0,9216
9229,サンウェルズ,1,0,0,1,サンウェルズ,33,0,33,0,9229
9247,ＴＲＥホール,1,0,0,1,ＴＲＥホールディングス,33,0,33,0,9247
9260,西本Ｗｉｓｍ,1,0,0,1,西本Ｗｉｓｍｅｔｔａｃホールディングス,20,0,20,0,9260
9267,Ｇｅｎｋｙ　,1,0,0,1,Ｇｅｎｋｙ　ＤｒｕｇＳｔｏｒｅｓ,21,0,21,0,9267
9273,コーア商事ホ,1,0,0,1,コーア商事ホールディングス,20,0,20,0,9273
9274,ＫＰＰグルー,1,0,0,1,ＫＰＰグループホールディングス,20,0,20,0,9274
9278,ブックオフグ,1,0,0,1,ブックオフグループホールディングス,21,0,21,0,9278
9279,ギフトホール,1,0,0,1,ギフトホールディングス,21,0,21,0,9279
9301,三菱倉庫,1,0,0,1,三菱倉庫,30,0,30,0,9301
9302,三井倉庫ホー,1,0,0,1,三井倉庫ホールディングス,30,0,30,0,9302
9303,住友倉庫,1,0,0,1,住友倉庫,30,0,30,0,9303
9304,澁澤倉庫,1,0,0,1,澁澤倉庫,30,0,30,0,9304
9305,ヤマタネ,1,1,0,1,ヤマタネ,20,0,20,0,9305
9310,日本トランス,1,0,0,1,日本トランスシティ,30,0,30,0,9310
9319,中央倉庫,1,0,0,1,中央倉庫,30,0,30,0,9319
9324,安田倉庫,1,0,0,1,安田倉庫,30,0,30,0,9324
9332,ＮＩＳＳＯホ,1,0,0,1,ＮＩＳＳＯホールディングス,33,0,33,0,9332
9336,大栄環境,1,1,0,1,大栄環境,33,0,33,0,9336
9341,ＧＥＮＯＶＡ,1,0,0,1,ＧＥＮＯＶＡ,33,0,33,0,9341
9347,日本管財ホー,1,0,0,1,日本管財ホールディングス,33,0,33,0,9347
9364,上組,1,1,0,1,上組,30,0,30,0,9364
9381,エーアイテイ,1,0,0,1,エーアイテイー,30,0,30,0,9381
9384,内外トランス,1,0,0,1,内外トランスライン,30,0,30,0,9384
9386,日本コンセプ,1,0,0,1,日本コンセプト,30,0,30,0,9386
9401,ＴＢＳホール,1,0,0,1,ＴＢＳホールディングス,31,0,31,0,9401
9404,日本テレビホ,1,0,0,1,日本テレビホールディングス,31,0,31,0,9404
9405,朝日放送グル,1,0,0,1,朝日放送グループホールディングス,31,0,31,0,9405
9409,テレビ朝日ホ,1,0,0,1,テレビ朝日ホールディングス,31,0,31,0,9409
9412,スカパーＪＳ,1,0,0,1,スカパーＪＳＡＴホールディングス,31,0,31,0,9412
9413,テレビ東京ホ,1,0,0,1,テレビ東京ホールディングス,31,0,31,0,9413
9416,ビジョン,1,0,0,1,ビジョン,31,0,31,0,9416
9418,Ｕ－ＮＥＸＴ,1,0,0,1,Ｕ－ＮＥＸＴ　ＨＯＬＤＩＮＧＳ,31,0,31,0,9418
9424,日本通信,1,0,0,1,日本通信,31,0,31,0,9424
9432,ＮＴＴ,1,0,0,1,ＮＴＴ,31,0,31,0,9432
9433,ＫＤＤＩ,1,0,0,1,ＫＤＤＩ,31,0,31,0,9433
9434,ソフトバンク,1,0,0,1,ソフトバンク第２回社債型種類株式,31,0,31,0,9434
9435,光通信,1,0,0,1,光通信,31,0,31,0,9435
9438,エムティーア,1,0,0,1,エムティーアイ,31,0,31,0,9438
9449,ＧＭＯインタ,1,0,0,1,ＧＭＯインターネットグループ,31,0,31,0,9449
9468,ＫＡＤＯＫＡ,1,0,0,1,ＫＡＤＯＫＡＷＡ,31,0,31,0,9468
9470,学研ホールデ,1,0,0,1,学研ホールディングス,31,0,31,0,9470
9474,ゼンリン,1,0,0,1,ゼンリン,31,0,31,0,9474
9501,東京電力ホー,1,0,0,1,東京電力ホールディングス,32,0,32,0,9501
9502,中部電力,1,1,0,1,中部電力,32,0,32,0,9502
9503,関西電力,1,1,0,1,関西電力,32,0,32,0,9503
9504,中国電力,1,1,0,1,中国電力,32,0,32,0,9504
9505,北陸電力,1,1,0,1,北陸電力,32,0,32,0,9505
9506,東北電力,1,1,0,1,東北電力,32,0,32,0,9506
9507,四国電力,1,1,0,1,四国電力,32,0,32,0,9507
9508,九州電力,1,1,0,1,九州電力,32,0,32,0,9508
9509,北海道電力,1,1,0,1,北海道電力,32,0,32,0,9509
9511,沖縄電力,1,1,0,1,沖縄電力,32,0,32,0,9511
9513,電源開発,1,0,0,1,電源開発,32,0,32,0,9513
9517,イーレックス,1,0,0,1,イーレックス,32,0,32,0,9517
9519,レノバ,1,0,0,1,レノバ,32,0,32,0,9519
9531,東京瓦斯,1,0,0,1,東京瓦斯,32,0,32,0,9531
9532,大阪瓦斯,1,0,0,1,大阪瓦斯,32,0,32,0,9532
9533,東邦瓦斯,1,0,0,1,東邦瓦斯,32,0,32,0,9533
9534,北海道瓦斯,1,0,0,1,北海道瓦斯,32,0,32,0,9534
9535,広島ガス,1,0,0,1,広島ガス,32,0,32,0,9535
9536,西部ガスホー,1,0,0,1,西部ガスホールディングス,32,0,32,0,9536
9543,静岡ガス,1,0,0,1,静岡ガス,32,0,32,0,9543
9551,メタウォータ,1,0,0,1,メタウォーター,32,0,32,0,9551
9552,Ｍ＆Ａ総研ホ,1,0,0,1,Ｍ＆Ａ総研ホールディングス,33,0,33,0,9552
9600,アイネット,1,1,0,1,アイネット,31,0,31,0,9600
9601,松竹,1,0,0,1,松竹,31,0,31,0,9601
9602,東宝,1,1,0,1,東宝,31,0,31,0,9602
9603,エイチ・アイ,1,1,0,1,エイチ・アイ・エス,33,0,33,0,9603
9605,東映,1,0,0,1,東映,31,0,31,0,9605
9612,ラックランド,1,1,0,1,ラックランド,33,0,33,0,9612
9613,ＮＴＴデータ,1,0,0,1,ＮＴＴデータグループ,31,0,31,0,9613
9616,共立メンテナ,1,0,0,1,共立メンテナンス,33,0,33,0,9616
9619,イチネンホー,1,0,0,1,イチネンホールディングス,33,0,33,0,9619
9621,建設技術研究,1,0,0,1,建設技術研究所,33,0,33,0,9621
9622,スペース,1,0,0,1,スペース,33,0,33,0,9622
9627,アインホール,1,0,0,1,アインホールディングス,21,0,21,0,9627
9628,燦ホールディ,1,0,0,1,燦ホールディングス,33,0,33,0,9628
9629,ピー・シー・,1,0,0,1,ピー・シー・エー,31,0,31,0,9629
9644,タナベコンサ,1,0,0,1,タナベコンサルティンググループ,33,0,33,0,9644
9658,ビジネスブレ,1,0,0,1,ビジネスブレイン太田昭和,31,0,31,0,9658
9663,ナガワ,1,0,0,1,ナガワ,33,0,33,0,9663
9672,東京都競馬,1,0,0,1,東京都競馬,33,0,33,0,9672
9678,カナモト,1,1,0,1,カナモト,33,0,33,0,9678
9682,ＤＴＳ,1,0,0,1,ＤＴＳ,31,0,31,0,9682
9684,スクウェア・,1,0,0,1,スクウェア・エニックス・ホールディングス,31,0,31,0,9684
9692,シーイーシー,1,0,0,1,シーイーシー,31,0,31,0,9692
9697,カプコン,1,0,0,1,カプコン,31,0,31,0,9697
9699,ニシオホール,1,0,0,1,ニシオホールディングス,33,0,33,0,9699
9702,アイ・エス・,1,0,0,1,アイ・エス・ビー,31,0,31,0,9702
9706,日本空港ビル,1,0,0,1,日本空港ビルデング,26,0,26,0,9706
9715,トランス・コ,1,0,0,1,トランス・コスモス,33,0,33,0,9715
9716,乃村工藝社,1,0,0,1,乃村工藝社,33,0,33,0,9716
9717,ジャステック,1,0,0,1,ジャステック,33,1,33,0,9717
9719,ＳＣＳＫ,1,0,0,1,ＳＣＳＫ,31,0,31,0,9719
9722,藤田観光,1,1,0,1,藤田観光,33,0,33,0,9722
9729,トーカイ,1,0,0,1,トーカイ,33,0,33,0,9729
9735,セコム,1,0,0,1,セコム,33,0,33,0,9735
9739,ＮＳＷ,1,0,0,1,ＮＳＷ,31,0,31,0,9739
9740,セントラル警,1,0,0,1,セントラル警備保障,33,0,33,0,9740
9742,アイネス,1,0,0,1,アイネス,31,0,31,0,9742
9743,丹青社,1,0,0,1,丹青社,33,0,33,0,9743
9744,メイテックグ,1,0,0,1,メイテックグループホールディングス,33,0,33,0,9744
9746,ＴＫＣ,1,0,0,1,ＴＫＣ,31,0,31,0,9746
9755,応用地質,1,0,0,1,応用地質,33,0,33,0,9755
9757,船井総研ホー,1,0,0,1,船井総研ホールディングス,33,0,33,0,9757
9759,ＮＳＤ,1,0,0,1,ＮＳＤ,31,0,31,0,9759
9765,オオバ,1,1,0,1,オオバ,33,0,33,0,9765
9766,コナミグルー,1,0,0,1,コナミグループ,31,0,31,0,9766
9769,学究社,1,0,0,1,学究社,33,0,33,0,9769
9787,イオンディラ,1,0,0,1,イオンディライト,33,0,33,0,9787
9788,ナック,1,0,0,1,ナック,33,0,33,0,9788
9790,福井コンピュ,1,0,0,1,福井コンピュータホールディングス,31,0,31,0,9790
9793,ダイセキ,1,0,0,1,ダイセキ,33,0,33,0,9793
9795,ステップ,1,1,0,1,ステップ,33,0,33,0,9795
9824,泉州電業,1,0,0,1,泉州電業,20,0,20,0,9824
9830,トラスコ中山,1,0,0,1,トラスコ中山,20,0,20,0,9830
9831,ヤマダホール,1,0,0,1,ヤマダホールディングス,21,0,21,0,9831
9832,オートバック,1,0,0,1,オートバックスセブン,20,0,20,0,9832
9837,モリト,1,1,0,1,モリト,20,0,20,0,9837
9842,アークランズ,1,0,0,1,アークランズ,21,0,21,0,9842
9843,ニトリホール,1,0,0,1,ニトリホールディングス,21,0,21,0,9843
9850,グルメ杵屋,1,1,0,1,グルメ杵屋,21,0,21,0,9850
9861,吉野家ホール,1,0,0,1,吉野家ホールディングス,21,0,21,0,9861
9869,加藤産業,1,0,0,1,加藤産業,20,0,20,0,9869
9880,イノテック,1,2,0,1,イノテック,16,0,16,0,9880
9882,イエローハッ,1,0,0,1,イエローハット,20,0,20,0,9882
9887,松屋フーズホ,1,0,0,1,松屋フーズホールディングス,21,0,21,0,9887
9889,ＪＢＣＣホー,1,0,0,1,ＪＢＣＣホールディングス,31,0,31,0,9889
9900,サガミホール,1,0,0,1,サガミホールディングス,21,0,21,0,9900
9902,日伝,1,1,0,1,日伝,20,0,20,0,9902
9928,ミロク情報サ,1,0,0,1,ミロク情報サービス,31,0,31,0,9928
9932,杉本商事,1,1,0,1,杉本商事,20,0,20,0,9932
9934,因幡電機産業,1,0,0,1,因幡電機産業,20,0,20,0,9934
9936,王将フードサ,1,0,0,1,王将フードサービス,21,0,21,0,9936
9946,ミニストップ,1,1,0,1,ミニストップ,21,0,21,0,9946
9948,アークス,1,0,0,1,アークス,21,0,21,0,9948
9956,バローホール,1,0,0,1,バローホールディングス,21,0,21,0,9956
9960,東テク,1,0,0,1,東テク,20,0,20,0,9960
9962,ミスミグルー,1,0,0,1,ミスミグループ本社,20,0,20,0,9962
9974,ベルク,1,0,0,1,ベルク,21,0,21,0,9974
9983,ファーストリ,1,0,0,1,ファーストリテイリング,21,0,21,0,9983
9984,ソフトバンク,1,1,0,1,ソフトバンクグループ,31,0,31,0,9984
9987,スズケン,1,0,0,1,スズケン,20,0,20,0,9987
9989,サンドラッグ,1,0,0,1,サンドラッグ,21,0,21,0,9989
9990,サックスバー,1,0,0,1,サックスバー　ホールディングス,21,0,21,0,9990
9991,ジェコス,1,0,0,1,ジェコス,20,0,20,0,9991
9997,ベルーナ,1,1,0,1,ベルーナ,21,0,21,0,9997
10014,リョーサン菱,1,0,0,1,リョーサン菱洋ホールディングス,20,0,20,0,167A
10040,フィットイー,1,0,0,1,フィットイージー,33,0,33,0,212A
10062,サムティホー,1,0,0,1,サムティホールディングス,26,0,26,0,187A
10110,リガク・ホー,1,0,0,1,リガク・ホールディングス,19,0,19,0,268A
10113,インターメス,1,0,0,1,インターメスティック,21,0,21,0,262A
10122,飛島ホールデ,1,0,0,1,飛島ホールディングス,3,0,3,0,256A
10153,キオクシアホ,1,0,0,1,キオクシアホールディングス,16,0,16,0,285A
10160,グロービング,1,0,0,1,グロービング,33,0,33,0,277A
10216,テクセンドフ,1,0,0,1,テクセンドフォトマスク,0,0,0,0,429A
10228,ブルーゾーン,1,0,0,1,ブルーゾーンホールディングス,0,0,0,0,417A
10234,ＮＳグループ,1,0,0,1,ＮＳグループ,0,0,0,0,471A
10244,オリオンビー,1,0,0,1,オリオンビール,0,0,0,0,409A
10247,北里コーポレ,1,0,0,1,北里コーポレーション,0,0,0,0,368A
10262,ＡＲＣＨＩＯ,1,0,0,1,ＡＲＣＨＩＯＮ,0,0,0,0,543A
10263,ＧＭＳグルー,1,0,0,1,ＧＭＳグループ,0,0,0,0,544A
10264,トランヴィア,1,0,0,1,トランヴィア,0,0,0,0,545A
10265,ムニノバホー,1,0,0,1,ムニノバホールディングス,0,0,0,0,547A
1376,カネコ種苗,2,2,0,1,カネコ種苗,1,0,1,0,1376
1380,秋川牧園,2,2,0,1,秋川牧園,1,0,1,0,1380
1381,アクシーズ,2,0,0,1,アクシーズ,1,0,1,0,1381
1382,ホーブ,2,2,0,1,ホーブ,1,0,1,0,1382
1383,ベルグアース,2,0,0,1,ベルグアース,1,0,1,0,1383
1384,ホクリヨウ,2,0,0,1,ホクリヨウ,1,0,1,0,1384
1407,ウエストホー,2,0,0,1,ウエストホールディングス,3,0,3,0,1407
1418,インターライ,2,0,0,1,インターライフホールディングス,3,0,3,0,1418
1420,サンヨーホー,2,0,0,1,サンヨーホームズ,3,0,3,0,1420
1430,ファーストコ,2,0,0,1,ファーストコーポレーション,3,0,3,0,1430
1434,ＪＥＳＣＯホ,2,0,0,1,ＪＥＳＣＯホールディングス,3,0,3,0,1434
1435,ｒｏｂｏｔ　,2,0,0,1,ｒｏｂｏｔ　ｈｏｍｅ,26,0,26,0,1435
1438,岐阜造園,2,2,0,1,岐阜造園,3,0,3,0,1438
1439,安江工務店,2,0,0,1,安江工務店,3,0,3,0,1439
1443,技研ホールデ,2,0,0,1,技研ホールディングス,3,0,3,0,1443
1446,キャンディル,2,0,0,1,キャンディル,3,0,3,0,1446
1450,ＴＡＮＡＫＥ,2,0,0,1,ＴＡＮＡＫＥＮ,3,0,3,0,1450
1491,中外鉱業,2,0,0,1,中外鉱業,14,0,14,0,1491
1514,住石ホールデ,2,0,0,1,住石ホールディングス,2,0,2,0,1514
1711,ＳＤＳホール,2,0,0,1,ＳＤＳホールディングス,3,0,3,0,1711
1712,ダイセキ環境,2,0,0,1,ダイセキ環境ソリューション,3,0,3,0,1712
1716,第一カッター,2,0,0,1,第一カッター興業,3,0,3,0,1716
1717,明豊ファシリ,2,0,0,1,明豊ファシリティワークス,33,0,33,0,1717
1718,美樹工業,2,0,0,1,美樹工業,3,0,3,0,1718
1723,日本電技,2,0,0,1,日本電技,3,0,3,0,1723
1724,シンクレイヤ,2,0,0,1,シンクレイヤ,3,0,3,0,1724
1736,オーテック,2,0,0,1,オーテック,3,0,3,0,1736
1743,コーアツ工業,2,0,0,1,コーアツ工業,3,0,3,0,1743
1757,創建エース,2,0,0,1,創建エース,3,0,3,0,1757
1758,太洋基礎工業,2,0,0,1,太洋基礎工業,3,0,3,0,1758
1764,工藤建設,2,0,0,1,工藤建設,3,0,3,0,1764
1768,ソネック,2,0,0,1,ソネック,3,0,3,0,1768
1770,藤田エンジニ,2,0,0,1,藤田エンジニアリング,3,0,3,0,1770
1776,三井住建道路,2,0,0,1,三井住建道路,3,0,3,0,1776
1783,ｆａｎｔａｓ,2,0,0,1,ｆａｎｔａｓｉｓｔａ,26,0,26,0,1783
1787,ナカボーテッ,2,0,0,1,ナカボーテック,3,0,3,0,1787
1788,三東工業社,2,0,0,1,三東工業社,3,0,3,0,1788
1789,ＥＴＳホール,2,0,0,0,ＥＴＳホールディングス,3,1,3,0,1789
1793,大本組,2,2,0,1,大本組,3,0,3,0,1793
1795,マサル,2,0,0,1,マサル,3,0,3,0,1795
1798,守谷商会,2,2,0,1,守谷商会,3,0,3,0,1798
1799,第一建設工業,2,0,0,1,第一建設工業,3,0,3,0,1799
1807,佐藤渡辺,2,0,0,1,佐藤渡辺,3,0,3,0,1807
1810,松井建設,2,0,0,1,松井建設,3,0,3,0,1810
1811,錢高組,2,2,0,1,錢高組,3,0,3,0,1811
1822,大豊建設,2,0,0,1,大豊建設,3,0,3,0,1822
1826,佐田建設,2,0,0,1,佐田建設,3,0,3,0,1826
1827,ナカノフドー,2,0,0,1,ナカノフドー建設,3,0,3,0,1827
1828,田辺工業,2,0,0,1,田辺工業,3,0,3,0,1828
1840,土屋ホールデ,2,0,0,1,土屋ホールディングス,3,0,3,0,1840
1841,サンユー建設,2,0,0,1,サンユー建設,3,0,3,0,1841
1844,大盛工業,2,0,0,1,大盛工業,3,0,3,0,1844
1847,イチケン,2,0,0,1,イチケン,3,0,3,0,1847
1848,富士ピー・エ,2,0,0,1,富士ピー・エス,3,0,3,0,1848
1850,南海辰村建設,2,0,0,1,南海辰村建設,3,0,3,0,1850
1853,森組,2,2,0,1,森組,3,0,3,0,1853
1866,北野建設,2,0,0,1,北野建設,3,0,3,0,1866
1867,植木組,2,2,0,1,植木組,3,0,3,0,1867
1897,金下建設,2,0,0,1,金下建設,3,0,3,0,1897
1904,大成温調,2,0,0,1,大成温調,3,0,3,0,1904
1905,テノックス,2,0,0,1,テノックス,3,0,3,0,1905
1909,日本ドライケ,2,0,0,1,日本ドライケミカル,15,0,15,0,1909
1914,日本基礎技術,2,2,0,1,日本基礎技術,3,0,3,0,1914
1921,巴コーポレー,2,0,0,1,巴コーポレーション,3,0,3,0,1921
1948,弘電社,2,0,0,1,弘電社,3,0,3,0,1948
1960,サンテック,2,0,0,1,サンテック,3,0,3,0,1960
1965,テクノ菱和,2,2,0,1,テクノ菱和,3,0,3,0,1965
1966,高田工業所,2,0,0,1,高田工業所,3,0,3,0,1966
1967,ヤマト,2,0,0,1,ヤマト,3,0,3,0,1967
1972,三晃金属工業,2,0,0,1,三晃金属工業,3,0,3,0,1972
1981,協和日成,2,2,0,1,協和日成,3,0,3,0,1981
1992,神田通信機,2,2,0,1,神田通信機,3,0,3,0,1992
1994,高橋カーテン,2,0,0,1,高橋カーテンウォール工業,3,0,3,0,1994
1997,暁飯島工業,2,0,0,1,暁飯島工業,3,0,3,0,1997
2003,日東富士製粉,2,2,0,1,日東富士製粉,4,0,4,0,2003
2009,鳥越製粉,2,2,0,1,鳥越製粉,4,0,4,0,2009
2055,日和産業,2,0,0,1,日和産業,4,0,4,0,2055
2112,塩水港精糖,2,2,0,1,塩水港精糖,4,0,4,0,2112
2114,フジ日本,2,0,0,1,フジ日本,4,0,4,0,2114
2122,インタースペ,2,0,0,1,インタースペース,33,0,33,0,2122
2134,北浜キャピタ,2,0,0,1,北浜キャピタルパートナーズ,33,0,33,0,2134
2136,ヒップ,2,2,0,1,ヒップ,33,0,33,0,2136
2138,クルーズ,2,0,0,1,クルーズ,31,0,31,0,2138
2139,中広,2,2,0,1,中広,33,0,33,0,2139
2152,幼児活動研究,2,0,0,1,幼児活動研究会,33,0,33,0,2152
2156,セーラー広告,2,0,0,1,セーラー広告,33,0,33,0,2156
2162,ｎｍｓ　ホー,2,0,0,1,ｎｍｓ　ホールディングス,33,0,33,0,2162
2164,地域新聞社,2,1,0,1,地域新聞社,33,0,33,0,2164
2169,ＣＤＳ,2,0,0,1,ＣＤＳ,33,0,33,0,2169
2179,成学社,2,0,0,1,成学社,33,0,33,0,2179
2180,サニーサイド,2,0,0,1,サニーサイドアップグループ,33,0,33,0,2180
2183,リニカル,2,0,0,1,リニカル,33,0,33,0,2183
2185,シイエム・シ,2,0,0,1,シイエム・シイ,33,0,33,0,2185
2186,ソーバル,2,0,0,1,ソーバル,33,0,33,0,2186
2193,クックパッド,2,2,0,1,クックパッド,33,0,33,0,2193
2196,エスクリ,2,0,0,1,エスクリ,33,0,33,0,2196
2204,中村屋,2,2,0,1,中村屋,4,0,4,0,2204
2208,ブルボン,2,0,0,1,ブルボン,4,0,4,0,2208
2215,第一屋製パン,2,0,0,1,第一屋製パン,4,0,4,0,2215
2216,カンロ,2,0,0,1,カンロ,4,0,4,0,2216
2221,岩塚製菓,2,2,0,1,岩塚製菓,4,0,4,0,2221
2224,コモ,2,0,0,1,コモ,4,0,4,0,2224
2226,湖池屋,2,2,0,1,湖池屋,4,0,4,0,2226
2268,Ｂ－Ｒ　サー,2,0,0,1,Ｂ－Ｒ　サーティワン　アイスクリーム,4,0,4,0,2268
2286,林兼産業,2,0,0,1,林兼産業,4,0,4,0,2286
2291,福留ハム,2,0,0,1,福留ハム,4,0,4,0,2291
2293,滝沢ハム,2,0,0,1,滝沢ハム,4,0,4,0,2293
2300,きょくとう,2,2,0,1,きょくとう,33,0,33,0,2300
2303,ドーン,2,0,0,1,ドーン,31,0,31,0,2303
2304,ＣＳＳホール,2,0,0,1,ＣＳＳホールディングス,33,0,33,0,2304
2305,スタジオアリ,2,0,0,1,スタジオアリス,33,0,33,0,2305
2311,エプコ,2,0,0,1,エプコ,33,0,33,0,2311
2315,ＣＡＩＣＡ　,2,0,0,1,ＣＡＩＣＡ　ＤＩＧＩＴＡＬ,31,0,31,0,2315
2323,ｆｏｎｆｕｎ,2,2,0,1,ｆｏｎｆｕｎ,31,0,31,0,2323
2329,東北新社,2,0,0,1,東北新社,31,0,31,0,2329
2330,フォーサイド,2,2,0,1,フォーサイド,31,0,31,0,2330
2332,クエスト,2,2,0,1,クエスト,31,0,31,0,2332
2338,クオンタムソ,2,0,0,1,クオンタムソリューションズ,31,0,31,0,2338
2340,極楽湯ホール,2,0,0,1,極楽湯ホールディングス,33,0,33,0,2340
2341,アルバイトタ,2,0,0,1,アルバイトタイムス,33,0,33,0,2341
2342,トランスジェ,2,0,0,1,トランスジェニックグループ,33,0,33,0,2342
2344,平安レイサー,2,0,0,1,平安レイサービス,33,0,33,0,2344
2345,クシム,2,0,0,1,クシム,31,0,31,0,2345
2349,エヌアイデイ,2,0,0,1,エヌアイデイ,31,0,31,0,2349
2351,ＡＳＪ,2,0,0,1,ＡＳＪ,31,0,31,0,2351
2354,ＹＥ　ＤＩＧ,2,0,0,1,ＹＥ　ＤＩＧＩＴＡＬ,31,0,31,0,2354
2373,ケア２１,2,2,0,1,ケア２１,33,0,33,0,2373
2375,ギグワークス,2,0,0,1,ギグワークス,33,0,33,0,2375
2376,サイネックス,2,0,0,1,サイネックス,33,0,33,0,2376
2391,プラネット,2,2,0,1,プラネット,33,0,33,0,2391
2393,日本ケアサプ,2,0,0,1,日本ケアサプライ,33,0,33,0,2393
2404,鉄人化ホール,2,0,0,1,鉄人化ホールディングス,33,0,33,0,2404
2408,ＫＧ情報,2,0,0,1,ＫＧ情報,33,0,33,0,2408
2411,ゲンダイエー,2,0,0,1,ゲンダイエージェンシー,31,0,31,0,2411
2415,ヒューマンホ,2,0,0,1,ヒューマンホールディングス,33,0,33,0,2415
2418,ツカダ・グロ,2,0,0,1,ツカダ・グローバルホールディング,33,0,33,0,2418
2424,ブラス,2,0,0,1,ブラス,33,0,33,0,2424
2425,ケアサービス,2,0,0,1,ケアサービス,33,0,33,0,2425
2428,ウェルネット,2,2,0,1,ウェルネット,33,0,33,0,2428
2435,シダー,2,0,0,1,シダー,33,0,33,0,2435
2436,共同ピーアー,2,0,0,1,共同ピーアール,33,0,33,0,2436
2437,Ｓｈｉｎｗａ,2,0,0,1,Ｓｈｉｎｗａ　Ｗｉｓｅ　Ｈｏｌｄｉｎｇｓ,33,0,33,0,2437
2440,ぐるなび,2,0,0,1,ぐるなび,33,0,33,0,2440
2445,タカミヤ,2,0,0,1,タカミヤ,33,0,33,0,2445
2449,プラップジャ,2,0,0,1,プラップジャパン,33,0,33,0,2449
2454,オールアバウ,2,0,0,1,オールアバウト,33,0,33,0,2454
2459,アウンコンサ,2,0,0,1,アウンコンサルティング,33,0,33,0,2459
2464,Ａｏｂａ‐Ｂ,2,0,0,1,Ａｏｂａ‐ＢＢＴ,33,0,33,0,2464
2468,フュートレッ,2,0,0,0,フュートレック,36,1,36,0,2468
2469,ヒビノ,2,2,0,1,ヒビノ,33,0,33,0,2469
2477,手間いらず,2,2,0,1,手間いらず,31,0,31,0,2477
2479,ジェイテック,2,0,0,1,ジェイテック,33,0,33,0,2479
2480,システム・ロ,2,0,0,1,システム・ロケーション,31,0,31,0,2480
2481,タウンニュー,2,0,0,1,タウンニュース社,33,0,33,0,2481
2483,翻訳センター,2,0,0,1,翻訳センター,33,0,33,0,2483
2484,出前館,2,0,0,1,出前館,31,0,31,0,2484
2485,ティア,2,0,0,1,ティア,33,0,33,0,2485
2488,ＪＴＰ,2,0,0,1,ＪＴＰ,33,0,33,0,2488
2489,アドウェイズ,2,0,0,1,アドウェイズ,33,0,33,0,2489
2493,イーサポート,2,0,0,1,イーサポートリンク,33,0,33,0,2493
2498,オリエンタル,2,0,0,1,オリエンタルコンサルタンツホールディングス,33,0,33,0,2498
2499,日本和装ホー,2,0,0,1,日本和装ホールディングス,33,0,33,0,2499
2573,北海道コカ・,2,0,0,1,北海道コカ・コーラボトリング,4,0,4,0,2573
2588,プレミアムウ,2,0,0,1,プレミアムウォーターホールディングス,4,0,4,0,2588
2597,ユニカフェ,2,0,0,1,ユニカフェ,4,0,4,0,2597
2599,ジャパンフー,2,0,0,0,ジャパンフーズ,4,1,4,0,2599
2612,かどや製油,2,0,0,1,かどや製油,4,0,4,0,2612
2652,まんだらけ,2,0,0,1,まんだらけ,21,0,21,0,2652
2653,イオン九州,2,2,0,1,イオン九州,21,0,21,0,2653
2654,アスモ,2,0,0,1,アスモ,21,0,21,0,2654
2656,ベクターホー,2,0,0,1,ベクターホールディングス,21,0,21,0,2656
2666,オートウェー,2,0,0,1,オートウェーブ,21,0,21,0,2666
2667,イメージ　ワ,2,0,0,1,イメージ　ワン,20,0,20,0,2667
2668,タビオ,2,0,0,1,タビオ,20,0,20,0,2668
2669,カネ美食品,2,0,0,1,カネ美食品,21,0,21,0,2669
2673,夢みつけ隊,2,0,0,1,夢みつけ隊,21,0,21,0,2673
2683,魚喜,2,0,0,1,魚喜,21,0,21,0,2683
2686,ジーフット,2,2,0,1,ジーフット,21,0,21,0,2686
2687,シー・ヴイ・,2,0,0,1,シー・ヴイ・エス・ベイエリア,21,0,21,0,2687
2689,オルバヘルス,2,0,0,1,オルバヘルスケアホールディングス,20,0,20,0,2689
2693,ＹＫＴ,2,0,0,1,ＹＫＴ,20,0,20,0,2693
2694,焼肉坂井ホー,2,0,0,1,焼肉坂井ホールディングス,21,0,21,0,2694
2698,キャンドゥ,2,0,0,1,キャンドゥ,21,0,21,0,2698
2700,木徳神糧,2,0,0,1,木徳神糧,20,0,20,0,2700
2702,日本マクドナ,2,0,0,1,日本マクドナルドホールディングス,21,0,21,1,2702
2705,大戸屋ホール,2,0,0,1,大戸屋ホールディングス,21,0,21,0,2705
2708,久世,2,2,0,1,久世,20,0,20,0,2708
2721,ジェイホール,2,0,0,1,ジェイホールディングス,20,0,20,0,2721
2722,ＩＫホールデ,2,0,0,1,ＩＫホールディングス,21,0,21,0,2722
2735,ワッツ,2,0,0,1,ワッツ,21,0,21,0,2735
2736,フェスタリア,2,0,0,1,フェスタリアホールディングス,21,0,21,0,2736
2743,ピクセルカン,2,0,0,1,ピクセルカンパニーズ,20,0,20,0,2743
2747,北雄ラッキー,2,0,0,1,北雄ラッキー,21,0,21,0,2747
2750,石光商事,2,2,0,1,石光商事,20,0,20,0,2750
2751,テンポスホー,2,0,0,1,テンポスホールディングス,20,0,20,0,2751
2762,ＳＡＮＫＯ　,2,0,0,1,ＳＡＮＫＯ　ＭＡＲＫＥＴＩＮＧ　ＦＯＯＤＳ,21,0,21,0,2762
2763,エフティグル,2,0,0,1,エフティグループ,20,0,20,0,2763
2764,ひらまつ,2,0,0,1,ひらまつ,21,0,21,0,2764
2769,ヴィレッジヴ,2,0,0,1,ヴィレッジヴァンガードコーポレーション,21,0,21,0,2769
2776,新都ホールデ,2,0,0,1,新都ホールディングス,20,0,20,0,2776
2778,パレモ・ホー,2,0,0,1,パレモ・ホールディングス,21,0,21,0,2778
2780,コメ兵ホール,2,0,0,1,コメ兵ホールディングス,21,0,21,0,2780
2782,セリア,2,0,0,1,セリア,21,0,21,1,2782
2788,アップルイン,2,0,0,1,アップルインターナショナル,20,0,20,0,2788
2789,カルラ,2,0,0,1,カルラ,21,0,21,0,2789
2790,ナフコ,2,0,0,1,ナフコ,21,0,21,0,2790
2795,日本プリメッ,2,0,0,1,日本プリメックス,20,0,20,0,2795
2796,ファーマライ,2,0,0,1,ファーマライズホールディングス,21,0,21,0,2796
2798,ワイズテーブ,2,0,0,1,ワイズテーブルコーポレーション,21,0,21,0,2798
2805,ヱスビー食品,2,0,0,1,ヱスビー食品,4,0,4,0,2805
2806,ユタカフーズ,2,0,0,1,ユタカフーズ,4,0,4,0,2806
2813,和弘食品,2,0,0,1,和弘食品,4,0,4,0,2813
2814,佐藤食品工業,2,0,0,1,佐藤食品工業,4,0,4,0,2814
2816,ダイショー,2,0,0,1,ダイショー,4,0,4,0,2816
2818,ピエトロ,2,0,0,1,ピエトロ,4,0,4,0,2818
2819,エバラ食品工,2,0,0,1,エバラ食品工業,4,0,4,0,2819
2820,やまみ,2,0,0,1,やまみ,4,0,4,0,2820
2830,アヲハタ,2,0,0,1,アヲハタ,4,0,4,0,2830
2831,はごろもフー,2,0,0,1,はごろもフーズ,4,0,4,0,2831
2872,セイヒョー,2,0,0,1,セイヒョー,4,0,4,0,2872
2876,デルソーレ,2,0,0,1,デルソーレ,4,0,4,0,2876
2877,日東ベスト,2,2,0,1,日東ベスト,4,0,4,0,2877
2883,大冷,2,0,0,1,大冷,4,0,4,0,2883
2892,日本食品化工,2,0,0,1,日本食品化工,4,0,4,0,2892
2894,石井食品,2,0,0,1,石井食品,4,0,4,0,2894
2901,ウェルディッ,2,0,0,1,ウェルディッシュ,4,0,4,0,2901
2903,シノブフーズ,2,0,0,1,シノブフーズ,4,0,4,0,2903
2904,一正蒲鉾,2,0,0,1,一正蒲鉾,4,0,4,0,2904
2907,あじかん,2,0,0,1,あじかん,4,0,4,0,2907
2911,旭松食品,2,0,0,1,旭松食品,4,0,4,0,2911
2916,仙波糖化工業,2,0,0,1,仙波糖化工業,4,0,4,0,2916
2917,大森屋,2,2,0,1,大森屋,4,0,4,0,2917
2923,サトウ食品,2,0,0,1,サトウ食品,4,0,4,0,2923
2924,イフジ産業,2,0,0,1,イフジ産業,4,0,4,0,2924
2926,篠崎屋,2,2,0,1,篠崎屋,4,0,4,0,2926
2927,ＡＦＣ－ＨＤ,2,0,0,1,ＡＦＣ－ＨＤアムスライフサイエンス,4,0,4,0,2927
2932,ＳＴＩフード,2,0,0,1,ＳＴＩフードホールディングス,4,0,4,0,2932
2938,オカムラ食品,2,0,0,1,オカムラ食品工業,4,0,4,0,2938
2961,日本調理機,2,2,0,1,日本調理機,13,0,13,0,2961
2962,テクニスコ,2,0,0,1,テクニスコ,13,0,13,0,2962
2970,グッドライフ,2,0,0,1,グッドライフカンパニー,26,0,26,0,2970
2984,ヤマイチエス,2,0,0,1,ヤマイチエステート,26,0,26,0,2984
2991,ランドネット,2,0,0,1,ランドネット,26,0,26,0,2991
2993,長栄,2,2,0,1,長栄,26,0,26,0,2993
2999,ホームポジシ,2,0,0,1,ホームポジション,26,0,26,0,2999
3001,片倉工業,2,0,0,1,片倉工業,5,0,5,0,3001
3004,神栄,2,2,0,1,神栄,20,0,20,0,3004
3010,ポラリス・ホ,2,4,0,1,ポラリス・ホールディングス,33,0,33,0,3010
3011,バナーズ,2,0,0,1,バナーズ,21,0,21,0,3011
3020,アプライド,2,2,0,1,アプライド,21,0,21,0,3020
3021,パシフィック,2,0,0,1,パシフィックネット,33,0,33,0,3021
3023,ラサ商事,2,2,0,1,ラサ商事,20,0,20,0,3023
3024,クリエイト,2,2,0,1,クリエイト,20,0,20,0,3024
3030,ハブ,2,0,0,1,ハブ,21,0,21,0,3030
3035,ケイティケイ,2,0,0,1,ケイティケイ,20,0,20,0,3035
3041,ビューティカ,2,0,0,1,ビューティカダンホールディングス,20,0,20,0,3041
3042,セキュアヴェ,2,0,0,1,セキュアヴェイル,31,0,31,0,3042
3045,カワサキ,2,0,0,1,カワサキ,20,0,20,0,3045
3053,ペッパーフー,2,0,0,1,ペッパーフードサービス,21,0,21,0,3053
3054,ハイパー,2,0,0,1,ハイパー,20,0,20,0,3054
3058,三洋堂ホール,2,0,0,1,三洋堂ホールディングス,21,0,21,0,3058
3059,ヒラキ,2,0,0,1,ヒラキ,21,0,21,0,3059
3065,ライフフーズ,2,0,0,1,ライフフーズ,21,0,21,0,3065
3067,東京一番フー,2,0,0,1,東京一番フーズ,21,0,21,0,3067
3068,ＷＤＩ,2,0,0,1,ＷＤＩ,21,0,21,0,3068
3069,ＪＦＬＡホー,2,0,0,1,ＪＦＬＡホールディングス,4,0,4,0,3069
3071,ストリーム,2,0,0,1,ストリーム,21,0,21,0,3071
3075,銚子丸,2,0,0,1,銚子丸,21,0,21,0,3075
3077,ホリイフード,2,0,0,1,ホリイフードサービス,21,0,21,0,3077
3079,ディーブイエ,2,0,0,1,ディーブイエックス,20,0,20,0,3079
3080,ジェーソン,2,0,0,1,ジェーソン,21,0,21,0,3080
3082,きちりホール,2,0,0,1,きちりホールディングス,21,0,21,0,3082
3083,スターシーズ,2,0,0,1,スターシーズ,21,0,21,0,3083
3089,テクノアルフ,2,0,0,1,テクノアルファ,20,0,20,0,3089
3094,スーパーバリ,2,0,0,1,スーパーバリュー,21,0,21,0,3094
3096,オーシャンシ,2,0,0,1,オーシャンシステム,21,0,21,0,3096
3103,ユニチカ,2,0,1,1,ユニチカ,5,0,5,0,3103
3111,オーミケンシ,2,0,0,1,オーミケンシ,5,0,5,0,3111
3113,ＵＮＩＶＡ・,2,0,0,1,ＵＮＩＶＡ・Ｏａｋホールディングス,24,0,24,0,3113
3121,マーチャント,2,0,0,1,マーチャント・バンカーズ,33,0,33,0,3121
3123,サイボー,2,0,0,1,サイボー,5,0,5,0,3123
3131,シンデン・ハ,2,0,0,1,シンデン・ハイテックス,20,0,20,0,3131
3134,Ｈａｍｅｅ,2,2,0,1,Ｈａｍｅｅ,21,0,21,0,3134
3135,マーケットエ,2,0,0,1,マーケットエンタープライズ,21,0,21,0,3135
3137,ファンデリー,2,0,0,1,ファンデリー,21,0,21,0,3137
3138,富士山マガジ,2,0,0,1,富士山マガジンサービス,21,0,21,0,3138
3143,オーウイル,2,0,0,1,オーウイル,20,0,20,0,3143
3157,ジオリーブグ,2,0,0,1,ジオリーブグループ,20,0,20,0,3157
3159,丸善ＣＨＩホ,2,0,0,1,丸善ＣＨＩホールディングス,21,0,21,0,3159
3160,大光,2,2,0,1,大光,20,0,20,0,3160
3161,アゼアス,2,0,0,1,アゼアス,20,0,20,0,3161
3166,ＯＣＨＩホー,2,0,0,1,ＯＣＨＩホールディングス,20,0,20,0,3166
3168,ＭＥＲＦ,2,0,0,1,ＭＥＲＦ,20,0,20,0,3168
3169,ミサワ,2,0,0,1,ミサワ,21,0,21,0,3169
3172,ティーライフ,2,2,0,1,ティーライフ,21,0,21,0,3172
3173,Ｃｏｍｉｎｉ,2,0,0,1,Ｃｏｍｉｎｉｘ,20,0,20,0,3173
3174,ハピネス・ア,2,0,0,1,ハピネス・アンド・ディ,21,0,21,0,3174
3175,エー・ピーホ,2,0,0,1,エー・ピーホールディングス,21,0,21,0,3175
3177,ありがとうサ,2,0,0,1,ありがとうサービス,21,0,21,0,3177
3178,チムニー,2,0,0,1,チムニー,21,0,21,0,3178
3181,買取王国,2,0,0,1,買取王国,21,0,21,0,3181
3184,ＩＣＤＡホー,2,0,0,1,ＩＣＤＡホールディングス,21,0,21,0,3184
3189,ＡＮＡＰホー,2,0,0,1,ＡＮＡＰホールディングス,21,0,21,0,3189
3190,ホットマン,2,0,0,1,ホットマン,21,0,21,0,3190
3192,白鳩,2,0,0,1,白鳩,21,0,21,0,3192
3202,ダイトウボウ,2,0,0,1,ダイトウボウ,5,0,5,0,3202
3204,トーア紡コー,2,0,0,1,トーア紡コーポレーション,5,0,5,0,3204
3205,ダイドーリミ,2,0,0,1,ダイドーリミテッド,5,0,5,0,3205
3222,ユナイテッド,2,0,0,0,ユナイテッド・スーパーマーケット・ホールディングス,21,0,21,0,3222
3223,エスエルディ,2,0,0,1,エスエルディー,21,0,21,0,3223
3236,プロパスト,2,2,0,1,プロパスト,26,0,26,0,3236
3238,セントラル総,2,0,0,1,セントラル総合開発,26,0,26,0,3238
3241,ウィル,2,0,0,1,ウィル,26,0,26,0,3241
3242,アーバネット,2,0,0,1,アーバネットコーポレーション,26,0,26,0,3242
3246,コーセーアー,2,0,0,1,コーセーアールイー,26,0,26,0,3246
3248,アールエイジ,2,0,0,1,アールエイジ,26,0,26,0,3248
3254,プレサンスコ,2,0,0,1,プレサンスコーポレーション,26,0,26,1,3254
3266,ファンドクリ,2,0,0,1,ファンドクリエーショングループ,26,0,26,0,3266
3267,フィル・カン,2,0,0,1,フィル・カンパニー,3,0,3,0,3267
3271,ＴＨＥグロー,2,0,0,1,ＴＨＥグローバル社,26,0,26,0,3271
3275,ハウスコム,2,0,0,1,ハウスコム,26,0,26,0,3275
3277,サンセイラン,2,0,0,1,サンセイランディック,26,0,26,0,3277
3280,エストラスト,2,2,0,1,エストラスト,26,0,26,0,3280
3286,トラストホー,2,0,0,1,トラストホールディングス,26,0,26,0,3286
3293,アズマハウス,2,0,0,1,アズマハウス,26,0,26,0,3293
3294,イーグランド,2,2,0,1,イーグランド,26,0,26,0,3294
3297,東武住販,2,0,0,1,東武住販,26,0,26,0,3297
3299,ムゲンエステ,2,0,0,1,ムゲンエステート,26,0,26,0,3299
3306,日本製麻,2,0,0,1,日本製麻,20,0,20,0,3306
3317,フライングガ,2,0,0,1,フライングガーデン,21,0,21,0,3317
3320,クロスプラス,2,0,0,1,クロスプラス,20,0,20,0,3320
3321,ミタチ産業,2,0,0,1,ミタチ産業,20,0,20,0,3321
3322,アルファグル,2,0,0,0,アルファグループ,20,0,20,0,3322
3323,レカム,2,0,0,1,レカム,20,0,20,0,3323
3326,ランシステム,2,0,0,1,ランシステム,33,0,33,0,3326
3329,東和フードサ,2,0,0,1,東和フードサービス,21,0,21,0,3329
3347,トラスト,2,2,0,1,トラスト,21,0,21,0,3347
3350,メタプラネッ,2,0,0,1,メタプラネット,20,0,20,0,3350
3352,バッファロー,2,0,0,1,バッファロー,21,0,21,0,3352
3353,メディカル一,2,0,0,1,メディカル一光グループ,21,0,21,0,3353
3355,クリヤマホー,2,0,0,1,クリヤマホールディングス,20,0,20,0,3355
3358,ワイエスフー,2,0,0,1,ワイエスフード,21,0,21,0,3358
3361,トーエル,2,0,0,1,トーエル,21,0,21,0,3361
3370,フジタコーポ,2,0,0,1,フジタコーポレーション,21,0,21,0,3370
3372,関門海,2,0,0,1,関門海,21,0,21,0,3372
3374,内外テック,2,0,0,1,内外テック,20,0,20,0,3374
3375,ＺＯＡ,2,0,0,1,ＺＯＡ,21,0,21,0,3375
3377,バイク王＆カ,2,0,0,1,バイク王＆カンパニー,20,0,20,0,3377
3386,コスモ・バイ,2,0,0,1,コスモ・バイオ,20,0,20,0,3386
3392,デリカフーズ,2,0,0,1,デリカフーズホールディングス,20,0,20,0,3392
3396,フェリシモ,2,0,0,1,フェリシモ,21,0,21,0,3396
3399,丸千代山岡家,2,0,0,1,丸千代山岡家,21,0,21,0,3399
3409,北紡,2,0,0,1,北紡,5,0,5,0,3409
3416,ピクスタ,2,0,0,1,ピクスタ,21,0,21,0,3416
3417,大木ヘルスケ,2,0,0,1,大木ヘルスケアホールディングス,20,0,20,0,3417
3420,ケー・エフ・,2,0,0,1,ケー・エフ・シー,13,0,13,0,3420
3421,稲葉製作所,2,0,0,1,稲葉製作所,13,0,13,0,3421
3422,Ｊ－ＭＡＸ,2,0,0,1,Ｊ－ＭＡＸ,13,0,13,0,3422
3423,エスイー,2,0,0,1,エスイー,13,0,13,0,3423
3426,アトムリビン,2,0,0,1,アトムリビンテック,13,0,13,0,3426
3434,アルファＣｏ,2,2,0,1,アルファＣｏ,13,0,13,0,3434
3435,サンコーテク,2,0,0,1,サンコーテクノ,13,0,13,0,3435
3437,特殊電極,2,0,0,1,特殊電極,13,0,13,0,3437
3439,三ツ知,2,0,0,1,三ツ知,13,0,13,0,3439
3440,日創グループ,2,0,0,1,日創グループ,13,0,13,0,3440
3441,山王,2,2,0,1,山王,13,0,13,0,3441
3444,菊池製作所,2,0,0,1,菊池製作所,13,0,13,0,3444
3446,ジェイテック,2,0,0,1,ジェイテックコーポレーション,13,0,13,0,3446
3447,信和,2,2,0,1,信和,13,0,13,0,3447
3449,テクノフレッ,2,0,0,1,テクノフレックス,13,0,13,0,3449
3452,ビーロット,2,0,0,1,ビーロット,26,0,26,0,3452
3454,ファーストブ,2,0,0,1,ファーストブラザーズ,26,0,26,0,3454
3461,パルマ,2,3,0,1,パルマ,26,0,26,0,3461
3467,アグレ都市デ,2,0,0,1,アグレ都市デザイン,26,0,26,0,3467
3469,デュアルタッ,2,0,0,1,デュアルタップ,26,0,26,0,3469
3484,イノベーショ,2,0,0,1,イノベーションホールディングス,26,0,26,0,3484
3489,フェイスネッ,2,0,0,1,フェイスネットワーク,26,0,26,0,3489
3490,アズ企画設計,2,2,0,1,アズ企画設計,26,0,26,0,3490
3494,マリオン,2,0,0,1,マリオン,26,0,26,0,3494
3495,香陵住販,2,0,0,1,香陵住販,26,0,26,0,3495
3512,日本フエルト,2,2,0,1,日本フエルト,5,0,5,0,3512
3513,イチカワ,2,0,0,1,イチカワ,5,0,5,0,3513
3521,エコナックホ,2,5,0,1,エコナックホールディングス,33,0,33,0,3521
3524,日東製網,2,0,0,1,日東製網,5,0,5,0,3524
3526,芦森工業,2,0,0,1,芦森工業,17,0,17,0,3526
3529,アツギ,2,0,0,1,アツギ,5,0,5,0,3529
3536,アクサスホー,2,0,0,1,アクサスホールディングス,21,0,21,0,3536
3537,昭栄薬品,2,2,0,1,昭栄薬品,20,0,20,0,3537
3538,ウイルプラス,2,0,0,1,ウイルプラスホールディングス,21,0,21,0,3538
3540,歯愛メディカ,2,0,0,1,歯愛メディカル,20,0,20,0,3540
3544,サツドラホー,2,0,0,1,サツドラホールディングス,21,0,21,0,3544
3547,串カツ田中ホ,2,0,0,1,串カツ田中ホールディングス,21,0,21,0,3547
3551,ダイニック,2,0,0,1,ダイニック,5,0,5,0,3551
3553,共和レザー,2,0,0,1,共和レザー,7,0,7,0,3553
3559,ピーバンドッ,2,0,0,1,ピーバンドットコム,20,0,20,0,3559
3560,ほぼ日,2,0,0,1,ほぼ日,21,0,21,0,3560
3562,Ｎｏ．１,2,2,0,1,Ｎｏ．１,20,0,20,0,3562
3565,アセンテック,2,0,0,1,アセンテック,20,0,20,0,3565
3571,ソトー,2,0,0,1,ソトー,5,0,5,0,3571
3577,東海染工,2,0,0,1,東海染工,5,0,5,0,3577
3583,オーベクス,2,0,0,1,オーベクス,5,0,5,0,3583
3597,自重堂,2,2,0,1,自重堂,5,0,5,0,3597
3598,山喜,2,2,0,1,山喜,5,0,5,0,3598
3600,フジックス,2,0,0,1,フジックス,5,0,5,0,3600
3607,クラウディア,2,0,0,1,クラウディアホールディングス,5,0,5,0,3607
3611,マツオカコー,2,0,0,1,マツオカコーポレーション,5,0,5,0,3611
3622,ネットイヤー,2,0,0,1,ネットイヤーグループ,31,0,31,0,3622
3627,テクミラホー,2,0,0,1,テクミラホールディングス,31,0,31,0,3627
3633,ＧＭＯペパボ,2,2,0,1,ＧＭＯペパボ,31,0,31,0,3633
3634,ソケッツ,2,0,0,1,ソケッツ,31,0,31,0,3634
3639,ボルテージ,2,0,0,1,ボルテージ,31,0,31,0,3639
3640,電算,2,2,0,1,電算,31,0,31,0,3640
3641,パピレス,2,0,0,1,パピレス,31,0,31,0,3641
3646,駅探,2,0,0,1,駅探,31,0,31,0,3646
3647,ジー・スリー,2,0,0,1,ジー・スリーホールディングス,31,0,31,0,3647
3648,ＡＧＳ,2,0,0,1,ＡＧＳ,31,0,31,0,3648
3667,ｅｎｉｓｈ,2,2,0,1,ｅｎｉｓｈ,31,0,31,0,3667
3670,協立情報通信,2,0,0,1,協立情報通信,31,0,31,0,3670
3671,ソフトマック,2,0,0,1,ソフトマックス,31,0,31,0,3671
3672,オルトプラス,2,0,0,1,オルトプラス,31,0,31,0,3672
3675,クロス・マー,2,0,0,1,クロス・マーケティンググループ,31,0,31,0,3675
3682,エンカレッジ,2,0,0,1,エンカレッジ・テクノロジ,31,0,31,0,3682
3683,サイバーリン,2,0,0,1,サイバーリンクス,31,0,31,0,3683
3686,ディー・エル,2,0,0,1,ディー・エル・イー,31,0,31,0,3686
3690,イルグルム,2,0,0,1,イルグルム,31,0,31,0,3690
3698,ＣＲＩ・ミド,2,0,0,1,ＣＲＩ・ミドルウェア,31,0,31,0,3698
3710,ジョルダン,2,0,0,1,ジョルダン,31,0,31,0,3710
3712,情報企画,2,0,0,1,情報企画,31,0,31,0,3712
3719,ＡＩストーム,2,2,0,1,ＡＩストーム,31,0,31,0,3719
3726,フォーシーズ,2,0,0,1,フォーシーズＨＤ,21,0,21,0,3726
3733,ソフトウェア,2,0,0,1,ソフトウェア・サービス,31,0,31,0,3733
3744,サイオス,2,0,0,1,サイオス,31,0,31,0,3744
3747,インタートレ,2,0,0,1,インタートレード,31,0,31,0,3747
3750,ＡＤＲ１２０,2,0,0,1,ＡＤＲ１２０Ｓ,31,0,31,0,3750
3753,フライトソリ,2,0,0,1,フライトソリューションズ,31,0,31,0,3753
3758,アエリア,2,0,0,1,アエリア,31,0,31,0,3758
3760,ケイブ,2,2,0,1,ケイブ,31,0,31,0,3760
3766,システムズ・,2,0,0,1,システムズ・デザイン,31,0,31,0,3766
3768,リスクモンス,2,0,0,1,リスクモンスター,31,0,31,0,3768
3770,ザッパラス,2,0,0,1,ザッパラス,31,0,31,0,3770
3772,ウェルス・マ,2,0,0,1,ウェルス・マネジメント,26,0,26,0,3772
3776,ブロードバン,2,0,0,1,ブロードバンドタワー,31,0,31,0,3776
3779,ジェイ・エス,2,0,0,1,ジェイ・エスコムホールディングス,31,0,31,0,3779
3787,テクノマセマ,2,0,0,1,テクノマセマティカル,31,0,31,0,3787
3791,ＩＧポート,2,2,0,1,ＩＧポート,31,0,31,0,3791
3796,いい生活,2,0,0,1,いい生活,31,0,31,0,3796
3798,ＵＬＳグルー,2,0,0,1,ＵＬＳグループ,31,0,31,0,3798
3799,キーウェアソ,2,0,0,1,キーウェアソリューションズ,31,0,31,0,3799
3800,ユニリタ,2,0,0,1,ユニリタ,31,0,31,0,3800
3802,エコミック,2,0,0,1,エコミック,31,0,31,0,3802
3804,システム　デ,2,0,0,1,システム　ディ,31,0,31,0,3804
3810,サイバーステ,2,0,0,1,サイバーステップ,31,0,31,0,3810
3816,大和コンピュ,2,0,0,1,大和コンピューター,31,0,31,0,3816
3823,ＴＨＥ　ＷＨ,2,0,0,1,ＴＨＥ　ＷＨＹ　ＨＯＷ　ＤＯ　ＣＯＭＰＡＮＹ,31,0,31,0,3823
3825,リミックスポ,2,0,0,1,リミックスポイント,21,0,21,0,3825
3826,システムイン,2,0,0,1,システムインテグレータ,31,0,31,0,3826
3839,ＯＤＫソリュ,2,0,0,1,ＯＤＫソリューションズ,31,0,31,0,3839
3840,パス,2,0,0,1,パス,31,0,31,0,3840
3841,ジーダット,2,0,0,1,ジーダット,31,0,31,0,3841
3842,ネクストジェ,2,0,0,1,ネクストジェン,31,0,31,0,3842
3845,アイフリーク,2,0,0,1,アイフリークモバイル,31,0,31,0,3845
3847,パシフィック,2,0,0,1,パシフィックシステム,31,0,31,0,3847
3848,データ・アプ,2,0,0,1,データ・アプリケーション,31,0,31,0,3848
3850,エヌ・ティ・,2,0,0,1,エヌ・ティ・ティ・データ・イントラマート,31,0,31,0,3850
3851,日本一ソフト,2,0,0,1,日本一ソフトウェア,31,0,31,0,3851
3856,Ａｂａｌａｎ,2,0,0,1,Ａｂａｌａｎｃｅ,16,0,16,0,3856
3857,ラック,2,0,0,1,ラック,31,0,31,0,3857
3858,ユビキタスＡ,2,0,0,1,ユビキタスＡＩ,31,0,31,0,3858
3878,巴川コーポレ,2,0,0,1,巴川コーポレーション,7,0,7,0,3878
3891,ニッポン高度,2,0,0,1,ニッポン高度紙工業,6,0,6,0,3891
3892,岡山製紙,2,2,0,1,岡山製紙,6,0,6,0,3892
3895,ハビックス,2,0,0,1,ハビックス,6,0,6,0,3895
3896,阿波製紙,2,2,0,1,阿波製紙,6,0,6,0,3896
3907,シリコンスタ,2,0,0,1,シリコンスタジオ,31,0,31,0,3907
3908,コラボス,2,0,0,1,コラボス,31,0,31,0,3908
3909,ショーケース,2,0,0,1,ショーケース,31,0,31,0,3909
3910,エムケイシス,2,0,0,1,エムケイシステム,31,0,31,0,3910
3912,モバイルファ,2,0,0,1,モバイルファクトリー,31,0,31,0,3912
3913,ＧｒｅｅｎＢ,2,0,0,1,ＧｒｅｅｎＢｅｅ,31,0,31,0,3913
3918,ＰＣＩホール,2,0,0,1,ＰＣＩホールディングス,31,0,31,0,3918
3920,アイビーシー,2,0,0,1,アイビーシー,31,0,31,0,3920
3926,オープンドア,2,0,0,1,オープンドア,31,0,31,0,3926
3927,フーバーブレ,2,0,0,1,フーバーブレイン,31,0,31,0,3927
3928,マイネット,2,2,0,1,マイネット,31,0,31,0,3928
3933,チエル,2,0,0,1,チエル,31,0,31,0,3933
3934,ベネフィット,2,0,0,1,ベネフィットジャパン,31,0,31,0,3934
3935,エディア,2,0,0,1,エディア,31,0,31,0,3935
3937,Ｕｂｉｃｏｍ,2,0,0,1,Ｕｂｉｃｏｍホールディングス,31,0,31,0,3937
3940,ノムラシステ,2,0,0,1,ノムラシステムコーポレーション,31,0,31,0,3940
3943,大石産業,2,0,0,1,大石産業,6,0,6,0,3943
3944,古林紙工,2,0,0,1,古林紙工,6,0,6,0,3944
3945,スーパーバッ,2,0,0,1,スーパーバッグ,6,0,6,0,3945
3947,ダイナパック,2,0,0,1,ダイナパック,6,0,6,0,3947
3948,光ビジネスフ,2,0,0,1,光ビジネスフォーム,6,0,6,0,3948
3951,朝日印刷,2,0,0,1,朝日印刷,6,0,6,0,3951
3953,大村紙業,2,0,0,1,大村紙業,6,0,6,0,3953
3954,昭和パックス,2,0,0,1,昭和パックス,6,0,6,0,3954
3955,イムラ,2,0,0,1,イムラ,6,0,6,0,3955
3958,笹徳印刷,2,0,0,1,笹徳印刷,6,0,6,0,3958
3965,キャピタル・,2,0,0,1,キャピタル・アセット・プランニング,31,0,31,0,3965
3969,エイトレッド,2,0,0,1,エイトレッド,31,0,31,0,3969
3974,ＳＣＡＴ,2,0,0,1,ＳＣＡＴ,31,0,31,0,3974
3981,ビーグリー,2,0,0,1,ビーグリー,31,0,31,0,3981
3985,テモナ,2,2,0,1,テモナ,31,0,31,0,3985
3986,ビーブレイク,2,0,0,1,ビーブレイクシステムズ,31,0,31,0,3986
3988,ＳＹＳホール,2,0,0,1,ＳＹＳホールディングス,31,0,31,0,3988
3996,サインポスト,2,2,0,1,サインポスト,31,0,31,0,3996
3997,トレードワー,2,0,0,1,トレードワークス,31,0,31,0,3997
4012,アクシス,2,0,0,1,アクシス,31,0,31,0,4012
4016,ＭＩＴホール,2,0,0,1,ＭＩＴホールディングス,31,0,31,0,4016
4026,神島化学工業,2,0,0,1,神島化学工業,11,0,11,0,4026
4031,片倉コープア,2,0,0,1,片倉コープアグリ,7,0,7,0,4031
4040,南海化学,2,0,0,1,南海化学,7,0,7,0,4040
4059,まぐまぐ,2,2,0,1,まぐまぐ,31,0,31,0,4059
4080,田中化学研究,2,0,0,1,田中化学研究所,7,0,7,0,4080
4093,東邦アセチレ,2,0,0,1,東邦アセチレン,7,0,7,0,4093
4094,日本化学産業,2,0,0,1,日本化学産業,7,0,7,0,4094
4098,チタン工業,2,0,0,1,チタン工業,7,0,7,0,4098
4100,戸田工業,2,0,0,1,戸田工業,7,0,7,0,4100
4102,丸尾カルシウ,2,0,0,1,丸尾カルシウム,7,0,7,0,4102
4107,伊勢化学工業,2,0,0,1,伊勢化学工業,7,0,7,0,4107
4113,田岡化学工業,2,0,0,1,田岡化学工業,7,0,7,0,4113
4119,日本ピグメン,2,0,0,1,日本ピグメントホールディングス,7,0,7,0,4119
4120,スガイ化学工,2,0,0,1,スガイ化学工業,7,0,7,0,4120
4124,大阪油化工業,2,0,0,1,大阪油化工業,7,0,7,0,4124
4125,三和油化工業,2,0,0,1,三和油化工業,7,0,7,0,4125
4171,グローバルイ,2,0,0,1,グローバルインフォメーション,31,0,31,0,4171
4172,東和ハイシス,2,0,0,1,東和ハイシステム,31,0,31,0,4172
4174,アピリッツ,2,0,0,1,アピリッツ,31,0,31,0,4174
4193,ファブリカホ,2,0,0,1,ファブリカホールディングス,31,0,31,0,4193
4196,ネオマーケテ,2,0,0,1,ネオマーケティング,31,0,31,0,4196
4197,アスマーク,2,0,0,1,アスマーク,31,0,31,0,4197
4198,テンダ,2,0,0,1,テンダ,31,0,31,0,4198
4222,児玉化学工業,2,0,0,1,児玉化学工業,7,0,7,0,4222
4224,ロンシール工,2,0,0,1,ロンシール工業,7,0,7,0,4224
4231,タイガースポ,2,0,0,1,タイガースポリマー,7,0,7,0,4231
4234,サンエー化研,2,2,0,1,サンエー化研,7,0,7,0,4234
4235,ウルトラファ,2,0,0,1,ウルトラファブリックス・ホールディングス,7,0,7,0,4235
4237,フジプレアム,2,0,0,1,フジプレアム,7,0,7,0,4237
4238,ミライアル,2,0,0,1,ミライアル,7,0,7,0,4238
4240,クラスターテ,2,0,0,1,クラスターテクノロジー,7,0,7,0,4240
4241,アテクト,2,2,0,1,アテクト,7,0,7,0,4241
4242,タカギセイコ,2,0,0,1,タカギセイコー,7,0,7,0,4242
4243,ニックス,2,0,0,1,ニックス,7,0,7,0,4243
4245,ダイキアクシ,2,0,0,1,ダイキアクシス,7,0,7,0,4245
4247,ポバール興業,2,0,0,1,ポバール興業,7,0,7,0,4247
4248,竹本容器,2,0,0,1,竹本容器,7,0,7,0,4248
4274,細谷火工,2,0,0,1,細谷火工,7,0,7,0,4274
4284,ソルクシーズ,2,0,0,1,ソルクシーズ,31,0,31,0,4284
4286,ＣＬホールデ,2,0,0,1,ＣＬホールディングス,33,0,33,0,4286
4287,ジャストプラ,2,0,0,1,ジャストプランニング,31,0,31,0,4287
4288,アズジェント,2,2,0,1,アズジェント,31,0,31,0,4288
4293,セプテーニ・,2,0,0,1,セプテーニ・ホールディングス,33,0,33,0,4293
4299,ハイマックス,2,0,0,1,ハイマックス,31,0,31,0,4299
4317,レイ,2,0,0,1,レイ,33,0,33,0,4317
4319,ＴＡＣ,2,0,0,1,ＴＡＣ,33,0,33,0,4319
4320,ＣＥホールデ,2,0,0,1,ＣＥホールディングス,31,0,31,0,4320
4334,ユークス,2,0,0,1,ユークス,31,0,31,0,4334
4335,ＩＰＳホール,2,0,0,1,ＩＰＳホールディングス,31,0,31,0,4335
4341,西菱電機,2,2,0,1,西菱電機,33,0,33,0,4341
4346,ＮＥＸＹＺ．,2,0,0,1,ＮＥＸＹＺ．Ｇｒｏｕｐ,23,0,23,0,4346
4347,ブロードメデ,2,0,0,1,ブロードメディア,33,0,33,0,4347
4350,メディカルシ,2,0,0,1,メディカルシステムネットワーク,21,0,21,0,4350
4351,山田再生系債,2,0,0,1,山田再生系債権回収総合事務所,23,0,23,0,4351
4356,応用技術,2,2,0,1,応用技術,31,0,31,0,4356
4360,マナック・ケ,2,0,0,1,マナック・ケミカル・パートナーズ,7,0,7,0,4360
4361,川口化学工業,2,0,0,1,川口化学工業,7,0,7,0,4361
4365,松本油脂製薬,2,0,0,1,松本油脂製薬,7,0,7,0,4365
4366,ダイトーケミ,2,0,0,1,ダイトーケミックス,7,0,7,0,4366
4367,広栄化学,2,0,0,1,広栄化学,7,0,7,0,4367
4382,ＨＥＲＯＺ,2,0,0,1,ＨＥＲＯＺ,31,0,31,0,4382
4386,ＳＩＧグルー,2,0,0,1,ＳＩＧグループ,31,0,31,0,4386
4388,エーアイ,2,0,0,1,エーアイ,31,0,31,0,4388
4398,ブロードバン,2,0,0,1,ブロードバンドセキュリティ,31,0,31,0,4398
4404,ミヨシ油脂,2,2,0,1,ミヨシ油脂,4,0,4,0,4404
4406,新日本理化,2,0,0,1,新日本理化,7,0,7,0,4406
4409,東邦化学工業,2,0,0,1,東邦化学工業,7,0,7,0,4409
4420,イーソル,2,0,0,1,イーソル,31,0,31,0,4420
4421,ディ・アイ・,2,0,0,1,ディ・アイ・システム,31,0,31,0,4421
4430,東海ソフト,2,0,0,1,東海ソフト,31,0,31,0,4430
4434,サーバーワー,2,0,0,1,サーバーワークス,31,0,31,0,4434
4439,東名,2,2,0,1,東名,31,0,31,0,4439
4440,ヴィッツ,2,0,0,1,ヴィッツ,31,0,31,0,4440
4441,トビラシステ,2,0,0,1,トビラシステムズ,31,0,31,0,4441
4463,日華化学,2,0,0,1,日華化学,7,0,7,0,4463
4464,ソフト９９コ,2,0,0,1,ソフト９９コーポレーション,7,0,7,0,4464
4465,ニイタカ,2,0,0,1,ニイタカ,7,0,7,0,4465
4491,コンピュータ,2,0,0,1,コンピューターマネージメント,31,0,31,0,4491
4492,ゼネテック,2,0,0,1,ゼネテック,31,0,31,0,4492
4494,バリオセキュ,2,0,0,1,バリオセキュア,31,0,31,0,4494
4499,Ｓｐｅｅｅ,2,2,0,1,Ｓｐｅｅｅ,31,0,31,0,4499
4512,わかもと製薬,2,0,0,1,わかもと製薬,8,0,8,0,4512
4524,森下仁丹,2,0,0,1,森下仁丹,8,0,8,0,4524
4531,有機合成薬品,2,0,0,1,有機合成薬品工業,7,0,7,0,4531
4539,日本ケミファ,2,0,0,1,日本ケミファ,8,0,8,0,4539
4556,カイノス,2,0,0,1,カイノス,8,0,8,0,4556
4558,中京医薬品,2,2,0,1,中京医薬品,8,0,8,0,4558
4595,ミズホメディ,2,0,0,1,ミズホメディー,8,0,8,0,4595
4615,神東塗料,2,0,0,1,神東塗料,7,0,7,0,4615
4616,川上塗料,2,0,0,1,川上塗料,7,0,7,0,4616
4619,日本特殊塗料,2,2,0,1,日本特殊塗料,7,0,7,0,4619
4620,藤倉化成,2,2,0,1,藤倉化成,7,0,7,0,4620
4623,アサヒペン,2,0,0,1,アサヒペン,7,0,7,0,4623
4624,イサム塗料,2,0,0,1,イサム塗料,7,0,7,0,4624
4625,アトミクス,2,0,0,1,アトミクス,7,0,7,0,4625
4627,ナトコ,2,0,0,1,ナトコ,7,0,7,0,4627
4628,エスケー化研,2,2,0,1,エスケー化研,7,0,7,0,4628
4629,大伸化学,2,0,0,1,大伸化学,7,0,7,0,4629
4635,東京インキ,2,0,0,1,東京インキ,7,0,7,0,4635
4642,オリジナル設,2,0,0,1,オリジナル設計,33,0,33,0,4642
4644,イマジニア,2,0,0,1,イマジニア,31,0,31,0,4644
4645,市進ホールデ,2,0,0,1,市進ホールディングス,33,0,33,0,4645
4650,ＳＤエンター,2,0,0,1,ＳＤエンターテイメント,33,0,33,0,4650
4651,サニックスホ,2,0,0,1,サニックスホールディングス,33,0,33,0,4651
4657,環境管理セン,2,0,0,1,環境管理センター,33,0,33,0,4657
4659,エイジス,2,0,0,1,エイジス,33,0,33,0,4659
4664,アール・エス,2,0,0,1,アール・エス・シー,33,0,33,0,4664
4667,アイサンテク,2,0,0,1,アイサンテクノロジー,31,0,31,0,4667
4671,ファルコホー,2,0,0,1,ファルコホールディングス,33,0,33,0,4671
4673,川崎地質,2,0,0,1,川崎地質,33,0,33,0,4673
4678,秀英予備校,2,0,0,1,秀英予備校,33,0,33,0,4678
4679,田谷,2,0,0,1,田谷,33,0,33,0,4679
4685,菱友システム,2,0,0,1,菱友システムズ,31,0,31,0,4685
4690,日本パレット,2,0,0,1,日本パレットプール,33,0,33,0,4690
4691,ワシントンホ,2,0,0,1,ワシントンホテル,33,0,33,0,4691
4705,クリップコー,2,0,0,1,クリップコーポレーション,33,0,33,0,4705
4707,キタック,2,0,0,1,キタック,33,0,33,0,4707
4712,ＫｅｙＨｏｌ,2,0,0,1,ＫｅｙＨｏｌｄｅｒ,33,0,33,0,4712
4716,日本オラクル,2,0,0,1,日本オラクル,31,0,31,1,4716
4720,城南進学研究,2,0,0,1,城南進学研究社,33,0,33,0,4720
4728,トーセ,2,0,0,1,トーセ,31,0,31,0,4728
4735,京進,2,0,0,1,京進,33,0,33,0,4735
4736,日本ラッド,2,0,0,1,日本ラッド,31,0,31,0,4736
4745,東京個別指導,2,0,0,1,東京個別指導学院,33,0,33,0,4745
4746,東計電算,2,2,0,1,東計電算,31,0,31,0,4746
4750,ダイサン,2,0,0,1,ダイサン,33,0,33,0,4750
4752,昭和システム,2,0,0,1,昭和システムエンジニアリング,31,0,31,0,4752
4754,トスネット,2,2,0,1,トスネット,33,0,33,0,4754
4760,アルファ,2,0,0,1,アルファ,33,0,33,0,4760
4761,さくらケーシ,2,0,0,1,さくらケーシーエス,31,0,31,0,4761
4762,エックスネッ,2,0,0,1,エックスネット,31,0,31,0,4762
4766,ピーエイ,2,0,0,1,ピーエイ,33,0,33,0,4766
4767,テー・オー・,2,0,0,1,テー・オー・ダブリュー,33,0,33,0,4767
4769,ＩＣ,2,0,0,1,ＩＣ,31,0,31,0,4769
4770,図研エルミッ,2,0,0,0,図研エルミック,33,1,33,0,4770
4771,エフアンドエ,2,0,0,1,エフアンドエム,33,0,33,0,4771
4777,ガーラ,2,0,0,1,ガーラ,31,0,31,0,4777
4783,ＮＣＤ,2,0,0,1,ＮＣＤ,31,0,31,0,4783
4800,オリコン,2,0,0,1,オリコン,31,0,31,0,4800
4814,ネクストウェ,2,0,0,1,ネクストウェア,31,0,31,0,4814
4816,東映アニメー,2,0,0,1,東映アニメーション,31,0,31,1,4816
4829,日本エンター,2,0,0,1,日本エンタープライズ,31,0,31,0,4829
4832,ＪＦＥシステ,2,0,0,1,ＪＦＥシステムズ,31,0,31,0,4832
4837,シダックス,2,0,0,0,シダックス,36,1,36,0,4837
4838,スペースシャ,2,0,0,0,スペースシャワーＳＫＩＹＡＫＩホールディングス,31,0,31,0,4838
4840,トライアイズ,2,0,0,1,トライアイズ,33,0,33,0,4840
4845,スカラ,2,0,0,1,スカラ,31,0,31,0,4845
4875,メディシノバ,2,0,0,1,メディシノバ・インク,8,0,8,0,4875
4880,セルソース,2,0,0,1,セルソース,8,0,8,0,4880
4885,室町ケミカル,2,0,0,1,室町ケミカル,8,0,8,0,4885
4918,アイビー化粧,2,0,0,1,アイビー化粧品,7,0,7,0,4918
4920,日本色材工業,2,0,0,1,日本色材工業研究所,7,0,7,0,4920
4925,ハーバー研究,2,0,0,1,ハーバー研究所,7,0,7,0,4925
4926,シーボン,2,0,0,1,シーボン,7,0,7,0,4926
4929,アジュバンホ,2,0,0,1,アジュバンホールディングス,7,0,7,0,4929
4932,アルマード,2,2,0,1,アルマード,7,0,7,0,4932
4935,リベルタ,2,0,0,1,リベルタ,7,0,7,0,4935
4936,アクシージア,2,0,0,1,アクシージア,7,0,7,0,4936
4955,アグロ　カネ,2,0,0,0,アグロ　カネショウ,7,0,7,0,4955
4957,ヤスハラケミ,2,0,0,1,ヤスハラケミカル,7,0,7,0,4957
4960,ケミプロ化成,2,2,0,1,ケミプロ化成,7,0,7,0,4960
4966,上村工業,2,0,0,1,上村工業,7,0,7,0,4966
4970,東洋合成工業,2,0,0,1,東洋合成工業,7,0,7,0,4970
4972,綜研化学,2,0,0,1,綜研化学,7,0,7,0,4972
4976,東洋ドライル,2,0,0,1,東洋ドライルーブ,7,0,7,0,4976
4977,新田ゼラチン,2,0,0,1,新田ゼラチン,7,0,7,0,4977
4979,ＯＡＴアグリ,2,0,0,1,ＯＡＴアグリオ,7,0,7,0,4979
4987,寺岡製作所,2,0,0,0,寺岡製作所,7,1,7,0,4987
4990,昭和化学工業,2,0,0,1,昭和化学工業,7,0,7,0,4990
4992,北興化学工業,2,0,0,1,北興化学工業,7,0,7,0,4992
4994,大成ラミック,2,0,0,1,大成ラミックグループ,7,0,7,0,4994
4998,フマキラー,2,0,0,1,フマキラー,7,0,7,0,4998
5009,富士興産,2,0,0,1,富士興産,20,0,20,0,5009
5010,日本精蝋,2,2,0,1,日本精蝋,9,0,9,0,5010
5013,ユシロ,2,0,0,1,ユシロ,9,0,9,0,5013
5015,ビーピー・カ,2,0,0,1,ビーピー・カストロール,9,0,9,0,5015
5018,ＭＯＲＥＳＣ,2,0,0,1,ＭＯＲＥＳＣＯ,9,0,9,0,5018
5071,ヴィス,2,0,0,1,ヴィス,3,0,3,0,5071
5078,セレコーポレ,2,0,0,1,セレコーポレーション,3,0,3,0,5078
5079,ノバック,2,0,0,1,ノバック,3,0,3,0,5079
5103,昭和ホールデ,2,0,0,1,昭和ホールディングス,10,0,10,0,5103
5133,テリロジーホ,2,0,0,1,テリロジーホールディングス,31,0,31,0,5133
5161,西川ゴム工業,2,0,0,1,西川ゴム工業,10,0,10,0,5161
5162,朝日ラバー,2,0,0,1,朝日ラバー,10,0,10,0,5162
5184,ニチリン,2,0,0,1,ニチリン,10,0,10,0,5184
5187,クリエートメ,2,0,0,1,クリエートメディック,19,0,19,0,5187
5189,櫻護謨,2,0,0,1,櫻護謨,10,0,10,0,5189
5194,相模ゴム工業,2,0,0,1,相模ゴム工業,10,0,10,0,5194
5199,不二ラテック,2,0,0,1,不二ラテックス,10,0,10,0,5199
5204,石塚硝子,2,2,0,1,石塚硝子,11,0,11,0,5204
5210,日本山村硝子,2,2,0,1,日本山村硝子,11,0,11,0,5210
5212,不二硝子,2,0,0,0,不二硝子,11,1,11,0,5212
5216,倉元製作所,2,0,0,1,倉元製作所,11,0,11,0,5216
5217,テクノクオー,2,0,0,0,テクノクオーツ,11,1,11,0,5217
5218,オハラ,2,0,0,1,オハラ,11,0,11,0,5218
5237,ノザワ,2,0,0,1,ノザワ,11,0,11,0,5237
5250,プライム・ス,2,0,0,1,プライム・ストラテジー,31,0,31,0,5250
5257,ノバシステム,2,0,0,1,ノバシステム,31,0,31,0,5257
5268,旭コンクリー,2,0,0,1,旭コンクリート工業,11,0,11,0,5268
5271,トーヨーアサ,2,0,0,1,トーヨーアサノ,11,0,11,0,5271
5273,三谷セキサン,2,0,0,1,三谷セキサン,11,0,11,0,5273
5279,日本興業,2,0,0,1,日本興業,11,0,11,0,5279
5280,ヨシコン,2,0,0,1,ヨシコン,26,0,26,0,5280
5282,ジオスター,2,0,0,1,ジオスター,11,0,11,0,5282
5283,高見澤,2,0,0,1,高見澤,20,0,20,0,5283
5284,ヤマウホール,2,0,0,1,ヤマウホールディングス,11,0,11,0,5284
5285,ヤマックス,2,0,0,1,ヤマックス,11,0,11,0,5285
5287,イトーヨーギ,2,0,0,1,イトーヨーギョー,11,0,11,0,5287
5290,ベルテクスコ,2,0,0,1,ベルテクスコーポレーション,11,0,11,0,5290
5304,ＳＥＣカーボ,2,0,0,1,ＳＥＣカーボン,11,0,11,0,5304
5337,ダントーホー,2,0,0,1,ダントーホールディングス,11,0,11,0,5337
5341,ＡＳＡＨＩ　,2,0,0,1,ＡＳＡＨＩ　ＥＩＴＯホールディングス,11,0,11,0,5341
5355,日本坩堝,2,2,0,1,日本坩堝,11,0,11,0,5355
5356,美濃窯業,2,0,0,1,美濃窯業,11,0,11,0,5356
5363,東京窯業,2,0,0,1,東京窯業,11,0,11,0,5363
5367,ニッカトー,2,0,0,1,ニッカトー,11,0,11,0,5367
5368,日本インシュ,2,0,0,1,日本インシュレーション,11,0,11,0,5368
5380,新東,2,0,0,1,新東,11,0,11,0,5380
5381,Ｍｉｐｏｘ,2,2,0,1,Ｍｉｐｏｘ,11,0,11,0,5381
5386,鶴弥,2,0,0,1,鶴弥,11,0,11,0,5386
5388,クニミネ工業,2,0,0,1,クニミネ工業,11,0,11,0,5388
5391,エーアンドエ,2,0,0,1,エーアンドエーマテリアル,11,0,11,0,5391
5446,北越メタル,2,0,0,1,北越メタル,12,0,12,0,5446
5449,大阪製鐵,2,0,0,1,大阪製鐵,12,0,12,0,5449
5458,高砂鐵工,2,0,0,1,高砂鐵工,12,0,12,0,5458
5464,モリ工業,2,0,0,1,モリ工業,12,0,12,0,5464
5476,日本高周波鋼,2,0,0,1,日本高周波鋼業,12,0,12,0,5476
5484,東北特殊鋼,2,0,0,1,東北特殊鋼,12,0,12,0,5484
5491,日本金属,2,2,0,1,日本金属,12,0,12,0,5491
5533,エリッツホー,2,0,0,1,エリッツホールディングス,26,0,26,0,5533
5542,新報国マテリ,2,0,0,1,新報国マテリアル,12,0,12,0,5542
5571,エキサイトホ,2,0,0,1,エキサイトホールディングス,31,0,31,0,5571
5576,オービーシス,2,0,0,1,オービーシステム,31,0,31,0,5576
5589,オートサーバ,2,0,0,1,オートサーバー,31,0,31,0,5589
5603,虹技,2,0,0,1,虹技,12,0,12,0,5603
5609,日本鋳造,2,0,0,1,日本鋳造,12,0,12,0,5609
5610,大和重工,2,0,0,1,大和重工,12,0,12,0,5610
5612,日本鋳鉄管,2,0,0,1,日本鋳鉄管,12,0,12,0,5612
5644,メタルアート,2,2,0,1,メタルアート,12,0,12,0,5644
5658,日亜鋼業,2,0,0,1,日亜鋼業,12,0,12,0,5658
5660,神鋼鋼線工業,2,0,0,1,神鋼鋼線工業,12,0,12,0,5660
5695,パウダーテッ,2,0,0,1,パウダーテック,12,0,12,0,5695
5697,サンユウ,2,0,0,1,サンユウ,12,0,12,0,5697
5698,エンビプロ・,2,0,0,1,エンビプロ・ホールディングス,12,0,12,0,5698
5699,イボキン,2,0,0,1,イボキン,12,0,12,0,5699
5721,エス・サイエ,2,0,0,1,エス・サイエンス,14,0,14,0,5721
5724,アサカ理研,2,2,0,1,アサカ理研,14,0,14,0,5724
5729,日本精鉱,2,0,0,1,日本精鉱,14,0,14,0,5729
5742,エヌアイシ・,2,0,0,1,エヌアイシ・オートテック,14,0,14,0,5742
5753,日本伸銅,2,2,0,1,日本伸銅,14,0,14,0,5753
5816,オーナンバ,2,2,0,1,オーナンバ,14,0,14,0,5816
5817,ＪＭＡＣＳ,2,0,0,1,ＪＭＡＣＳ,14,0,14,0,5817
5819,カナレ電気,2,2,0,1,カナレ電気,14,0,14,0,5819
5820,三ッ星,2,2,0,1,三ッ星,14,0,14,0,5820
5843,ニッポンイン,2,0,0,1,ニッポンインシュア,23,0,23,0,5843
5845,全保連,2,0,0,1,全保連,23,0,23,0,5845
5856,エルアイイー,2,0,0,1,エルアイイーエイチ,21,0,21,0,5856
5868,ロココ,2,0,0,1,ロココ,33,0,33,0,5868
5869,早稲田学習研,2,0,0,1,早稲田学習研究会,33,0,33,0,5869
5871,ＳＯＬＩＺＥ,2,0,0,1,ＳＯＬＩＺＥ　Ｈｏｌｄｉｎｇｓ,33,0,33,0,5871
5885,ジーデップ・,2,0,0,1,ジーデップ・アドバンス,20,0,20,0,5885
5891,魁力屋,2,2,0,1,魁力屋,21,0,21,0,5891
5900,ダイケン,2,0,0,1,ダイケン,13,0,13,0,5900
5903,シンポ,2,2,0,1,シンポ,13,0,13,0,5903
5905,日本製罐,2,2,0,1,日本製罐,13,0,13,0,5905
5906,エムケー精工,2,0,0,1,エムケー精工,13,0,13,0,5906
5909,コロナ,2,2,0,1,コロナ,13,0,13,0,5909
5915,駒井ハルテッ,2,0,0,1,駒井ハルテック,13,0,13,0,5915
5918,瀧上工業,2,0,0,1,瀧上工業,13,0,13,0,5918
5921,川岸工業,2,0,0,1,川岸工業,13,0,13,0,5921
5922,那須電機鉄工,2,0,0,1,那須電機鉄工,13,0,13,0,5922
5923,高田機工,2,0,0,1,高田機工,13,0,13,0,5923
5928,アルメタック,2,0,0,1,アルメタックス,13,0,13,0,5928
5936,東洋シヤッタ,2,0,0,1,東洋シヤッター,13,0,13,0,5936
5939,大谷工業,2,0,0,1,大谷工業,13,0,13,0,5939
5940,不二サッシ,2,0,0,1,不二サッシ,13,0,13,0,5940
5941,中西製作所,2,0,0,1,中西製作所,13,0,13,0,5941
5942,日本フイルコ,2,0,0,1,日本フイルコン,13,0,13,0,5942
5945,天龍製鋸,2,0,0,1,天龍製鋸,13,0,13,0,5945
5950,日本パワーフ,2,0,0,1,日本パワーファスニング,13,0,13,0,5950
5951,ダイニチ工業,2,0,0,1,ダイニチ工業,13,0,13,0,5951
5952,アマテイ,2,0,0,1,アマテイ,13,0,13,0,5952
5955,ワイズホール,2,0,0,1,ワイズホールディングス,13,0,13,0,5955
5956,トーソー,2,0,0,1,トーソー,13,0,13,0,5956
5958,三洋工業,2,0,0,1,三洋工業,13,0,13,0,5958
5962,浅香工業,2,0,0,1,浅香工業,18,0,18,0,5962
5965,フジマック,2,0,0,1,フジマック,13,0,13,0,5965
5966,京都機械工具,2,0,0,1,京都機械工具,13,0,13,0,5966
5967,ＴＯＮＥ,2,0,0,1,ＴＯＮＥ,13,0,13,0,5967
5969,ロブテックス,2,0,0,1,ロブテックス,13,0,13,0,5969
5971,共和工業所,2,0,0,1,共和工業所,13,0,13,0,5971
5973,トーアミ,2,2,0,1,トーアミ,13,0,13,0,5973
5974,中国工業,2,0,0,1,中国工業,13,0,13,0,5974
5982,マルゼン,2,0,0,1,マルゼン,13,0,13,0,5982
5983,イワブチ,2,0,0,1,イワブチ,13,0,13,0,5983
5984,兼房,2,0,0,1,兼房,13,0,13,0,5984
5985,サンコール,2,0,0,1,サンコール,13,0,13,0,5985
5986,モリテック　,2,0,0,1,モリテック　スチール,13,0,13,0,5986
5987,オーネックス,2,0,0,1,オーネックス,13,0,13,0,5987
5990,スーパーツー,2,0,0,1,スーパーツール,13,0,13,0,5990
5992,中央発條,2,2,0,1,中央発條,13,0,13,0,5992
5994,ファインシン,2,0,0,1,ファインシンター,13,0,13,0,5994
5997,協立エアテッ,2,0,0,1,協立エアテック,13,0,13,0,5997
5998,アドバネクス,2,0,0,1,アドバネクス,13,0,13,0,5998
6016,ジャパンエン,2,0,0,1,ジャパンエンジンコーポレーション,17,0,17,0,6016
6018,阪神内燃機工,2,0,0,1,阪神内燃機工業,17,0,17,0,6018
6022,赤阪鐵工所,2,0,0,1,赤阪鐵工所,15,0,15,0,6022
6023,ダイハツイン,2,0,0,1,ダイハツインフィニアース,17,0,17,0,6023
6029,アトラグルー,2,0,0,1,アトラグループ,33,0,33,0,6029
6035,アイ・アール,2,0,0,1,アイ・アールジャパンホールディングス,33,0,33,1,6035
6037,楽待,2,2,0,1,楽待,33,0,33,0,6037
6042,ニッキ,2,0,0,1,ニッキ,17,0,17,0,6042
6044,三機サービス,2,0,0,1,三機サービス,33,0,33,0,6044
6046,リンクバル,2,0,0,1,リンクバル,33,0,33,0,6046
6048,デザインワン,2,0,0,1,デザインワン・ジャパン,33,0,33,0,6048
6054,リブセンス,2,0,0,1,リブセンス,33,0,33,0,6054
6059,ウチヤマホー,2,0,0,1,ウチヤマホールディングス,33,0,33,0,6059
6060,こころネット,2,0,0,1,こころネット,33,0,33,0,6060
6061,ユニバーサル,2,0,0,1,ユニバーサル園芸社,33,0,33,0,6061
6063,日本エマージ,2,0,0,1,日本エマージェンシーアシスタンス,33,0,33,0,6063
6072,地盤ネットホ,2,0,0,1,地盤ネットホールディングス,33,0,33,0,6072
6074,ジェイエスエ,2,0,0,1,ジェイエスエス,33,0,33,0,6074
6082,ライドオンエ,2,0,0,1,ライドオンエクスプレスホールディングス,33,0,33,0,6082
6083,ＥＲＩホール,2,0,0,1,ＥＲＩホールディングス,33,0,33,0,6083
6087,アビスト,2,2,0,1,アビスト,33,0,33,0,6087
6090,ヒューマン・,2,0,0,1,ヒューマン・メタボローム・テクノロジーズ,33,0,33,0,6090
6091,ウエスコホー,2,0,0,1,ウエスコホールディングス,33,0,33,0,6091
6092,エンバイオ・,2,0,0,1,エンバイオ・ホールディングス,33,0,33,0,6092
6093,エスクロー・,2,0,0,1,エスクロー・エージェント・ジャパン,33,0,33,0,6093
6096,レアジョブ,2,2,0,1,レアジョブ,33,0,33,0,6096
6125,岡本工作機械,2,0,0,1,岡本工作機械製作所,15,0,15,0,6125
6137,小池酸素工業,2,0,0,1,小池酸素工業,15,0,15,0,6137
6138,ダイジェット,2,0,0,1,ダイジェット工業,15,0,15,0,6138
6144,西部電機,2,2,0,1,西部電機,15,0,15,0,6144
6145,ＮＩＴＴＯＫ,2,0,0,1,ＮＩＴＴＯＫＵ,15,0,15,0,6145
6147,ヤマザキ,2,0,0,1,ヤマザキ,15,0,15,0,6147
6149,小田原エンジ,2,0,0,1,小田原エンジニアリング,15,0,15,0,6149
6150,タケダ機械,2,0,0,1,タケダ機械,15,0,15,0,6150
6155,高松機械工業,2,0,0,1,高松機械工業,15,0,15,0,6155
6156,エーワン精密,2,2,0,1,エーワン精密,15,0,15,0,6156
6157,日進工具,2,0,0,1,日進工具,15,0,15,0,6157
6158,和井田製作所,2,0,0,1,和井田製作所,15,0,15,0,6158
6159,ミクロン精密,2,2,0,1,ミクロン精密,15,0,15,0,6159
6161,エスティック,2,0,0,1,エスティック,15,0,15,0,6161
6164,太陽工機,2,0,0,0,太陽工機,15,0,15,0,6164
6165,パンチ工業,2,0,0,1,パンチ工業,15,0,15,0,6165
6171,土木管理総合,2,0,0,1,土木管理総合試験所,33,0,33,0,6171
6176,ブランジスタ,2,0,0,1,ブランジスタ,33,0,33,0,6176
6185,ＳＭＮ,2,0,0,1,ＳＭＮ,33,0,33,0,6185
6186,一蔵,2,0,0,1,一蔵,33,0,33,0,6186
6189,グローバルキ,2,0,0,1,グローバルキッズＣＯＭＰＡＮＹ,33,0,33,0,6189
6199,セラク,2,0,0,1,セラク,33,0,33,0,6199
6203,豊和工業,2,0,0,1,豊和工業,15,0,15,0,6203
6208,石川製作所,2,0,0,1,石川製作所,15,0,15,0,6208
6210,ＴＯＹＯイノ,2,2,0,1,ＴＯＹＯイノベックス,15,0,15,0,6210
6217,津田駒工業,2,0,0,1,津田駒工業,15,0,15,0,6217
6218,エンシュウ,2,0,0,1,エンシュウ,15,0,15,0,6218
6223,西部技研,2,2,0,1,西部技研,15,0,15,0,6223
6226,守谷輸送機工,2,0,0,1,守谷輸送機工業,15,0,15,0,6226
6227,ＡＩメカテッ,2,0,0,1,ＡＩメカテック,15,0,15,0,6227
6228,ジェイ・イー,2,0,0,1,ジェイ・イー・ティ,15,0,15,0,6228
6229,オーケーエム,2,0,0,1,オーケーエム,15,0,15,0,6229
6230,ＳＡＮＥＩ,2,0,0,1,ＳＡＮＥＩ,15,0,15,0,6230
6231,木村工機,2,2,0,1,木村工機,15,0,15,0,6231
6233,ＫＬＡＳＳ,2,0,0,1,ＫＬＡＳＳ,15,0,15,0,6233
6236,ＮＣホールデ,2,0,0,0,ＮＣホールディングス,14,1,14,0,6236
6239,ナガオカ,2,0,0,1,ナガオカ,15,0,15,0,6239
6245,ヒラノテクシ,2,0,0,1,ヒラノテクシード,15,0,15,0,6245
6246,テクノスマー,2,0,0,1,テクノスマート,15,0,15,0,6246
6248,横田製作所,2,0,0,1,横田製作所,15,0,15,0,6248
6249,ゲームカード,2,0,0,1,ゲームカード・ジョイコホールディングス,15,0,15,0,6249
6257,藤商事,2,2,0,1,藤商事,15,0,15,0,6257
6262,ＰＥＧＡＳＵ,2,0,0,1,ＰＥＧＡＳＵＳ,15,0,15,0,6262
6265,コンバム,2,0,0,1,コンバム,15,0,15,0,6265
6267,ゼネラルパッ,2,0,0,1,ゼネラルパッカー,15,0,15,0,6267
6276,シリウスビジ,2,0,0,1,シリウスビジョン,16,0,16,0,6276
6286,靜甲,2,0,0,1,靜甲,15,0,15,0,6286
6291,日本エアーテ,2,0,0,1,日本エアーテック,15,0,15,0,6291
6292,カワタ,2,0,0,1,カワタ,15,0,15,0,6292
6297,鉱研工業,2,0,0,1,鉱研工業,15,0,15,0,6297
6307,サンセイ,2,0,0,1,サンセイ,15,0,15,0,6307
6312,フロイント産,2,0,0,1,フロイント産業,15,0,15,0,6312
6316,丸山製作所,2,0,0,1,丸山製作所,15,0,15,0,6316
6317,北川鉄工所,2,0,0,1,北川鉄工所,15,0,15,0,6317
6322,タクミナ,2,0,0,1,タクミナ,15,0,15,0,6322
6325,タカキタ,2,0,0,1,タカキタ,15,0,15,0,6325
6327,北川精機,2,2,0,1,北川精機,15,0,15,0,6327
6334,明治機械,2,0,0,1,明治機械,15,0,15,0,6334
6335,東京機械製作,2,0,0,1,東京機械製作所,15,0,15,0,6335
6336,石井表記,2,2,0,1,石井表記,15,0,15,0,6336
6337,テセック,2,0,0,1,テセック,15,0,15,0,6337
6338,タカトリ,2,0,0,1,タカトリ,15,0,15,0,6338
6342,太平製作所,2,0,0,1,太平製作所,15,0,15,0,6342
6343,フリージア・,2,0,0,1,フリージア・マクロス,15,0,15,0,6343
6346,キクカワエン,2,0,0,1,キクカワエンタープライズ,15,0,15,0,6346
6347,プラコー,2,0,0,1,プラコー,15,0,15,0,6347
6356,日本ギア工業,2,0,0,1,日本ギア工業,15,0,15,0,6356
6357,三精テクノロ,2,0,0,1,三精テクノロジーズ,15,0,15,0,6357
6360,東京自働機械,2,0,0,1,東京自働機械製作所,15,0,15,0,6360
6365,電業社機械製,2,0,0,1,電業社機械製作所,15,0,15,0,6365
6366,千代田化工建,2,0,0,1,千代田化工建設,3,0,3,0,6366
6373,大同工業,2,0,0,1,大同工業,15,0,15,0,6373
6378,木村化工機,2,2,0,1,木村化工機,15,0,15,0,6378
6380,オリエンタル,2,0,0,1,オリエンタルチエン工業,15,0,15,0,6380
6382,トリニティ工,2,0,0,1,トリニティ工業,15,0,15,0,6382
6384,昭和真空,2,1,0,1,昭和真空,15,0,15,0,6384
6391,加地テック,2,0,0,1,加地テック,15,0,15,0,6391
6392,ヤマダコーポ,2,0,0,1,ヤマダコーポレーション,15,0,15,0,6392
6393,油研工業,2,0,0,1,油研工業,15,0,15,0,6393
6396,宇野澤組鐵工,2,0,0,1,宇野澤組鐵工所,15,0,15,0,6396
6400,不二精機,2,2,0,1,不二精機,15,0,15,0,6400
6402,兼松エンジニ,2,0,0,1,兼松エンジニアリング,15,0,15,0,6402
6403,水道機工,2,0,0,1,水道機工,15,0,15,0,6403
6405,鈴茂器工,2,0,0,1,鈴茂器工,15,0,15,0,6405
6408,小倉クラッチ,2,0,0,1,小倉クラッチ,15,0,15,0,6408
6411,中野冷機,2,2,0,1,中野冷機,15,0,15,0,6411
6416,桂川電機,2,2,0,1,桂川電機,15,0,15,0,6416
6424,高見沢サイバ,2,0,0,1,高見沢サイバネティックス,15,0,15,0,6424
6425,ユニバーサル,2,0,0,1,ユニバーサルエンターテインメント,15,0,15,0,6425
6428,オーイズミ,2,2,0,1,オーイズミ,15,0,15,0,6428
6433,ヒーハイスト,2,2,0,1,ヒーハイスト,15,0,15,0,6433
6444,サンデン,2,0,0,1,サンデン,15,0,15,0,6444
6466,ＴＶＥ,2,0,0,1,ＴＶＥ,15,0,15,0,6466
6467,ニチダイ,2,0,0,1,ニチダイ,15,0,15,0,6467
6469,放電精密加工,2,0,0,1,放電精密加工研究所,15,0,15,0,6469
6470,大豊工業,2,0,0,1,大豊工業,15,0,15,0,6470
6482,ＹＵＳＨＩＮ,2,2,0,1,ＹＵＳＨＩＮ,15,0,15,0,6482
6484,ＫＶＫ,2,0,0,1,ＫＶＫ,15,0,15,0,6484
6485,前澤給装工業,2,0,0,1,前澤給装工業,15,0,15,0,6485
6488,ヨシタケ,2,0,0,1,ヨシタケ,15,0,15,0,6488
6489,前澤工業,2,0,0,1,前澤工業,15,0,15,0,6489
6492,岡野バルブ製,2,0,0,1,岡野バルブ製造,15,0,15,0,6492
6493,ＮＩＴＴＡＮ,2,0,0,1,ＮＩＴＴＡＮ,17,0,17,0,6493
6494,ＮＦＫホール,2,0,0,1,ＮＦＫホールディングス,15,0,15,0,6494
6495,宮入バルブ製,2,0,0,1,宮入バルブ製作所,15,0,15,0,6495
6496,中北製作所,2,0,0,1,中北製作所,15,0,15,0,6496
6497,ハマイ,2,0,0,1,ハマイ,15,0,15,0,6497
6505,東洋電機製造,2,0,0,1,東洋電機製造,16,0,16,0,6505
6513,オリジン,2,0,0,1,オリジン,16,0,16,0,6513
6518,三相電機,2,2,0,1,三相電機,16,0,16,0,6518
6524,湖北工業,2,0,0,1,湖北工業,16,0,16,0,6524
6538,ディスラプタ,2,0,0,1,ディスラプターズ,33,0,33,0,6538
6540,船場,2,0,0,1,船場,33,0,33,0,6540
6542,ＦＣホールデ,2,0,0,1,ＦＣホールディングス,33,0,33,0,6542
6543,日宣,2,0,0,1,日宣,33,0,33,0,6543
6546,フルテック,2,0,0,1,フルテック,33,0,33,0,6546
6547,グリーンズ,2,0,0,1,グリーンズ,33,0,33,0,6547
6549,ディーエムソ,2,0,0,1,ディーエムソリューションズ,33,0,33,0,6549
6551,ツナググルー,2,0,0,1,ツナググループ・ホールディングス,33,0,33,0,6551
6552,ＧａｍｅＷｉ,2,0,0,1,ＧａｍｅＷｉｔｈ,33,0,33,0,6552
6555,ＭＳ＆Ｃｏｎ,2,0,0,1,ＭＳ＆Ｃｏｎｓｕｌｔｉｎｇ,33,0,33,0,6555
6565,ＡＢホテル,2,0,0,1,ＡＢホテル,33,0,33,0,6565
6566,要興業,2,0,0,1,要興業,33,0,33,0,6566
6570,共和コーポレ,2,0,0,1,共和コーポレーション,33,0,33,0,6570
6578,コレックホー,2,0,0,1,コレックホールディングス,33,0,33,0,6578
6599,エブレン,2,0,0,1,エブレン,16,0,16,0,6599
6614,シキノハイテ,2,0,0,1,シキノハイテック,16,0,16,0,6614
6625,ＪＡＬＣＯホ,2,0,0,1,ＪＡＬＣＯホールディングス,26,0,26,0,6625
6626,ＳＥＭＩＴＥ,2,0,0,1,ＳＥＭＩＴＥＣ,16,0,16,0,6626
6627,テラプローブ,2,2,0,1,テラプローブ,16,0,16,0,6627
6629,テクノホライ,2,0,0,1,テクノホライゾン,16,0,16,0,6629
6633,ＣＧＳホール,2,0,0,1,ＣＧＳホールディングス,16,0,16,0,6633
6634,ネクスグルー,2,0,0,1,ネクスグループ,16,0,16,0,6634
6635,大日光・エン,2,0,0,1,大日光・エンジニアリング,16,0,16,0,6635
6637,寺崎電気産業,2,0,0,1,寺崎電気産業,16,0,16,0,6637
6643,戸上電機製作,2,0,0,1,戸上電機製作所,16,0,16,0,6643
6647,森尾電機,2,2,0,1,森尾電機,16,0,16,0,6647
6648,かわでん,2,2,0,1,かわでん,16,0,16,0,6648
6654,不二電機工業,2,0,0,1,不二電機工業,16,0,16,0,6654
6656,インスペック,2,0,0,1,インスペック,16,0,16,0,6656
6658,シライ電子工,2,0,0,1,シライ電子工業,16,0,16,0,6658
6659,メディアリン,2,0,0,1,メディアリンクス,16,0,16,0,6659
6662,ユビテック,2,0,0,1,ユビテック,16,0,16,0,6662
6663,太洋テクノレ,2,0,0,1,太洋テクノレックス,16,0,16,0,6663
6664,オプトエレク,2,0,0,1,オプトエレクトロニクス,16,0,16,0,6664
6666,リバーエレテ,2,0,0,1,リバーエレテック,16,0,16,0,6666
6668,アドテック　,2,0,0,1,アドテック　プラズマ　テクノロジー,16,0,16,0,6668
6670,ＭＣＪ,2,0,0,1,ＭＣＪ,16,0,16,1,6670
6675,サクサ,2,0,0,1,サクサ,16,0,16,0,6675
6676,ＢＵＦＦＡＬ,2,0,0,1,ＢＵＦＦＡＬＯ,16,0,16,0,6676
6677,エスケーエレ,2,0,0,1,エスケーエレクトロニクス,16,0,16,0,6677
6678,テクノメディ,2,0,0,1,テクノメディカ,16,0,16,0,6678
6694,ズーム,2,0,0,1,ズーム,16,0,16,0,6694
6699,ダイヤモンド,2,0,0,1,ダイヤモンドエレクトリックホールディングス,16,0,16,0,6699
6721,ウインテスト,2,2,0,1,ウインテスト,16,0,16,0,6721
6730,アクセル,2,0,0,1,アクセル,16,0,16,0,6730
6731,ピクセラ,2,0,0,1,ピクセラ,16,0,16,0,6731
6734,ニューテック,2,0,0,1,ニューテック,16,0,16,0,6734
6736,サン電子,2,2,0,1,サン電子,16,0,16,0,6736
6743,大同信号,2,0,0,1,大同信号,16,0,16,0,6743
6748,星和電機,2,2,0,1,星和電機,16,0,16,0,6748
6757,ＯＳＧコーポ,2,0,0,1,ＯＳＧコーポレーション,16,0,16,0,6757
6769,ザインエレク,2,0,0,1,ザインエレクトロニクス,16,0,16,0,6769
6771,池上通信機,2,2,0,1,池上通信機,16,0,16,0,6771
6772,東京コスモス,2,0,0,1,東京コスモス電機,16,0,16,0,6772
6775,ＴＢグループ,2,2,0,1,ＴＢグループ,16,0,16,0,6775
6776,天昇電気工業,2,0,0,1,天昇電気工業,7,0,7,0,6776
6777,ｓａｎｔｅｃ,2,0,0,1,ｓａｎｔｅｃ　Ｈｏｌｄｉｎｇｓ,16,0,16,0,6777
6778,アルチザネッ,2,0,0,1,アルチザネットワークス,16,0,16,0,6778
6786,ＲＶＨ,2,0,0,1,ＲＶＨ,33,0,33,0,6786
6797,名古屋電機工,2,0,0,1,名古屋電機工業,16,0,16,0,6797
6803,ティアック,2,0,0,1,ティアック,16,0,16,0,6803
6819,伊豆シャボテ,2,0,0,1,伊豆シャボテンリゾート,33,0,33,0,6819
6822,大井電気,2,2,0,1,大井電気,16,0,16,0,6822
6824,新コスモス電,2,0,0,1,新コスモス電機,16,0,16,0,6824
6832,アオイ電子,2,2,0,1,アオイ電子,16,0,16,0,6832
6834,精工技研,2,1,0,1,精工技研,16,0,16,0,6834
6835,アライドテレ,2,0,0,1,アライドテレシスホールディングス,16,0,16,0,6835
6836,ぷらっとホー,2,0,0,1,ぷらっとホーム,16,0,16,0,6836
6837,京写,2,2,0,1,京写,16,0,16,0,6837
6838,多摩川ホール,2,0,0,1,多摩川ホールディングス,16,0,16,0,6838
6840,ＡＫＩＢＡホ,2,0,0,1,ＡＫＩＢＡホールディングス,16,0,16,0,6840
6848,東亜ディーケ,2,0,0,1,東亜ディーケーケー,16,0,16,0,6848
6853,共和電業,2,0,0,1,共和電業,16,0,16,0,6853
6855,日本電子材料,2,2,0,1,日本電子材料,16,0,16,0,6855
6858,小野測器,2,0,0,1,小野測器,16,0,16,0,6858
6862,ミナトホール,2,0,0,1,ミナトホールディングス,16,0,16,0,6862
6863,ニレコ,2,0,0,1,ニレコ,16,0,16,0,6863
6864,エヌエフホー,2,0,0,1,エヌエフホールディングス,16,0,16,0,6864
6867,リーダー電子,2,2,0,1,リーダー電子,16,0,16,0,6867
6870,日本フェンオ,2,0,0,1,日本フェンオール,16,0,16,0,6870
6874,協立電機,2,2,0,1,協立電機,16,0,16,0,6874
6877,ＯＢＡＲＡ　,2,0,0,1,ＯＢＡＲＡ　ＧＲＯＵＰ,16,0,16,0,6877
6882,三社電機製作,2,0,0,1,三社電機製作所,16,0,16,0,6882
6888,アクモス,2,0,0,1,アクモス,31,0,31,0,6888
6890,フェローテッ,2,0,0,1,フェローテック,16,0,16,0,6890
6894,パルステック,2,0,0,1,パルステック工業,16,0,16,0,6894
6897,ツインバード,2,2,0,1,ツインバード,16,0,16,0,6897
6898,トミタ電機,2,2,0,1,トミタ電機,16,0,16,0,6898
6899,ＡＳＴＩ,2,0,0,1,ＡＳＴＩ,16,0,16,0,6899
6901,澤藤電機,2,2,0,1,澤藤電機,16,0,16,0,6901
6904,原田工業,2,0,0,1,原田工業,16,0,16,0,6904
6907,ジオマテック,2,1,0,1,ジオマテック,16,0,16,0,6907
6912,菊水ホールデ,2,0,0,1,菊水ホールディングス,16,0,16,0,6912
6915,千代田インテ,2,0,0,1,千代田インテグレ,16,0,16,0,6915
6918,アバールデー,2,0,0,1,アバールデータ,16,0,16,0,6918
6919,ケル,2,0,0,1,ケル,16,0,16,0,6919
6926,岡谷電機産業,2,0,0,1,岡谷電機産業,16,0,16,0,6926
6927,ヘリオス　テ,2,0,0,1,ヘリオス　テクノ　ホールディング,16,0,16,0,6927
6928,エノモト,2,1,0,1,エノモト,16,0,16,0,6928
6930,日本アンテナ,2,0,0,1,日本アンテナ,16,0,16,0,6930
6932,遠藤照明,2,2,0,1,遠藤照明,16,0,16,0,6932
6942,ソフィアホー,2,0,0,1,ソフィアホールディングス,31,0,31,0,6942
6943,ＮＫＫスイッ,2,0,0,1,ＮＫＫスイッチズ,16,0,16,0,6943
6946,日本アビオニ,2,0,0,1,日本アビオニクス,16,0,16,0,6946
6955,ＦＤＫ,2,0,0,1,ＦＤＫ,16,0,16,0,6955
6957,芝浦電子,2,2,0,1,芝浦電子,16,0,16,0,6957
6960,フクダ電子,2,2,0,1,フクダ電子,16,0,16,0,6960
6964,サンコー,2,0,0,1,サンコー,16,0,16,0,6964
6969,松尾電機,2,2,0,1,松尾電機,16,0,16,0,6969
6973,協栄産業,2,0,0,1,協栄産業,20,0,20,0,6973
6977,日本抵抗器製,2,0,0,1,日本抵抗器製作所,16,0,16,0,6977
6982,リード,2,2,0,1,リード,17,0,17,0,6982
6989,北陸電気工業,2,0,0,1,北陸電気工業,16,0,16,0,6989
6993,大黒屋ホール,2,0,0,1,大黒屋ホールディングス,21,0,21,0,6993
6994,指月電機製作,2,0,0,1,指月電機製作所,16,0,16,0,6994
6998,日本タングス,2,0,0,1,日本タングステン,16,0,16,0,6998
7014,名村造船所,2,0,0,1,名村造船所,17,0,17,0,7014
7018,内海造船,2,0,0,1,内海造船,17,0,17,0,7018
7021,ニッチツ,2,0,0,1,ニッチツ,15,0,15,0,7021
7022,サノヤスホー,2,0,0,1,サノヤスホールディングス,15,0,15,0,7022
7030,スプリックス,2,0,0,1,スプリックス,33,0,33,0,7030
7035,ａｎｄ　ｆａ,2,0,0,1,ａｎｄ　ｆａｃｔｏｒｙ,33,0,33,0,7035
7037,テノ．ホール,2,0,0,1,テノ．ホールディングス,33,0,33,0,7037
7040,サン・ライフ,2,0,0,1,サン・ライフホールディング,33,0,33,0,7040
7042,アクセスグル,2,0,0,1,アクセスグループ・ホールディングス,33,0,33,0,7042
7044,ピアラ,2,0,0,1,ピアラ,33,0,33,0,7044
7057,エヌ・シー・,2,0,0,1,エヌ・シー・エヌ,33,0,33,0,7057
7058,共栄セキュリ,2,0,0,1,共栄セキュリティーサービス,33,0,33,0,7058
7060,ギークス,2,0,0,1,ギークス,33,0,33,0,7060
7064,ハウテレビジ,2,0,0,1,ハウテレビジョン,33,0,33,0,7064
7065,ユーピーアー,2,0,0,1,ユーピーアール,33,0,33,0,7065
7081,コーユーレン,2,0,0,1,コーユーレンティア,33,0,33,0,7081
7087,ウイルテック,2,0,0,1,ウイルテック,33,0,33,0,7087
7105,三菱ロジスネ,2,0,0,1,三菱ロジスネクスト,17,0,17,0,7105
7111,ＩＮＥＳＴ,2,0,0,1,ＩＮＥＳＴ,20,0,20,0,7111
7115,アルファパー,2,0,0,1,アルファパーチェス,20,0,20,0,7115
7116,ダイワ通信,2,0,0,1,ダイワ通信,20,0,20,0,7116
7120,ＳＨＩＮＫＯ,2,0,0,1,ＳＨＩＮＫＯ,20,0,20,0,7120
7122,近畿車輛,2,2,0,1,近畿車輛,17,0,17,0,7122
7126,グローバルス,2,0,0,1,グローバルスタイル,21,0,21,0,7126
7127,一家ホールデ,2,0,0,1,一家ホールディングス,21,0,21,0,7127
7129,ミアヘルサホ,2,0,0,1,ミアヘルサホールディングス,21,0,21,0,7129
7131,のむら産業,2,0,0,1,のむら産業,20,0,20,0,7131
7134,アップガレー,2,0,0,1,アップガレージグループ,21,0,21,0,7134
7135,ジャパンクラ,2,0,0,1,ジャパンクラフトホールディングス,21,0,21,0,7135
7150,島根銀行,2,2,0,1,島根銀行,22,0,22,0,7150
7161,じもとホール,2,0,0,1,じもとホールディングス,22,0,22,0,7161
7162,アストマック,2,0,0,1,アストマックス,24,0,24,0,7162
7163,住信ＳＢＩネ,2,0,0,1,住信ＳＢＩネット銀行,22,0,22,0,7163
7175,今村証券,2,0,0,1,今村証券,24,0,24,0,7175
7177,ＧＭＯフィナ,2,0,0,1,ＧＭＯフィナンシャルホールディングス,24,0,24,1,7177
7183,あんしん保証,2,0,0,1,あんしん保証,23,0,23,0,7183
7185,ヒロセ通商,2,0,0,1,ヒロセ通商,24,0,24,0,7185
7191,イントラスト,2,2,0,1,イントラスト,23,0,23,0,7191
7192,日本モーゲー,2,0,0,1,日本モーゲージサービス,23,0,23,0,7192
7196,Ｃａｓａ,2,2,0,1,Ｃａｓａ,23,0,23,0,7196
7208,カネミツ,2,2,0,1,カネミツ,17,0,17,0,7208
7212,エフテック,2,0,0,1,エフテック,17,0,17,0,7212
7213,レシップホー,2,0,0,1,レシップホールディングス,17,0,17,0,7213
7214,ＧＭＢ,2,0,0,1,ＧＭＢ,17,0,17,0,7214
7215,ファルテック,2,0,0,1,ファルテック,17,0,17,0,7215
7217,テイン,2,0,0,1,テイン,17,0,17,0,7217
7218,田中精密工業,2,0,0,1,田中精密工業,17,0,17,0,7218
7219,エッチ・ケー,2,0,0,1,エッチ・ケー・エス,17,0,17,0,7219
7222,日産車体,2,2,0,1,日産車体,17,0,17,0,7222
7228,デイトナ,2,0,0,1,デイトナ,17,0,17,0,7228
7229,ユタカ技研,2,2,0,1,ユタカ技研,17,0,17,0,7229
7235,東京ラヂエー,2,0,0,1,東京ラヂエーター製造,17,0,17,0,7235
7247,ミクニ,2,2,0,1,ミクニ,17,0,17,0,7247
7254,ユニバンス,2,0,0,1,ユニバンス,17,0,17,0,7254
7255,桜井製作所,2,0,0,1,桜井製作所,17,0,17,0,7255
7256,河西工業,2,0,0,1,河西工業,17,0,17,0,7256
7264,ムロコーポレ,2,0,0,1,ムロコーポレーション,17,0,17,0,7264
7265,エイケン工業,2,0,0,1,エイケン工業,17,0,17,0,7265
7266,今仙電機製作,2,0,0,1,今仙電機製作所,17,0,17,0,7266
7271,安永,2,0,0,1,安永,17,0,17,0,7271
7273,イクヨ,2,0,0,1,イクヨ,17,0,17,0,7273
7277,ＴＢＫ,2,0,0,1,ＴＢＫ,17,0,17,0,7277
7279,ハイレックス,2,0,0,1,ハイレックスコーポレーション,17,0,17,0,7279
7284,盟和産業,2,0,0,1,盟和産業,17,0,17,0,7284
7287,日本精機,2,2,0,1,日本精機,17,0,17,0,7287
7291,日本プラスト,2,2,0,1,日本プラスト,17,0,17,0,7291
7292,村上開明堂,2,2,0,1,村上開明堂,17,0,17,0,7292
7297,カーメイト,2,2,0,1,カーメイト,17,0,17,0,7297
7299,フジオーゼッ,2,0,0,1,フジオーゼックス,17,0,17,0,7299
7305,新家工業,2,4,0,1,新家工業,12,0,12,0,7305
7314,小田原機器,2,0,0,1,小田原機器,17,0,17,0,7314
7315,ＩＪＴＴ,2,0,0,0,ＩＪＴＴ,18,1,18,0,7315
7354,ダイレクトマ,2,0,0,1,ダイレクトマーケティングミックス,33,0,33,0,7354
7357,ジオコード,2,2,0,1,ジオコード,33,0,33,0,7357
7358,ポピンズ,2,0,0,1,ポピンズ,33,0,33,0,7358
7367,セルム,2,0,0,1,セルム,33,0,33,0,7367
7368,表示灯,2,0,0,1,表示灯,33,0,33,0,7368
7377,ＤＮホールデ,2,0,0,1,ＤＮホールディングス,33,0,33,0,7377
7399,ナンシン,2,0,0,1,ナンシン,17,0,17,0,7399
7412,アトム,2,0,0,1,アトム,21,0,21,0,7412
7413,創健社,2,0,0,1,創健社,20,0,20,0,7413
7416,はるやまホー,2,0,0,1,はるやまホールディングス,21,0,21,0,7416
7417,南陽,2,0,0,1,南陽,20,0,20,0,7417
7422,東邦レマック,2,0,0,1,東邦レマック,20,0,20,0,7422
7425,初穂商事,2,2,0,1,初穂商事,20,0,20,0,7425
7426,山大,2,0,0,1,山大,20,0,20,0,7426
7427,エコートレー,2,0,0,1,エコートレーディング,20,0,20,0,7427
7434,オータケ,2,0,0,1,オータケ,20,0,20,0,7434
7435,ナ・デックス,2,0,0,1,ナ・デックス,20,0,20,0,7435
7442,中山福,2,2,0,1,中山福,20,0,20,0,7442
7443,横浜魚類,2,2,0,1,横浜魚類,20,0,20,0,7443
7444,ハリマ共和物,2,0,0,1,ハリマ共和物産,20,0,20,0,7444
7445,ライトオン,2,0,0,1,ライトオン,21,0,21,0,7445
7446,東北化学薬品,2,2,0,1,東北化学薬品,20,0,20,0,7446
7450,サンデー,2,0,0,1,サンデー,21,0,21,0,7450
7451,三菱食品,2,0,0,1,三菱食品,20,0,20,0,7451
7455,パリミキホー,2,0,0,1,パリミキホールディングス,21,0,21,0,7455
7460,ヤギ,2,0,0,1,ヤギ,20,0,20,0,7460
7461,キムラ,2,0,0,1,キムラ,20,0,20,0,7461
7462,ＣＡＰＩＴＡ,2,0,0,1,ＣＡＰＩＴＡ,21,0,21,0,7462
7463,アドヴァング,2,0,0,1,アドヴァングループ,21,0,21,0,7463
7464,セフテック,2,0,0,1,セフテック,20,0,20,0,7464
7472,鳥羽洋行,2,2,0,1,鳥羽洋行,20,0,20,0,7472
7477,ムラキ,2,0,0,1,ムラキ,20,0,20,0,7477
7480,スズデン,2,0,0,1,スズデン,20,0,20,0,7480
7481,尾家産業,2,0,0,1,尾家産業,20,0,20,0,7481
7486,サンリン,2,0,0,1,サンリン,20,0,20,0,7486
7487,小津産業,2,0,0,1,小津産業,20,0,20,0,7487
7490,日新商事,2,2,0,1,日新商事,20,0,20,0,7490
7494,コナカ,2,0,0,1,コナカ,21,0,21,0,7494
7500,西川計測,2,0,0,1,西川計測,20,0,20,0,7500
7501,ティムコ,2,0,0,1,ティムコ,20,0,20,0,7501
7502,プラザホール,2,0,0,1,プラザホールディングス,33,0,33,0,7502
7505,扶桑電通,2,2,0,1,扶桑電通,20,0,20,0,7505
7506,ハウス　オブ,2,0,0,1,ハウス　オブ　ローゼ,21,0,21,0,7506
7509,アイエーグル,2,0,0,1,アイエーグループ,21,0,21,0,7509
7512,イオン北海道,2,2,0,1,イオン北海道,21,0,21,0,7512
7514,ヒマラヤ,2,0,0,1,ヒマラヤ,21,0,21,0,7514
7515,マルヨシセン,2,0,0,1,マルヨシセンター,21,0,21,0,7515
7521,ムサシ,2,0,0,1,ムサシ,20,0,20,0,7521
7523,アールビバン,2,0,0,1,アールビバン,21,0,21,0,7523
7524,マルシェ,2,0,0,1,マルシェ,21,0,21,0,7524
7527,システムソフ,2,0,0,1,システムソフト,31,0,31,0,7527
7531,清和中央ホー,2,0,0,1,清和中央ホールディングス,20,0,20,0,7531
7538,大水,2,0,0,1,大水,20,0,20,0,7538
7539,アイナボホー,2,0,0,1,アイナボホールディングス,20,0,20,0,7539
7544,スリーエフ,2,2,0,1,スリーエフ,21,0,21,0,7544
7551,ウェッズ,2,0,0,1,ウェッズ,17,0,17,0,7551
7555,大田花き,2,2,0,1,大田花き,20,0,20,0,7555
7561,ハークスレイ,2,0,0,1,ハークスレイ,21,0,21,0,7561
7562,安楽亭,2,0,0,1,安楽亭,21,0,21,0,7562
7564,ワークマン,2,0,0,1,ワークマン,21,0,21,1,7564
7565,萬世電機,2,2,0,1,萬世電機,20,0,20,0,7565
7567,栄電子,2,2,0,1,栄電子,20,0,20,0,7567
7570,橋本総業ホー,2,0,0,1,橋本総業ホールディングス,20,0,20,0,7570
7571,ヤマノホール,2,0,0,1,ヤマノホールディングス,21,0,21,0,7571
7578,ニチリョク,2,0,0,1,ニチリョク,21,0,21,0,7578
7585,かんなん丸,2,0,0,1,かんなん丸,21,0,21,0,7585
7590,タカショー,2,0,0,1,タカショー,20,0,20,0,7590
7601,ポプラ,2,0,0,1,ポプラ,21,0,21,0,7601
7602,レダックス,2,0,0,1,レダックス,20,0,20,0,7602
7603,マックハウス,2,0,0,1,マックハウス,21,0,21,0,7603
7604,梅の花グルー,2,0,0,1,梅の花グループ,21,0,21,0,7604
7608,エスケイジャ,2,0,0,1,エスケイジャパン,20,0,20,0,7608
7610,テイツー,2,0,0,1,テイツー,21,0,21,0,7610
7614,オーエムツー,2,0,0,1,オーエムツーネットワーク,21,0,21,0,7614
7615,京都きもの友,2,0,0,1,京都きもの友禅ホールディングス,21,0,21,0,7615
7619,田中商事,2,2,0,1,田中商事,20,0,20,0,7619
7621,うかい,2,2,0,1,うかい,21,0,21,0,7621
7623,サンオータス,2,0,0,1,サンオータス,21,0,21,0,7623
7624,ＮａＩＴＯ,2,0,0,1,ＮａＩＴＯ,20,0,20,0,7624
7625,グローバルダ,2,0,0,1,グローバルダイニング,21,0,21,0,7625
7634,星医療酸器,2,0,0,1,星医療酸器,20,0,20,0,7634
7635,杉田エース,2,0,0,1,杉田エース,20,0,20,0,7635
7636,ハンズマン,2,0,0,1,ハンズマン,21,0,21,0,7636
7638,ＮＥＷ　ＡＲ,2,0,0,1,ＮＥＷ　ＡＲＴ　ＨＯＬＤＩＮＧＳ,21,0,21,0,7638
7640,トップカルチ,2,0,0,1,トップカルチャー,21,0,21,0,7640
7643,ダイイチ,2,2,0,1,ダイイチ,21,0,21,0,7643
7646,ＰＬＡＮＴ,2,0,0,1,ＰＬＡＮＴ,21,0,21,0,7646
7647,音通,2,0,0,0,音通,36,1,36,0,7647
7670,オーウエル,2,0,0,1,オーウエル,20,0,20,0,7670
7673,ダイコー通産,2,0,0,1,ダイコー通産,20,0,20,0,7673
7677,ヤシマキザイ,2,0,0,1,ヤシマキザイ,20,0,20,0,7677
7678,あさくま,2,0,0,1,あさくま,21,0,21,0,7678
7681,レオクラン,2,0,0,1,レオクラン,20,0,20,0,7681
7682,浜木綿,2,0,0,1,浜木綿,21,0,21,0,7682
7686,ひとまいる,2,0,0,1,ひとまいる,21,0,21,0,7686
7692,アースインフ,2,0,0,1,アースインフィニティ,21,0,21,0,7692
7698,アイスコ,2,0,0,1,アイスコ,20,0,20,0,7698
7702,ＪＭＳ,2,0,0,1,ＪＭＳ,19,0,19,0,7702
7705,ジーエルサイ,2,0,0,0,ジーエルサイエンス,19,1,19,0,7705
7709,クボテック,2,0,0,1,クボテック,19,0,19,0,7709
7711,助川電気工業,2,0,0,1,助川電気工業,19,0,19,0,7711
7713,シグマ光機,2,2,0,1,シグマ光機,19,0,19,0,7713
7716,ナカニシ,2,0,0,1,ナカニシ,19,0,19,0,7716
7719,東京衡機,2,2,0,1,東京衡機,19,0,19,0,7719
7722,国際計測器,2,0,0,1,国際計測器,19,0,19,0,7722
7726,黒田精工,2,0,0,1,黒田精工,15,0,15,0,7726
7727,オーバル,2,0,0,1,オーバル,19,0,19,0,7727
7743,シード,2,1,0,1,シード,19,0,19,0,7743
7746,岡本硝子,2,2,0,1,岡本硝子,19,0,19,0,7746
7749,メディキット,2,0,0,1,メディキット,19,0,19,0,7749
7760,ＩＭＶ,2,0,0,1,ＩＭＶ,19,0,19,0,7760
7771,日本精密,2,2,0,1,日本精密,19,0,19,0,7771
7775,大研医器,2,0,0,1,大研医器,19,0,19,0,7775
7781,平山ホールデ,2,0,0,1,平山ホールディングス,19,0,19,0,7781
7782,シンシア,2,0,0,1,シンシア,19,0,19,0,7782
7791,ドリームベッ,2,0,0,1,ドリームベッド,18,0,18,0,7791
7795,ＫＹＯＲＩＴ,2,0,0,1,ＫＹＯＲＩＴＳＵ,18,0,18,0,7795
7800,アミファ,2,0,0,1,アミファ,18,0,18,0,7800
7804,ビーアンドピ,2,0,0,1,ビーアンドピー,18,0,18,0,7804
7805,プリントネッ,2,0,0,1,プリントネット,18,0,18,0,7805
7807,幸和製作所,2,0,0,1,幸和製作所,18,0,18,0,7807
7808,シー・エス・,2,0,0,1,シー・エス・ランバー,18,0,18,0,7808
7809,壽屋,2,2,0,1,壽屋,18,0,18,0,7809
7810,クロスフォー,2,0,0,1,クロスフォー,18,0,18,0,7810
7811,中本パックス,2,0,0,1,中本パックス,18,0,18,0,7811
7812,クレステック,2,0,0,1,クレステック,18,0,18,0,7812
7813,プラッツ,2,0,0,1,プラッツ,18,0,18,0,7813
7814,日本創発グル,2,0,0,1,日本創発グループ,18,0,18,0,7814
7815,東京ボード工,2,0,0,1,東京ボード工業,18,0,18,0,7815
7819,粧美堂,2,2,0,1,粧美堂,18,0,18,0,7819
7822,永大産業,2,0,0,1,永大産業,18,0,18,0,7822
7823,アートネイチ,2,0,0,1,アートネイチャー,18,0,18,0,7823
7827,オービス,2,0,0,1,オービス,18,0,18,0,7827
7831,ウイルコホー,2,0,0,1,ウイルコホールディングス,18,0,18,0,7831
7833,アイフィスジ,2,0,0,1,アイフィスジャパン,18,0,18,0,7833
7836,アビックス,2,0,0,1,アビックス,18,0,18,0,7836
7837,アールシーコ,2,0,0,1,アールシーコア,18,0,18,0,7837
7841,遠藤製作所,2,0,0,1,遠藤製作所,18,0,18,0,7841
7847,グラファイト,2,0,0,1,グラファイトデザイン,18,0,18,0,7847
7849,スターツ出版,2,2,0,1,スターツ出版,31,0,31,0,7849
7850,総合商研,2,2,0,1,総合商研,18,0,18,0,7850
7851,カワセコンピ,2,0,0,1,カワセコンピュータサプライ,18,0,18,0,7851
7857,セキ,2,0,0,1,セキ,18,0,18,0,7857
7859,アルメディオ,2,0,0,1,アルメディオ,18,0,18,0,7859
7863,平賀,2,0,0,1,平賀,18,0,18,0,7863
7865,ピープル,2,0,0,1,ピープル,18,0,18,0,7865
7871,フクビ化学工,2,0,0,1,フクビ化学工業,7,0,7,0,7871
7872,エステールホ,2,0,0,1,エステールホールディングス,18,0,18,0,7872
7875,竹田ｉＰホー,2,0,0,1,竹田ｉＰホールディングス,18,0,18,0,7875
7877,永大化工,2,0,0,1,永大化工,7,0,7,0,7877
7878,光・彩,2,0,0,1,光・彩,18,0,18,0,7878
7879,ノダ,2,0,0,1,ノダ,18,0,18,0,7879
7883,サンメッセ,2,0,0,1,サンメッセ,18,0,18,0,7883
7885,タカノ,2,2,0,1,タカノ,18,0,18,0,7885
7886,ヤマト　モビ,2,0,0,1,ヤマト　モビリティ　＆　Ｍｆｇ．,7,0,7,0,7886
7887,南海プライウ,2,0,0,1,南海プライウッド,18,0,18,0,7887
7896,セブン工業,2,0,0,1,セブン工業,18,0,18,0,7896
7897,ホクシン,2,0,0,1,ホクシン,18,0,18,0,7897
7898,ウッドワン,2,0,0,1,ウッドワン,18,0,18,0,7898
7901,マツモト,2,2,0,1,マツモト,18,0,18,0,7901
7902,ソノコム,2,0,0,1,ソノコム,18,0,18,0,7902
7906,ヨネックス,2,0,0,1,ヨネックス,18,0,18,0,7906
7908,きもと,2,0,0,1,きもと,7,0,7,0,7908
7916,光村印刷,2,0,0,1,光村印刷,18,0,18,0,7916
7918,ヴィア・ホー,2,0,0,1,ヴィア・ホールディングス,21,0,21,0,7918
7919,野崎印刷紙業,2,0,0,1,野崎印刷紙業,18,0,18,0,7919
7922,三光産業,2,0,0,1,三光産業,18,0,18,0,7922
7923,トーイン,2,0,0,1,トーイン,18,0,18,0,7923
7927,ムトー精工,2,0,0,1,ムトー精工,7,0,7,0,7927
7928,旭化学工業,2,0,0,1,旭化学工業,7,0,7,0,7928
7932,ニッピ,2,2,0,1,ニッピ,18,0,18,0,7932
7937,ツツミ,2,2,0,1,ツツミ,18,0,18,0,7937
7938,リーガルコー,2,0,0,1,リーガルコーポレーション,18,0,18,0,7938
7939,研創,2,0,0,1,研創,18,0,18,0,7939
7940,ウェーブロッ,2,0,0,1,ウェーブロックホールディングス,7,0,7,0,7940
7946,光陽社,2,0,0,1,光陽社,18,0,18,0,7946
7953,菊水化学工業,2,0,0,1,菊水化学工業,18,0,18,0,7953
7957,フジコピアン,2,0,0,1,フジコピアン,18,0,18,0,7957
7963,興研,2,2,0,1,興研,18,0,18,0,7963
7971,東リ,2,0,0,1,東リ,7,0,7,0,7971
7975,リヒトラブ,2,2,0,1,リヒトラブ,18,0,18,0,7975
7980,重松製作所,2,0,0,1,重松製作所,18,0,18,0,7980
7983,ミロク,2,0,0,1,ミロク,18,0,18,0,7983
7985,ネポン,2,0,0,1,ネポン,13,0,13,0,7985
7986,日本アイ・エ,2,0,0,1,日本アイ・エス・ケイ,18,0,18,0,7986
7987,ナカバヤシ,2,0,0,1,ナカバヤシ,18,0,18,0,7987
7991,マミヤ・オー,2,0,0,1,マミヤ・オーピー,15,0,15,0,7991
7992,セーラー万年,2,0,0,1,セーラー万年筆,18,0,18,0,7992
7997,くろがね工作,2,0,0,1,くろがね工作所,18,0,18,0,7997
7999,ＭＵＴＯＨホ,2,0,0,1,ＭＵＴＯＨホールディングス,16,0,16,0,7999
8006,ユアサ・フナ,2,0,0,1,ユアサ・フナショク,20,0,20,0,8006
8013,ナイガイ,2,0,0,1,ナイガイ,5,0,5,0,8013
8018,三共生興,2,0,0,1,三共生興,20,0,20,0,8018
8023,ＤＡＩＫＯ　,2,0,0,1,ＤＡＩＫＯ　ＸＴＥＣＨ,31,0,31,0,8023
8025,ツカモトコー,2,0,0,1,ツカモトコーポレーション,20,0,20,0,8025
8029,ルックホール,2,0,0,1,ルックホールディングス,5,0,5,0,8029
8030,中央魚類,2,2,0,1,中央魚類,20,0,20,0,8030
8039,築地魚市場,2,0,0,1,築地魚市場,20,0,20,0,8039
8040,東京ソワール,2,0,0,1,東京ソワール,5,0,5,0,8040
8041,ＯＵＧホール,2,0,0,1,ＯＵＧホールディングス,20,0,20,0,8041
8045,横浜丸魚,2,2,0,1,横浜丸魚,20,0,20,0,8045
8046,丸藤シートパ,2,0,0,1,丸藤シートパイル,20,0,20,0,8046
8066,三谷商事,2,2,0,1,三谷商事,20,0,20,0,8066
8076,カノークス,2,0,0,1,カノークス,20,0,20,0,8076
8077,トルク,2,0,0,1,トルク,20,0,20,0,8077
8085,ナラサキ産業,2,0,0,1,ナラサキ産業,20,0,20,0,8085
8089,ナイス,2,0,0,1,ナイス,20,0,20,0,8089
8104,クワザワホー,2,0,0,1,クワザワホールディングス,20,0,20,0,8104
8105,堀田丸正,2,0,0,1,堀田丸正,20,0,20,0,8105
8107,キムラタン,2,0,0,1,キムラタン,5,0,5,0,8107
8115,ムーンバット,2,2,0,1,ムーンバット,20,0,20,0,8115
8117,中央自動車工,2,0,0,1,中央自動車工業,20,0,20,0,8117
8118,キング,2,0,0,1,キング,5,0,5,0,8118
8119,三栄コーポレ,2,0,0,1,三栄コーポレーション,20,0,20,0,8119
8123,川辺,2,0,0,1,川辺,20,0,20,0,8123
8127,ヤマトインタ,2,0,0,1,ヤマトインターナショナル,5,0,5,0,8127
8131,ミツウロコグ,2,0,0,1,ミツウロコグループホールディングス,20,0,20,0,8131
8135,ゼット,2,0,0,1,ゼット,20,0,20,0,8135
8138,三京化成,2,0,0,1,三京化成,20,0,20,0,8138
8139,ナガホリ,2,0,0,1,ナガホリ,20,0,20,0,8139
8143,ラピーヌ,2,2,0,1,ラピーヌ,5,0,5,0,8143
8144,デンキョーグ,2,0,0,1,デンキョーグループホールディングス,20,0,20,0,8144
8147,トミタ,2,0,0,1,トミタ,20,0,20,0,8147
8152,ソマール,2,0,0,1,ソマール,20,0,20,0,8152
8165,千趣会,2,5,0,1,千趣会,21,0,21,0,8165
8166,タカキュー,2,0,0,1,タカキュー,21,0,21,0,8166
8181,東天紅,2,2,0,1,東天紅,21,0,21,0,8181
8198,マックスバリ,2,0,0,1,マックスバリュ東海,21,0,21,0,8198
8202,ラオックスホ,2,0,0,1,ラオックスホールディングス,21,0,21,0,8202
8207,テンアライド,2,2,0,1,テンアライド,21,0,21,0,8207
8208,エンチョー,2,0,0,1,エンチョー,21,0,21,0,8208
8209,フレンドリー,2,0,0,1,フレンドリー,21,0,21,0,8209
8225,タカチホ,2,0,0,1,タカチホ,20,0,20,0,8225
8226,理経,2,2,0,1,理経,20,0,20,0,8226
8230,はせがわ,2,2,0,1,はせがわ,21,0,21,0,8230
8244,近鉄百貨店,2,2,0,1,近鉄百貨店,21,0,21,0,8244
8247,大和,2,2,0,1,大和,21,0,21,0,8247
8254,さいか屋,2,2,0,1,さいか屋,21,0,21,0,8254
8260,井筒屋,2,2,0,1,井筒屋,21,0,21,0,8260
8275,フォーバル,2,0,0,1,フォーバル,20,0,20,0,8275
8285,三谷産業,2,0,0,1,三谷産業,20,0,20,0,8285
8289,Ｏｌｙｍｐｉ,2,0,0,1,Ｏｌｙｍｐｉｃグループ,21,0,21,0,8289
8291,日産東京販売,2,0,0,1,日産東京販売ホールディングス,21,0,21,0,8291
8349,東北銀行,2,2,0,1,東北銀行,22,0,22,0,8349
8365,富山銀行,2,2,0,1,富山銀行,22,0,22,0,8365
8383,鳥取銀行,2,2,0,1,鳥取銀行,22,0,22,0,8383
8416,高知銀行,2,2,0,1,高知銀行,22,0,22,0,8416
8462,フューチャー,2,0,0,0,フューチャーベンチャーキャピタル,25,1,25,0,8462
8508,Ｊトラスト,2,2,0,1,Ｊトラスト,23,0,23,0,8508
8518,日本アジア投,2,0,0,1,日本アジア投資,24,0,24,0,8518
8537,大光銀行,2,2,0,1,大光銀行,22,0,22,0,8537
8542,トマト銀行,2,2,0,1,トマト銀行,22,0,22,0,8542
8562,福島銀行,2,2,0,1,福島銀行,22,0,22,0,8562
8563,大東銀行,2,2,0,1,大東銀行,22,0,22,0,8563
8572,アコム,2,0,0,1,アコム,23,0,23,1,8572
8596,九州リースサ,2,0,0,1,九州リースサービス,23,0,23,0,8596
8617,光世証券,2,0,0,1,光世証券,24,0,24,0,8617
8699,ＨＳホールデ,2,0,0,1,ＨＳホールディングス,24,0,24,0,8699
8700,丸八証券,2,0,0,1,丸八証券,24,0,24,0,8700
8704,トレイダーズ,2,0,0,1,トレイダーズホールディングス,24,0,24,0,8704
8705,日産証券グル,2,0,0,1,日産証券グループ,24,0,24,0,8705
8732,マネーパート,2,0,0,0,マネーパートナーズグループ,24,0,24,0,8732
8737,あかつき本社,2,0,0,1,あかつき本社,24,0,24,0,8737
8742,小林洋行,2,2,0,1,小林洋行,24,0,24,0,8742
8746,ｕｎｂａｎｋ,2,0,0,1,ｕｎｂａｎｋｅｄ,24,0,24,0,8746
8747,豊トラスティ,2,0,0,1,豊トラスティ証券,24,0,24,0,8747
8769,アドバンテッ,2,0,0,1,アドバンテッジリスクマネジメント,33,0,33,0,8769
8772,アサックス,2,0,0,1,アサックス,23,0,23,0,8772
8783,ＧＦＡ,2,0,0,1,ＧＦＡ,23,0,23,0,8783
8789,フィンテック,2,0,0,1,フィンテック　グローバル,23,0,23,0,8789
8835,太平洋興発,2,0,0,1,太平洋興発,20,0,20,0,8835
8836,ＲＩＳＥ,2,0,0,1,ＲＩＳＥ,26,0,26,0,8836
8841,テーオーシー,2,0,0,1,テーオーシー,26,0,26,0,8841
8844,コスモスイニ,2,0,0,1,コスモスイニシア,26,0,26,0,8844
8854,日住サービス,2,0,0,0,日住サービス,27,1,27,0,8854
8864,空港施設,2,0,0,1,空港施設,26,0,26,0,8864
8869,明和地所,2,0,0,1,明和地所,26,0,26,0,8869
8871,ゴールドクレ,2,0,0,1,ゴールドクレスト,26,0,26,0,8871
8886,ウッドフレン,2,0,0,1,ウッドフレンズ,26,0,26,0,8886
8887,シーラホール,2,0,0,1,シーラホールディングス,26,0,26,0,8887
8889,ＡＰＡＭＡＮ,2,0,0,0,ＡＰＡＭＡＮ,27,1,27,0,8889
8890,レーサム,2,0,0,1,レーサム,26,0,26,0,8890
8891,ＡＭＧホール,2,0,0,1,ＡＭＧホールディングス,26,0,26,0,8891
8893,新日本建物,2,0,0,0,新日本建物,27,1,27,0,8893
8894,ＲＥＶＯＬＵ,2,0,0,1,ＲＥＶＯＬＵＴＩＯＮ,26,0,26,0,8894
8898,センチュリー,2,0,0,1,センチュリー２１・ジャパン,26,0,26,0,8898
8903,サンウッド,2,0,0,0,サンウッド,27,1,27,0,8903
8904,ＡＶＡＮＴＩ,2,0,0,1,ＡＶＡＮＴＩＡ,26,0,26,0,8904
8908,毎日コムネッ,2,0,0,1,毎日コムネット,26,0,26,0,8908
8912,エリアクエス,2,0,0,1,エリアクエスト,26,0,26,0,8912
8914,エリアリンク,2,0,0,1,エリアリンク,26,0,26,0,8914
8917,ファースト住,2,0,0,1,ファースト住建,26,0,26,0,8917
8918,ランド,2,2,0,1,ランド,26,0,26,0,8918
8920,東祥,2,0,0,1,東祥,33,0,33,0,8920
8927,明豊エンター,2,0,0,1,明豊エンタープライズ,26,0,26,0,8927
8928,穴吹興産,2,0,0,1,穴吹興産,26,0,26,0,8928
8929,青山財産ネッ,2,0,0,1,青山財産ネットワークス,26,0,26,0,8929
8931,和田興産,2,0,0,1,和田興産,26,0,26,0,8931
8940,インテリック,2,0,0,1,インテリックス,26,0,26,0,8940
8944,ランドビジネ,2,0,0,1,ランドビジネス,26,0,26,0,8944
8945,サンネクスタ,2,0,0,1,サンネクスタグループ,26,0,26,0,8945
8946,ＡＳＩＡＮ　,2,0,0,1,ＡＳＩＡＮ　ＳＴＡＲ,26,0,26,0,8946
8995,誠建設工業,2,0,0,1,誠建設工業,26,0,26,0,8995
8996,ハウスフリー,2,0,0,1,ハウスフリーダム,26,0,26,0,8996
9012,秩父鉄道,2,0,0,1,秩父鉄道,27,0,27,0,9012
9017,新潟交通,2,2,0,1,新潟交通,27,0,27,0,9017
9028,ゼロ,2,0,0,1,ゼロ,27,0,27,0,9028
9029,ヒガシホール,2,0,0,1,ヒガシホールディングス,27,0,27,0,9029
9033,広島電鉄,2,2,0,1,広島電鉄,27,0,27,0,9033
9034,南総通運,2,0,0,1,南総通運,27,0,27,0,9034
9036,東部ネットワ,2,0,0,1,東部ネットワーク,27,0,27,0,9036
9049,京福電気鉄道,2,2,0,1,京福電気鉄道,27,0,27,0,9049
9051,センコン物流,2,2,0,1,センコン物流,27,0,27,0,9051
9057,遠州トラック,2,0,0,1,遠州トラック,27,0,27,0,9057
9059,カンダホール,2,0,0,1,カンダホールディングス,27,0,27,0,9059
9060,日本ロジテム,2,0,0,1,日本ロジテム,27,0,27,0,9060
9063,岡山県貨物運,2,0,0,1,岡山県貨物運送,27,0,27,0,9063
9067,丸運,2,2,0,1,丸運,27,0,27,0,9067
9073,京極運輸商事,2,2,0,1,京極運輸商事,27,0,27,0,9073
9074,日本石油輸送,2,2,0,1,日本石油輸送,27,0,27,0,9074
9078,エスライング,2,0,0,0,エスライングループ本社,29,1,29,0,9078
9082,大和自動車交,2,0,0,1,大和自動車交通,27,0,27,0,9082
9083,神姫バス,2,0,0,1,神姫バス,27,0,27,0,9083
9087,タカセ,2,0,0,1,タカセ,27,0,27,0,9087
9115,明海グループ,2,2,0,1,明海グループ,28,0,28,0,9115
9127,玉井商船,2,0,0,1,玉井商船,28,0,28,0,9127
9130,共栄タンカー,2,0,0,1,共栄タンカー,28,0,28,0,9130
9145,ビーイングホ,2,0,0,1,ビーイングホールディングス,27,0,27,0,9145
9160,ノバレーゼ,2,0,0,1,ノバレーゼ,33,0,33,0,9160
9171,栗林商船,2,0,0,1,栗林商船,28,0,28,0,9171
9173,東海汽船,2,0,0,1,東海汽船,28,0,28,0,9173
9193,東京汽船,2,0,0,1,東京汽船,30,0,30,0,9193
9206,スターフライ,2,0,0,1,スターフライヤー,29,0,29,0,9206
9213,セイファート,2,2,0,1,セイファート,33,0,33,0,9213
9220,エフビー介護,2,0,0,1,エフビー介護サービス,33,0,33,0,9220
9221,フルハシＥＰ,2,0,0,1,フルハシＥＰＯ,33,0,33,0,9221
9233,アジア航測,2,0,0,1,アジア航測,29,0,29,0,9233
9248,人・夢・技術,2,0,0,1,人・夢・技術グループ,33,0,33,0,9248
9249,日本エコシス,2,0,0,1,日本エコシステム,33,0,33,0,9249
9262,シルバーライ,2,0,0,1,シルバーライフ,21,0,21,0,9262
9264,ポエック,2,0,0,1,ポエック,20,0,20,0,9264
9265,ヤマシタヘル,2,0,0,1,ヤマシタヘルスケアホールディングス,20,0,20,0,9265
9268,オプティマス,2,0,0,1,オプティマスグループ,20,0,20,0,9268
9275,ナルミヤ・イ,2,0,0,1,ナルミヤ・インターナショナル,21,0,21,0,9275
9306,東陽倉庫,2,0,0,1,東陽倉庫,30,0,30,0,9306
9307,杉村倉庫,2,0,0,1,杉村倉庫,30,0,30,0,9307
9308,乾汽船,2,0,0,1,乾汽船,28,0,28,0,9308
9311,アサガミ,2,2,0,1,アサガミ,30,0,30,0,9311
9312,ケイヒン,2,0,0,1,ケイヒン,30,0,30,0,9312
9313,丸八倉庫,2,0,0,1,丸八倉庫,30,0,30,0,9313
9322,川西倉庫,2,0,0,1,川西倉庫,30,0,30,0,9322
9325,ファイズホー,2,0,0,1,ファイズホールディングス,30,0,30,0,9325
9327,イー・ロジッ,2,0,0,1,イー・ロジット,30,0,30,0,9327
9339,コーチ・エィ,2,0,0,1,コーチ・エィ,33,0,33,0,9339
9340,アソインター,2,0,0,1,アソインターナショナル,33,0,33,0,9340
9351,東洋埠頭,2,0,0,1,東洋埠頭,30,0,30,0,9351
9353,櫻島埠頭,2,0,0,1,櫻島埠頭,30,0,30,0,9353
9355,リンコーコー,2,0,0,1,リンコーコーポレーション,30,0,30,0,9355
9360,鈴与シンワー,2,0,0,1,鈴与シンワート,31,0,31,0,9360
9361,伏木海陸運送,2,2,0,1,伏木海陸運送,30,0,30,0,9361
9362,兵機海運,2,2,0,1,兵機海運,30,0,30,0,9362
9363,大運,2,2,0,1,大運,30,0,30,0,9363
9365,トレーディア,2,0,0,1,トレーディア,30,0,30,0,9365
9366,サンリツ,2,2,0,1,サンリツ,30,0,30,0,9366
9367,大東港運,2,2,0,1,大東港運,30,0,30,0,9367
9368,キムラユニテ,2,0,0,1,キムラユニティー,30,0,30,0,9368
9369,キユーソー流,2,0,0,1,キユーソー流通システム,30,0,30,0,9369
9376,ユーラシア旅,2,0,0,1,ユーラシア旅行社,33,0,33,0,9376
9377,エージーピー,2,0,0,1,エージーピー,30,0,30,0,9377
9380,東海運,2,2,0,1,東海運,30,0,30,0,9380
9385,ショーエイコ,2,0,0,1,ショーエイコーポレーション,7,0,7,0,9385
9399,ビート・ホー,2,0,0,1,ビート・ホールディングス・リミテッド,31,0,31,0,9399
9408,ＢＳＮメディ,2,0,0,1,ＢＳＮメディアホールディングス,31,0,31,0,9408
9414,日本ＢＳ放送,2,2,0,1,日本ＢＳ放送,31,0,31,0,9414
9417,スマートバリ,2,0,0,1,スマートバリュー,31,0,31,0,9417
9419,ワイヤレスゲ,2,0,0,1,ワイヤレスゲート,31,0,31,0,9419
9421,エヌジェイホ,2,0,0,1,エヌジェイホールディングス,31,0,31,0,9421
9423,フォーバル・,2,0,0,1,フォーバル・リアルストレート,31,0,31,0,9423
9425,ＲｅＹｕｕ　,2,0,0,1,ＲｅＹｕｕ　Ｊａｐａｎ,31,0,31,0,9425
9428,クロップス,2,0,0,1,クロップス,31,0,31,0,9428
9436,沖縄セルラー,2,0,0,1,沖縄セルラー電話,31,0,31,0,9436
9439,エム・エイチ,2,0,0,1,エム・エイチ・グループ,33,0,33,0,9439
9441,ベルパーク,2,0,0,1,ベルパーク,31,0,31,0,9441
9444,トーシンホー,2,0,0,1,トーシンホールディングス,31,0,31,0,9444
9445,フォーバルテ,2,1,0,1,フォーバルテレコム,31,0,31,0,9445
9446,サカイホール,2,0,0,1,サカイホールディングス,31,0,31,0,9446
9450,ファイバーゲ,2,0,0,1,ファイバーゲート,31,0,31,0,9450
9466,アイドママー,2,0,0,1,アイドママーケティングコミュニケーション,31,0,31,0,9466
9475,昭文社ホール,2,0,0,1,昭文社ホールディングス,31,0,31,0,9475
9476,中央経済社ホ,2,0,0,1,中央経済社ホールディングス,31,0,31,0,9476
9478,ＳＥホールデ,2,0,0,0,ＳＥホールディングス・アンド・インキュベーションズ,31,0,31,0,9478
9479,インプレスホ,2,0,0,1,インプレスホールディングス,31,0,31,0,9479
9514,エフオン,2,0,0,1,エフオン,32,0,32,0,9514
9537,北陸瓦斯,2,0,0,1,北陸瓦斯,32,0,32,0,9537
9539,京葉瓦斯,2,0,0,1,京葉瓦斯,32,0,32,0,9539
9564,ＦＣＥ,2,0,0,1,ＦＣＥ,33,0,33,0,9564
9610,ウィルソン・,2,0,0,1,ウィルソン・ラーニング　ワールドワイド,33,0,33,0,9610
9625,セレスポ,2,2,0,1,セレスポ,33,0,33,0,9625
9632,スバル興業,2,0,0,1,スバル興業,33,0,33,0,9632
9633,東京テアトル,2,0,0,1,東京テアトル,33,0,33,0,9633
9635,武蔵野興業,2,0,0,1,武蔵野興業,33,0,33,0,9635
9636,きんえい,2,0,0,1,きんえい,33,0,33,0,9636
9639,三協フロンテ,2,0,0,1,三協フロンテア,33,0,33,0,9639
9640,セゾンテクノ,2,0,0,1,セゾンテクノロジー,31,0,31,0,9640
9647,協和コンサル,2,0,0,1,協和コンサルタンツ,33,0,33,0,9647
9651,日本プロセス,2,0,0,1,日本プロセス,31,0,31,0,9651
9656,グリーンラン,2,0,0,1,グリーンランドリゾート,33,0,33,0,9656
9661,歌舞伎座,2,0,0,1,歌舞伎座,33,0,33,0,9661
9675,常磐興産,2,0,0,1,常磐興産,33,0,33,0,9675
9679,ホウライ,2,0,0,1,ホウライ,33,0,33,0,9679
9685,ＫＹＣＯＭホ,2,0,0,1,ＫＹＣＯＭホールディングス,31,0,31,0,9685
9686,東洋テック,2,0,0,1,東洋テック,33,0,33,0,9686
9687,ＫＳＫ,2,0,0,1,ＫＳＫ,31,0,31,0,9687
9691,両毛システム,2,0,0,1,両毛システムズ,31,0,31,0,9691
9696,ウィザス,2,0,0,1,ウィザス,33,0,33,0,9696
9698,クレオ,2,0,0,1,クレオ,31,0,31,0,9698
9701,東京會舘,2,0,0,1,東京會舘,33,0,33,0,9701
9704,アゴーラ　ホ,2,0,0,1,アゴーラ　ホスピタリティー　グループ,33,0,33,0,9704
9708,帝国ホテル,2,0,0,1,帝国ホテル,33,0,33,0,9708
9709,ＮＣＳ＆Ａ,2,0,0,1,ＮＣＳ＆Ａ,31,0,31,0,9709
9713,ロイヤルホテ,2,0,0,1,ロイヤルホテル,33,0,33,0,9713
9720,ホテル、ニュ,2,0,0,1,ホテル、ニューグランド,33,0,33,0,9720
9723,京都ホテル,2,0,0,1,京都ホテル,33,0,33,0,9723
9726,ＫＮＴ－ＣＴ,2,0,0,1,ＫＮＴ－ＣＴホールディングス,33,0,33,0,9726
9731,白洋舎,2,0,0,1,白洋舎,33,0,33,0,9731
9733,ナガセ,2,0,0,1,ナガセ,33,0,33,0,9733
9753,アイエックス,2,0,0,1,アイエックス・ナレッジ,31,0,31,0,9753
9760,進学会ホール,2,0,0,1,進学会ホールディングス,33,0,33,0,9760
9761,東海リース,2,0,0,1,東海リース,33,0,33,0,9761
9763,丸紅建材リー,2,0,0,1,丸紅建材リース,20,0,20,0,9763
9767,日建工学,2,0,0,1,日建工学,33,0,33,0,9767
9768,いであ,2,2,0,1,いであ,33,0,33,0,9768
9776,札幌臨床検査,2,0,0,1,札幌臨床検査センター,33,0,33,0,9776
9778,昴,2,0,0,1,昴,33,0,33,0,9778
9780,ハリマビステ,2,0,0,1,ハリマビステム,33,0,33,0,9780
9782,ディーエムエ,2,0,0,1,ディーエムエス,33,0,33,0,9782
9791,ビケンテクノ,2,2,0,1,ビケンテクノ,33,0,33,0,9791
9799,旭情報サービ,2,0,0,1,旭情報サービス,31,0,31,0,9799
9812,テーオーホー,2,0,0,1,テーオーホールディングス,20,0,20,0,9812
9816,ストライダー,2,0,0,1,ストライダーズ,26,0,26,0,9816
9818,大丸エナウィ,2,0,0,1,大丸エナウィン,20,0,20,0,9818
9820,エムティジェ,2,0,0,1,エムティジェネックス,26,0,26,0,9820
9823,マミーマート,2,2,0,1,マミーマート,21,0,21,0,9823
9827,リリカラ,2,0,0,1,リリカラ,20,0,20,0,9827
9828,Ｇｅｎｋｉ　,2,0,0,0,Ｇｅｎｋｉ　Ｇｌｏｂａｌ　Ｄｉｎｉｎｇ　Ｃｏｎｃｅｐｔ,21,0,21,0,9828
9835,ジュンテンド,2,0,0,1,ジュンテンドー,21,0,21,0,9835
9845,パーカーコー,2,0,0,1,パーカーコーポレーション,7,0,7,0,9845
9846,天満屋ストア,2,0,0,1,天満屋ストア,21,0,21,0,9846
9849,共同紙販ホー,2,0,0,1,共同紙販ホールディングス,20,0,20,0,9849
9853,銀座ルノアー,2,0,0,1,銀座ルノアール,21,0,21,0,9853
9854,愛眼,2,0,0,1,愛眼,21,0,21,0,9854
9856,ケーユーホー,2,0,0,1,ケーユーホールディングス,21,0,21,0,9856
9857,英和,2,2,0,1,英和,20,0,20,0,9857
9867,ソレキア,2,0,0,1,ソレキア,20,0,20,0,9867
9872,北恵,2,0,0,1,北恵,20,0,20,0,9872
9873,日本ＫＦＣホ,2,0,0,0,日本ＫＦＣホールディングス,22,1,22,0,9873
9876,コックス,2,0,0,1,コックス,21,0,21,0,9876
9878,セキド,2,2,0,1,セキド,21,0,21,0,9878
9885,シャルレ,2,0,0,1,シャルレ,20,0,20,0,9885
9888,ＵＥＸ,2,0,0,1,ＵＥＸ,20,0,20,0,9888
9890,マキヤ,2,0,0,1,マキヤ,21,0,21,0,9890
9895,コンセック,2,0,0,1,コンセック,20,0,20,0,9895
9896,ＪＫホールデ,2,0,0,1,ＪＫホールディングス,20,0,20,0,9896
9903,カンセキ,2,0,0,1,カンセキ,21,0,21,0,9903
9904,ベリテ,2,2,0,1,ベリテ,21,0,21,0,9904
9906,藤井産業,2,0,0,1,藤井産業,20,0,20,0,9906
9908,日本電計,2,2,0,1,日本電計,20,0,20,0,9908
9913,日邦産業,2,0,0,1,日邦産業,20,0,20,0,9913
9914,植松商会,2,2,0,1,植松商会,20,0,20,0,9914
9927,ワットマン,2,0,0,1,ワットマン,21,0,21,0,9927
9929,平和紙業,2,0,0,1,平和紙業,20,0,20,0,9929
9930,北沢産業,2,0,0,1,北沢産業,20,0,20,0,9930
9941,太洋物産,2,0,0,1,太洋物産,20,0,20,0,9941
9950,ハチバン,2,0,0,1,ハチバン,21,0,21,0,9950
9955,ヨンキュウ,2,0,0,1,ヨンキュウ,20,0,20,0,9955
9959,アシードホー,2,0,0,1,アシードホールディングス,21,0,21,0,9959
9969,ショクブン,2,0,0,1,ショクブン,21,0,21,0,9969
9972,アルテック,2,0,0,1,アルテック,20,0,20,0,9972
9973,ＫＯＺＯホー,2,0,0,1,ＫＯＺＯホールディングス,21,0,21,0,9973
9976,セキチュー,2,0,0,1,セキチュー,21,0,21,0,9976
9978,文教堂グルー,2,0,0,1,文教堂グループホールディングス,21,0,21,0,9978
9979,大庄,2,2,0,1,大庄,21,0,21,0,9979
9980,ＭＲＫホール,2,0,0,1,ＭＲＫホールディングス,21,0,21,0,9980
9982,タキヒヨー,2,0,0,1,タキヒヨー,20,0,20,0,9982
9986,蔵王産業,2,0,0,1,蔵王産業,20,0,20,0,9986
9993,ヤマザワ,2,0,0,1,ヤマザワ,21,0,21,0,9993
9994,やまや,2,2,0,1,やまや,21,0,21,0,9994
9996,サトー商会,2,2,0,1,サトー商会,20,0,20,0,9996
10011,アズパートナ,2,0,0,1,アズパートナーズ,33,0,33,0,160A
10041,カドス・コー,2,0,0,1,カドス・コーポレーション,3,0,3,0,211A
10044,構造計画研究,2,0,0,1,構造計画研究所ホールディングス,31,0,31,0,208A
10053,タウンズ,2,0,0,1,タウンズ,8,0,8,0,197A
10070,コロンビア・,2,0,0,1,コロンビア・ワークス,26,0,26,0,146A
10084,Ｆａｂｅｒ　,2,0,0,0,Ｆａｂｅｒ　Ｃｏｍｐａｎｙ,31,0,31,0,220A
10102,ガーデン,2,0,0,1,ガーデン,21,0,21,0,274A
10115,日水コン,2,0,0,1,日水コン,33,0,33,0,261A
10118,シマダヤ,2,0,0,1,シマダヤ,4,0,4,0,250A
10119,ＥＴＳグルー,2,0,0,1,ＥＴＳグループ,3,0,3,0,253A
10120,ＡＩフュージ,2,0,0,1,ＡＩフュージョンキャピタルグループ,24,0,24,0,254A
10121,ジーエルテク,2,0,0,1,ジーエルテクノホールディングス,19,0,19,0,255A
10146,アルピコホー,2,0,0,1,アルピコホールディングス,21,0,21,0,297A
10147,ＭＩＣ,2,0,0,1,ＭＩＣ,33,0,33,0,300A
10154,黒田グループ,2,2,0,1,黒田グループ,20,0,20,0,287A
10177,メディックス,2,0,0,1,メディックス,33,0,33,0,331A
10189,ギミック,2,0,0,1,ギミック,0,0,0,0,475A
10190,辻・本郷ＩＴ,2,0,0,1,辻・本郷ＩＴコンサルティング,0,0,0,0,476A
10196,みのや,2,0,0,1,みのや,21,0,21,0,386A
10198,レント,2,0,0,1,レント,33,0,33,0,372A
10202,プリモグロー,2,0,0,1,プリモグローバルホールディングス,21,0,21,0,367A
10217,ライオン事務,2,0,0,1,ライオン事務器,0,0,0,0,423A
10220,サイプレス・,2,0,0,1,サイプレス・ホールディングス,0,0,0,0,428A
10227,富士ユナイト,2,0,0,1,富士ユナイトホールディングス,0,0,0,0,416A
10232,テラテクノロ,2,0,0,1,テラテクノロジー,0,0,0,0,483A
10238,インテリック,2,0,0,1,インテリックスホールディングス,0,0,0,0,463A
10243,ＵＮＩＣＯＮ,2,0,0,1,ＵＮＩＣＯＮホールディングス,0,0,0,0,407A
10249,伊澤タオル,2,0,0,1,伊澤タオル,0,0,0,0,365A
10251,ＩＡＣＥトラ,2,0,0,1,ＩＡＣＥトラベル,0,0,0,0,343A
10259,ヒトトヒトホ,2,0,0,1,ヒトトヒトホールディングス,0,0,0,0,549A
10260,システムエグ,2,0,0,1,システムエグゼ,0,0,0,0,548A
10269,ギークリー,2,0,0,1,ギークリー,0,0,0,0,505A
10271,ＴＯブックス,2,0,0,1,ＴＯブックス,0,0,0,0,500A
1401,エムビーエス,3,0,0,1,エムビーエス,3,0,3,0,1401
1431,Ｌｉｂ　Ｗｏ,3,0,0,1,Ｌｉｂ　Ｗｏｒｋ,3,0,3,0,1431
1436,グリーンエナ,3,0,0,1,グリーンエナジー＆カンパニー,3,0,3,0,1436
1444,ニッソウ,3,0,0,1,ニッソウ,3,0,3,0,1444
1447,ＳＡＡＦホー,3,0,0,1,ＳＡＡＦホールディングス,3,0,3,0,1447
2158,ＦＲＯＮＴＥ,3,0,0,1,ＦＲＯＮＴＥＯ,33,0,33,0,2158
2160,ジーエヌアイ,3,0,0,1,ジーエヌアイグループ,8,0,8,0,2160
2173,博展,3,3,0,1,博展,33,0,33,0,2173
2195,アミタホール,3,0,0,1,アミタホールディングス,33,0,33,0,2195
2321,ソフトフロン,3,0,0,1,ソフトフロントホールディングス,31,0,31,0,2321
2334,イオレ,3,0,0,1,イオレ,33,0,33,0,2334
2370,メディネット,3,3,0,1,メディネット,33,0,33,0,2370
2385,総医研ホール,3,0,0,1,総医研ホールディングス,33,0,33,0,2385
2388,ウェッジホー,3,0,0,1,ウェッジホールディングス,23,0,23,0,2388
2438,アスカネット,3,3,0,1,アスカネット,33,0,33,0,2438
2497,ユナイテッド,3,3,0,1,ユナイテッド,33,0,33,0,2497
2586,フルッタフル,3,0,0,1,フルッタフルッタ,4,0,4,0,2586
2934,ジェイフロン,3,0,0,1,ジェイフロンティア,4,0,4,0,2934
2936,ベースフード,3,3,0,1,ベースフード,4,0,4,0,2936
2937,サンクゼール,3,0,0,1,サンクゼール,4,0,4,0,2937
2978,ツクルバ,3,3,0,1,ツクルバ,26,0,26,0,2978
2981,ランディック,3,0,0,1,ランディックス,26,0,26,0,2981
2983,アールプラン,3,0,0,1,アールプランナー,26,0,26,0,2983
2986,ＬＡホールデ,3,0,0,1,ＬＡホールディングス,26,0,26,0,2986
2987,タスキ,3,0,0,0,タスキ,27,1,27,0,2987
2997,ストレージ王,3,3,0,1,ストレージ王,26,0,26,0,2997
2998,クリアル,3,0,0,1,クリアル,26,0,26,0,2998
3063,ジェイグルー,3,0,0,1,ジェイグループホールディングス,21,0,21,0,3063
3070,ジェリービー,3,0,0,1,ジェリービーンズグループ,20,0,20,0,3070
3133,海帆,3,3,0,1,海帆,21,0,21,0,3133
3140,ＢＲＵＮＯ,3,0,0,1,ＢＲＵＮＯ,20,0,20,0,3140
3185,夢展望,3,0,0,1,夢展望,21,0,21,0,3185
3187,ミラタップ,3,0,0,1,ミラタップ,21,0,21,0,3187
3195,ジェネレーシ,3,0,0,1,ジェネレーションパス,21,0,21,0,3195
3224,ゼネラル・オ,3,0,0,1,ゼネラル・オイスター,21,0,21,0,3224
3237,イントランス,3,0,0,1,イントランス,26,0,26,0,3237
3261,グランディー,3,0,0,1,グランディーズ,26,0,26,0,3261
3278,ケネディクス,3,0,0,0,ケネディクス・レジデンシャル・ネクスト投資法人,38,1,38,0,3278
3300,アンビション,3,0,0,1,アンビション　ＤＸ　ホールディングス,26,0,26,0,3300
3359,ｃｏｔｔａ,3,3,0,1,ｃｏｔｔａ,20,0,20,0,3359
3418,バルニバービ,3,3,0,1,バルニバービ,21,0,21,0,3418
3453,ケネディクス,3,0,0,0,ケネディクス商業リート投資法人,37,1,37,0,3453
3474,Ｇ－ＦＡＣＴ,3,0,0,1,Ｇ－ＦＡＣＴＯＲＹ,26,0,26,0,3474
3477,フォーライフ,3,3,0,1,フォーライフ,26,0,26,0,3477
3479,ティーケーピ,3,0,0,1,ティーケーピー,26,0,26,0,3479
3491,ＧＡ　ｔｅｃ,3,0,0,1,ＧＡ　ｔｅｃｈｎｏｌｏｇｉｅｓ,26,0,26,0,3491
3497,ＬｅＴｅｃｈ,3,3,0,1,ＬｅＴｅｃｈ,26,0,26,0,3497
3541,農業総合研究,3,0,0,1,農業総合研究所,20,0,20,0,3541
3542,ベガコーポレ,3,0,0,1,ベガコーポレーション,21,0,21,0,3542
3550,スタジオアタ,3,0,0,1,スタジオアタオ,21,0,21,0,3550
3556,リネットジャ,3,0,0,1,リネットジャパングループ,21,0,21,0,3556
3557,ユナイテッド,3,0,0,1,ユナイテッド＆コレクティブ,21,0,21,0,3557
3558,ジェイドグル,3,0,0,1,ジェイドグループ,21,0,21,0,3558
3566,ユニフォーム,3,0,0,1,ユニフォームネクスト,21,0,21,0,3566
3623,ビリングシス,3,0,0,1,ビリングシステム,31,0,31,0,3623
3624,アクセルマー,3,0,0,1,アクセルマーク,31,0,31,0,3624
3625,テックファー,3,0,0,1,テックファームホールディングス,31,0,31,0,3625
3628,データホライ,3,0,0,1,データホライゾン,31,0,31,0,3628
3645,メディカルネ,3,0,0,1,メディカルネット,31,0,31,0,3645
3652,ディジタルメ,3,0,0,1,ディジタルメディアプロフェッショナル,31,0,31,0,3652
3653,モルフォ,3,0,0,1,モルフォ,31,0,31,0,3653
3664,モブキャスト,3,0,0,1,モブキャストホールディングス,31,0,31,0,3664
3674,オークファン,3,0,0,1,オークファン,31,0,31,0,3674
3680,ホットリンク,3,0,0,1,ホットリンク,31,0,31,0,3680
3691,デジタルプラ,3,0,0,1,デジタルプラス,31,0,31,0,3691
3692,ＦＦＲＩセキ,3,0,0,1,ＦＦＲＩセキュリティ,31,0,31,0,3692
3695,ＧＭＯリサー,3,0,0,1,ＧＭＯリサーチ＆ＡＩ,31,0,31,0,3695
3723,日本ファルコ,3,0,0,1,日本ファルコム,31,0,31,0,3723
3727,アプリックス,3,0,0,1,アプリックス,31,0,31,0,3727
3773,アドバンスト,3,0,0,1,アドバンスト・メディア,31,0,31,0,3773
3777,環境フレンド,3,0,0,1,環境フレンドリーホールディングス,31,0,31,0,3777
3793,ドリコム,3,0,0,1,ドリコム,31,0,31,0,3793
3803,イメージ情報,3,0,0,1,イメージ情報開発,31,0,31,0,3803
3807,フィスコ,3,0,0,1,フィスコ,31,0,31,0,3807
3814,アルファクス,3,0,0,1,アルファクス・フード・システム,31,0,31,0,3814
3815,メディア工房,3,0,0,1,メディア工房,31,0,31,0,3815
3900,クラウドワー,3,0,0,1,クラウドワークス,31,0,31,0,3900
3904,カヤック,3,0,0,1,カヤック,31,0,31,0,3904
3905,データセクシ,3,0,0,1,データセクション,31,0,31,0,3905
3911,Ａｉｍｉｎｇ,3,3,0,1,Ａｉｍｉｎｇ,31,0,31,0,3911
3914,ＪＩＧ－ＳＡ,3,0,0,1,ＪＩＧ－ＳＡＷ,31,0,31,0,3914
3917,アイリッジ,3,0,0,1,アイリッジ,31,0,31,0,3917
3929,ソーシャルワ,3,0,0,1,ソーシャルワイヤー,31,0,31,0,3929
3930,はてな,3,0,0,1,はてな,31,0,31,0,3930
3931,バリューゴル,3,0,0,1,バリューゴルフ,31,0,31,0,3931
3936,グローバルウ,3,0,0,1,グローバルウェイ,31,0,31,0,3936
3961,シルバーエッ,3,0,0,1,シルバーエッグ・テクノロジー,31,0,31,0,3961
3967,エルテス,3,0,0,1,エルテス,31,0,31,0,3967
3970,イノベーショ,3,0,0,1,イノベーション,31,0,31,0,3970
3976,シャノン,3,0,0,1,シャノン,31,0,31,0,3976
3979,うるる,3,3,0,1,うるる,31,0,31,0,3979
3987,エコモット,3,0,0,1,エコモット,31,0,31,0,3987
3989,シェアリング,3,0,0,1,シェアリングテクノロジー,31,0,31,0,3989
3991,ウォンテッド,3,0,0,1,ウォンテッドリー,31,0,31,0,3991
3995,ＳＫＩＹＡＫ,3,0,0,0,ＳＫＩＹＡＫＩ,33,1,33,0,3995
3998,すららネット,3,0,0,1,すららネット,31,0,31,0,3998
4011,ヘッドウォー,3,0,0,1,ヘッドウォータース,31,0,31,0,4011
4013,勤次郎,3,3,0,1,勤次郎,31,0,31,0,4013
4014,カラダノート,3,3,0,1,カラダノート,31,0,31,0,4014
4015,ペイクラウド,3,0,0,1,ペイクラウドホールディングス,31,0,31,0,4015
4017,クリーマ,3,3,0,1,クリーマ,31,0,31,0,4017
4019,スタメン,3,0,0,1,スタメン,31,0,31,0,4019
4020,ビートレンド,3,3,0,1,ビートレンド,31,0,31,0,4020
4052,フィーチャ,3,0,0,1,フィーチャ,31,0,31,0,4052
4054,日本情報クリ,3,0,0,1,日本情報クリエイト,31,0,31,0,4054
4055,ティアンドエ,3,0,0,1,ティアンドエスグループ,31,0,31,0,4055
4056,ニューラルグ,3,0,0,1,ニューラルグループ,31,0,31,0,4056
4057,インターファ,3,0,0,1,インターファクトリー,31,0,31,0,4057
4058,トヨクモ,3,0,0,1,トヨクモ,31,0,31,0,4058
4060,ｒａｋｕｍｏ,3,3,0,1,ｒａｋｕｍｏ,31,0,31,0,4060
4068,ベイシス,3,0,0,1,ベイシス,31,0,31,0,4068
4069,ＢｌｕｅＭｅ,3,0,0,1,ＢｌｕｅＭｅｍｅ,31,0,31,0,4069
4073,ジィ・シィ企,3,0,0,1,ジィ・シィ企画,31,0,31,0,4073
4074,ラキール,3,0,0,1,ラキール,31,0,31,0,4074
4075,ブレインズテ,3,0,0,1,ブレインズテクノロジー,31,0,31,0,4075
4076,シイエヌエス,3,0,0,1,シイエヌエス,31,0,31,0,4076
4165,プレイド,3,3,0,1,プレイド,31,0,31,0,4165
4166,かっこ,3,3,0,1,かっこ,31,0,31,0,4166
4167,ココペリ,3,0,0,1,ココペリ,31,0,31,0,4167
4168,ヤプリ,3,0,0,1,ヤプリ,31,0,31,0,4168
4169,ＥＮＥＣＨＡ,3,0,0,1,ＥＮＥＣＨＡＮＧＥ,31,0,31,0,4169
4170,Ｋａｉｚｅｎ,3,0,0,1,Ｋａｉｚｅｎ　Ｐｌａｔｆｏｒｍ,31,0,31,0,4170
4175,ｃｏｌｙ,3,3,0,1,ｃｏｌｙ,31,0,31,0,4175
4176,ココナラ,3,0,0,1,ココナラ,31,0,31,0,4176
4177,ｉ‐ｐｌｕｇ,3,3,0,1,ｉ‐ｐｌｕｇ,31,0,31,0,4177
4178,Ｓｈａｒｉｎ,3,0,0,1,Ｓｈａｒｉｎｇ　Ｉｎｎｏｖａｔｉｏｎｓ,31,0,31,0,4178
4179,ジーネクスト,3,3,0,1,ジーネクスト,31,0,31,0,4179
4192,スパイダープ,3,0,0,1,スパイダープラス,31,0,31,0,4192
4199,ワンダープラ,3,0,0,1,ワンダープラネット,31,0,31,0,4199
4255,ＴＨＥＣＯＯ,3,0,0,1,ＴＨＥＣＯＯ,31,0,31,0,4255
4256,サインド,3,3,0,1,サインド,31,0,31,0,4256
4258,網屋,3,3,0,1,網屋,31,0,31,0,4258
4259,エクサウィザ,3,0,0,1,エクサウィザーズ,31,0,31,0,4259
4260,ハイブリッド,3,0,0,1,ハイブリッドテクノロジーズ,31,0,31,0,4260
4261,アジアクエス,3,0,0,1,アジアクエスト,31,0,31,0,4261
4262,ニフティライ,3,0,0,1,ニフティライフスタイル,31,0,31,0,4262
4263,サスメド,3,3,0,1,サスメド,31,0,31,0,4263
4264,セキュア,3,0,0,1,セキュア,31,0,31,0,4264
4265,Ｉｎｓｔｉｔ,3,0,0,0,Ｉｎｓｔｉｔｕｔｉｏｎ　ｆｏｒ　ａ　Ｇｌｏｂａｌ　Ｓｏ,31,0,31,0,4265
4267,ライトワーク,3,0,0,1,ライトワークス,31,0,31,0,4267
4270,ＢｅｅＸ,3,0,0,1,ＢｅｅＸ,31,0,31,0,4270
4308,Ｊストリーム,3,0,0,1,Ｊストリーム,31,0,31,0,4308
4316,ビーマップ,3,3,0,1,ビーマップ,31,0,31,0,4316
4370,モビルス,3,0,0,1,モビルス,31,0,31,0,4370
4371,コアコンセプ,3,0,0,1,コアコンセプト・テクノロジー,31,0,31,0,4371
4372,ユミルリンク,3,0,0,1,ユミルリンク,31,0,31,0,4372
4374,ＲＯＢＯＴ　,3,0,0,1,ＲＯＢＯＴ　ＰＡＹＭＥＮＴ,31,0,31,0,4374
4375,セーフィー,3,0,0,1,セーフィー,31,0,31,0,4375
4376,くふうカンパ,3,0,0,1,くふうカンパニーホールディングス,31,0,31,0,4376
4377,ワンキャリア,3,0,0,1,ワンキャリア,31,0,31,0,4377
4378,ＣＩＮＣ,3,0,0,1,ＣＩＮＣ,31,0,31,0,4378
4379,Ｐｈｏｔｏｓ,3,0,0,1,Ｐｈｏｔｏｓｙｎｔｈ,31,0,31,0,4379
4380,Ｍマート,3,3,0,1,Ｍマート,31,0,31,0,4380
4381,ビープラッツ,3,0,0,1,ビープラッツ,31,0,31,0,4381
4387,ＺＵＵ,3,0,0,1,ＺＵＵ,31,0,31,0,4387
4389,プロパティデ,3,0,0,1,プロパティデータバンク,31,0,31,0,4389
4391,ロジザード,3,3,0,1,ロジザード,31,0,31,0,4391
4393,バンク・オブ,3,0,0,1,バンク・オブ・イノベーション,31,0,31,0,4393
4394,エクスモーシ,3,0,0,1,エクスモーション,31,0,31,0,4394
4395,アクリート,3,3,0,1,アクリート,31,0,31,0,4395
4397,チームスピリ,3,0,0,1,チームスピリット,31,0,31,0,4397
4412,サイエンスア,3,0,0,1,サイエンスアーツ,31,0,31,0,4412
4414,フレクト,3,3,0,1,フレクト,31,0,31,0,4414
4415,ブロードエン,3,0,0,1,ブロードエンタープライズ,31,0,31,0,4415
4416,Ｔｒｕｅ　Ｄ,3,0,0,1,Ｔｒｕｅ　Ｄａｔａ,31,0,31,0,4416
4417,グローバルセ,3,0,0,1,グローバルセキュリティエキスパート,31,0,31,0,4417
4418,ＪＤＳＣ,3,0,0,1,ＪＤＳＣ,31,0,31,0,4418
4419,Ｆｉｎａｔｅ,3,0,0,1,Ｆｉｎａｔｅｘｔホールディングス,31,0,31,0,4419
4422,ＶＡＬＵＥＮ,3,0,0,1,ＶＡＬＵＥＮＥＸ,31,0,31,0,4422
4424,Ａｍａｚｉａ,3,3,0,1,Ａｍａｚｉａ,31,0,31,0,4424
4425,Ｋｕｄａｎ,3,3,0,1,Ｋｕｄａｎ,31,0,31,0,4425
4427,ＥｄｕＬａｂ,3,3,0,1,ＥｄｕＬａｂ,31,0,31,0,4427
4428,シノプス,3,0,0,1,シノプス,31,0,31,0,4428
4429,リックソフト,3,0,0,1,リックソフト,31,0,31,0,4429
4431,スマレジ,3,0,0,1,スマレジ,31,0,31,0,4431
4436,ミンカブ・ジ,3,0,0,1,ミンカブ・ジ・インフォノイド,31,0,31,0,4436
4437,ｇｏｏｄｄａ,3,0,0,1,ｇｏｏｄｄａｙｓホールディングス,31,0,31,0,4437
4438,Ｗｅｌｂｙ,3,3,0,1,Ｗｅｌｂｙ,31,0,31,0,4438
4442,バルテス・ホ,3,0,0,1,バルテス・ホールディングス,31,0,31,0,4442
4444,インフォネッ,3,0,0,1,インフォネット,31,0,31,0,4444
4445,リビン・テク,3,0,0,1,リビン・テクノロジーズ,31,0,31,0,4445
4447,ピー・ビーシ,3,0,0,1,ピー・ビーシステムズ,31,0,31,0,4447
4448,ｋｕｂｅｌｌ,3,3,0,1,ｋｕｂｅｌｌ,31,0,31,0,4448
4450,パワーソリュ,3,0,0,1,パワーソリューションズ,31,0,31,0,4450
4475,ＨＥＮＮＧＥ,3,0,0,1,ＨＥＮＮＧＥ,31,0,31,0,4475
4476,ＡＩ　ＣＲＯ,3,0,0,1,ＡＩ　ＣＲＯＳＳ,31,0,31,0,4476
4477,ＢＡＳＥ,3,0,0,1,ＢＡＳＥ,31,0,31,0,4477
4478,フリー,3,0,0,1,フリー,31,0,31,0,4478
4479,マクアケ,3,0,0,1,マクアケ,31,0,31,0,4479
4482,ウィルズ,3,0,0,1,ウィルズ,31,0,31,0,4482
4484,ランサーズ,3,0,0,1,ランサーズ,31,0,31,0,4484
4486,ユナイトアン,3,0,0,1,ユナイトアンドグロウ,31,0,31,0,4486
4487,スペースマー,3,0,0,1,スペースマーケット,31,0,31,0,4487
4488,ＡＩ　ｉｎｓ,3,0,0,1,ＡＩ　ｉｎｓｉｄｅ,31,0,31,0,4488
4490,ビザスク,3,0,0,1,ビザスク,31,0,31,0,4490
4493,サイバーセキ,3,0,0,1,サイバーセキュリティクラウド,31,0,31,0,4493
4495,アイキューブ,3,0,0,1,アイキューブドシステムズ,31,0,31,0,4495
4496,コマースＯｎ,3,0,0,1,コマースＯｎｅホールディングス,31,0,31,0,4496
4498,サイバートラ,3,0,0,1,サイバートラスト,31,0,31,0,4498
4563,アンジェス,3,0,0,1,アンジェス,8,0,8,0,4563
4564,オンコセラピ,3,0,0,1,オンコセラピー・サイエンス,8,0,8,0,4564
4570,免疫生物研究,3,0,0,1,免疫生物研究所,8,0,8,0,4570
4571,ＮＡＮＯ　Ｍ,3,0,0,1,ＮＡＮＯ　ＭＲＮＡ,8,0,8,0,4571
4572,カルナバイオ,3,0,0,1,カルナバイオサイエンス,8,0,8,0,4572
4575,キャンバス,3,0,0,1,キャンバス,8,0,8,0,4575
4576,デ・ウエスタ,3,0,0,1,デ・ウエスタン・セラピテクス研究所,8,0,8,0,4576
4579,ラクオリア創,3,0,0,1,ラクオリア創薬,8,0,8,0,4579
4582,シンバイオ製,3,0,0,1,シンバイオ製薬,8,0,8,0,4582
4583,カイオム・バ,3,0,0,1,カイオム・バイオサイエンス,8,0,8,0,4583
4584,キッズウェル,3,0,0,1,キッズウェル・バイオ,8,0,8,0,4584
4586,メドレックス,3,0,0,1,メドレックス,8,0,8,0,4586
4588,オンコリスバ,3,0,0,1,オンコリスバイオファーマ,8,0,8,0,4588
4591,リボミック,3,0,0,1,リボミック,8,0,8,0,4591
4592,サンバイオ,3,0,0,1,サンバイオ,8,0,8,0,4592
4593,ヘリオス,3,0,0,1,ヘリオス,8,0,8,0,4593
4594,ブライトパス,3,0,0,1,ブライトパス・バイオ,8,0,8,0,4594
4596,窪田製薬ホー,3,0,0,1,窪田製薬ホールディングス,8,0,8,0,4596
4597,ソレイジア・,3,0,0,1,ソレイジア・ファーマ,8,0,8,0,4597
4598,Ｄｅｌｔａ－,3,0,0,1,Ｄｅｌｔａ－Ｆｌｙ　Ｐｈａｒｍａ,8,0,8,0,4598
4599,ステムリム,3,0,0,1,ステムリム,8,0,8,0,4599
4772,ＳＭ　ＥＮＴ,3,0,0,1,ＳＭ　ＥＮＴＥＲＴＡＩＮＭＥＮＴ　ＪＡＰＡＮ,31,0,31,0,4772
4811,ドリーム・ア,3,0,0,1,ドリーム・アーツ,31,0,31,0,4811
4824,メディアシー,3,0,0,0,メディアシーク,33,1,33,0,4824
4833,Ｄｅｆ　ｃｏ,3,0,0,1,Ｄｅｆ　ｃｏｎｓｕｌｔｉｎｇ,33,0,33,0,4833
4881,ファンペップ,3,3,0,1,ファンペップ,8,0,8,0,4881
4882,ペルセウスプ,3,0,0,1,ペルセウスプロテオミクス,8,0,8,0,4882
4883,モダリス,3,0,0,1,モダリス,8,0,8,0,4883
4884,クリングルフ,3,0,0,1,クリングルファーマ,8,0,8,0,4884
4888,ステラファー,3,0,0,1,ステラファーマ,8,0,8,0,4888
4889,レナサイエン,3,0,0,1,レナサイエンス,8,0,8,0,4889
4890,坪田ラボ,3,3,0,1,坪田ラボ,8,0,8,0,4890
4891,ティムス,3,0,0,1,ティムス,8,0,8,0,4891
4892,サイフューズ,3,0,0,1,サイフューズ,8,0,8,0,4892
4893,ノイルイミュ,3,0,0,1,ノイルイミューン・バイオテック,8,0,8,0,4893
4894,クオリプス,3,0,0,1,クオリプス,8,0,8,0,4894
4896,ケイファーマ,3,3,0,1,ケイファーマ,8,0,8,0,4896
4934,プレミアアン,3,0,0,1,プレミアアンチエイジング,7,0,7,0,4934
4937,Ｗａｑｏｏ,3,3,0,1,Ｗａｑｏｏ,7,0,7,0,4937
4978,リプロセル,3,0,0,1,リプロセル,7,0,7,0,4978
5025,マーキュリー,3,0,0,1,マーキュリー,31,0,31,0,5025
5026,トリプルアイ,3,0,0,1,トリプルアイズ,31,0,31,0,5026
5027,ＡｎｙＭｉｎ,3,0,0,1,ＡｎｙＭｉｎｄ　Ｇｒｏｕｐ,31,0,31,0,5027
5028,セカンドサイ,3,0,0,1,セカンドサイトアナリティカ,31,0,31,0,5028
5029,サークレイス,3,0,0,1,サークレイス,31,0,31,0,5029
5031,モイ,3,0,0,1,モイ,31,0,31,0,5031
5033,ヌーラボ,3,3,0,1,ヌーラボ,31,0,31,0,5033
5034,ｕｎｅｒｒｙ,3,3,0,1,ｕｎｅｒｒｙ,31,0,31,0,5034
5035,ＨＯＵＳＥＩ,3,0,0,1,ＨＯＵＳＥＩ,31,0,31,0,5035
5038,ｅＷｅＬＬ,3,0,0,1,ｅＷｅＬＬ,31,0,31,0,5038
5070,ドラフト,3,0,0,1,ドラフト,3,0,3,0,5070
5125,ファインズ,3,0,0,1,ファインズ,31,0,31,0,5125
5126,ポーターズ,3,0,0,1,ポーターズ,31,0,31,0,5126
5129,ＦＩＸＥＲ,3,0,0,1,ＦＩＸＥＲ,31,0,31,0,5129
5131,リンカーズ,3,0,0,1,リンカーズ,31,0,31,0,5131
5132,ｐｌｕｓｚｅ,3,0,0,1,ｐｌｕｓｚｅｒｏ,31,0,31,0,5132
5134,ＰＯＰＥＲ,3,0,0,1,ＰＯＰＥＲ,31,0,31,0,5134
5136,ｔｒｉｐｌａ,3,3,0,1,ｔｒｉｐｌａ,31,0,31,0,5136
5137,スマートドラ,3,0,0,1,スマートドライブ,31,0,31,0,5137
5138,Ｒｅｂａｓｅ,3,3,0,1,Ｒｅｂａｓｅ,31,0,31,0,5138
5139,オープンワー,3,0,0,1,オープンワーク,31,0,31,0,5139
5240,ｍｏｎｏＡＩ,3,0,0,1,ｍｏｎｏＡＩ　ｔｅｃｈｎｏｌｏｇｙ,31,0,31,0,5240
5242,アイズ,3,0,0,1,アイズ,31,0,31,0,5242
5243,ｎｏｔｅ,3,3,0,1,ｎｏｔｅ,31,0,31,0,5243
5244,ｊｉｇ．ｊｐ,3,3,0,1,ｊｉｇ．ｊｐ,31,0,31,0,5244
5246,ＥＬＥＭＥＮ,3,0,0,1,ＥＬＥＭＥＮＴＳ,31,0,31,0,5246
5247,ＢＴＭ,3,0,0,1,ＢＴＭ,31,0,31,0,5247
5248,テクノロジー,3,0,0,1,テクノロジーズ,31,0,31,0,5248
5252,日本ナレッジ,3,0,0,1,日本ナレッジ,31,0,31,0,5252
5253,カバー,3,0,0,1,カバー,31,0,31,0,5253
5254,Ａｒｅｎｔ,3,3,0,1,Ａｒｅｎｔ,31,0,31,0,5254
5255,モンスターラ,3,0,0,1,モンスターラボ,31,0,31,0,5255
5256,Ｆｕｓｉｃ,3,3,0,1,Ｆｕｓｉｃ,31,0,31,0,5256
5258,トランザクシ,3,0,0,1,トランザクション・メディア・ネットワークス,31,0,31,0,5258
5259,ＢＢＤイニシ,3,0,0,1,ＢＢＤイニシアティブ,31,0,31,0,5259
5527,ｐｒｏｐｅｒ,3,0,0,1,ｐｒｏｐｅｒｔｙ　ｔｅｃｈｎｏｌｏｇｉｅｓ,26,0,26,0,5527
5532,リアルゲイト,3,3,0,1,リアルゲイト,26,0,26,0,5532
5537,ＡｌｂａＬｉ,3,0,0,1,ＡｌｂａＬｉｎｋ,26,1,26,0,5537
5570,ジェノバ,3,0,0,1,ジェノバ,31,0,31,0,5570
5572,Ｒｉｄｇｅ－,3,0,0,1,Ｒｉｄｇｅ－ｉ,31,0,31,0,5572
5574,ＡＢＥＪＡ,3,0,0,1,ＡＢＥＪＡ,31,0,31,0,5574
5575,Ｇｌｏｂｅｅ,3,3,0,1,Ｇｌｏｂｅｅ,31,0,31,0,5575
5577,アイデミー,3,0,0,1,アイデミー,31,0,31,0,5577
5578,ＡＲアドバン,3,0,0,1,ＡＲアドバンストテクノロジ,31,0,31,0,5578
5580,プロディライ,3,0,0,1,プロディライト,31,0,31,0,5580
5582,グリッド,3,0,0,1,グリッド,31,0,31,0,5582
5586,Ｌａｂｏｒｏ,3,0,0,1,Ｌａｂｏｒｏ．ＡＩ,31,0,31,0,5586
5587,インバウンド,3,0,0,1,インバウンドプラットフォーム,31,0,31,0,5587
5588,ファーストア,3,0,0,1,ファーストアカウンティング,31,0,31,0,5588
5590,ネットスター,3,0,0,1,ネットスターズ,31,0,31,0,5590
5591,ＡＶＩＬＥＮ,3,0,0,1,ＡＶＩＬＥＮ,31,0,31,0,5591
5592,くすりの窓口,3,0,0,1,くすりの窓口,31,0,31,0,5592
5595,ＱＰＳ研究所,3,0,0,1,ＱＰＳ研究所,31,0,31,0,5595
5596,アウトルック,3,0,0,1,アウトルックコンサルティング,31,0,31,0,5596
5597,ブルーイノベ,3,0,0,1,ブルーイノベーション,31,0,31,0,5597
5599,Ｓ＆Ｊ,3,0,0,1,Ｓ＆Ｊ,31,0,31,0,5599
5616,雨風太陽,3,0,0,1,雨風太陽,31,0,31,0,5616
5618,ナイル,3,0,0,1,ナイル,31,0,31,0,5618
5619,マーソ,3,0,0,1,マーソ,31,0,31,0,5619
5621,ヒューマンテ,3,0,0,1,ヒューマンテクノロジーズ,31,0,31,0,5621
5704,ＪＭＣ,3,0,0,1,ＪＭＣ,14,0,14,0,5704
5834,ＳＢＩリーシ,3,0,0,1,ＳＢＩリーシングサービス,24,0,24,0,5834
5842,インテグラル,3,0,0,1,インテグラル,24,0,24,0,5842
5858,ＳＴＧ,3,0,0,1,ＳＴＧ,14,0,14,0,5858
5867,エスネットワ,3,0,0,1,エスネットワークス,33,0,33,0,5867
5870,ナルネットコ,3,0,0,1,ナルネットコミュニケーションズ,33,0,33,0,5870
5884,クラダシ,3,0,0,1,クラダシ,21,0,21,0,5884
5888,ＤＡＩＷＡ　,3,0,0,1,ＤＡＩＷＡ　ＣＹＣＬＥ,21,0,21,0,5888
5892,ｙｕｔｏｒｉ,3,3,0,1,ｙｕｔｏｒｉ,21,0,21,0,5892
6026,ＧＭＯ　ＴＥ,3,0,0,0,ＧＭＯ　ＴＥＣＨ,33,0,33,0,6026
6030,アドベンチャ,3,0,0,1,アドベンチャー,33,0,33,0,6030
6031,ＺＥＴＡ,3,0,0,1,ＺＥＴＡ,33,0,33,0,6031
6033,エクストリー,3,0,0,1,エクストリーム,33,0,33,0,6033
6034,ＭＲＴ,3,0,0,1,ＭＲＴ,33,0,33,0,6034
6038,イード,3,3,0,1,イード,33,0,33,0,6038
6039,日本動物高度,3,0,0,1,日本動物高度医療センター,33,0,33,0,6039
6040,日本スキー場,3,0,0,1,日本スキー場開発,33,0,33,0,6040
6045,レントラック,3,0,0,1,レントラックス,33,0,33,0,6045
6049,イトクロ,3,0,0,1,イトクロ,33,0,33,0,6049
6069,トレンダーズ,3,0,0,1,トレンダーズ,33,0,33,0,6069
6081,アライドアー,3,0,0,1,アライドアーキテクツ,33,0,33,0,6081
6085,アーキテクツ,3,0,0,1,アーキテクツ・スタジオ・ジャパン,33,0,33,0,6085
6086,シンメンテホ,3,0,0,1,シンメンテホールディングス,33,0,33,0,6086
6094,フリークアウ,3,0,0,1,フリークアウト・ホールディングス,33,0,33,0,6094
6166,中村超硬,3,0,0,1,中村超硬,15,0,15,0,6166
6173,アクアライン,3,0,0,1,アクアライン,33,0,33,0,6173
6177,ＡｐｐＢａｎ,3,0,0,1,ＡｐｐＢａｎｋ,33,0,33,0,6177
6180,ＧＭＯメディ,3,0,0,1,ＧＭＯメディア,33,0,33,0,6180
6181,タメニー,3,0,0,1,タメニー,33,0,33,0,6181
6182,メタリアル,3,0,0,1,メタリアル,33,0,33,0,6182
6190,フェニックス,3,0,0,1,フェニックスバイオ,33,0,33,0,6190
6193,バーチャレク,3,0,0,1,バーチャレクス・ホールディングス,33,0,33,0,6193
6195,ホープ,3,3,0,1,ホープ,33,0,33,0,6195
6198,キャリア,3,0,0,1,キャリア,33,0,33,0,6198
6224,ＪＲＣ,3,0,0,1,ＪＲＣ,15,0,15,0,6224
6232,ＡＣＳＬ,3,0,0,1,ＡＣＳＬ,15,0,15,0,6232
6255,エヌ・ピー・,3,0,0,1,エヌ・ピー・シー,15,0,15,0,6255
6521,オキサイド,3,3,0,1,オキサイド,16,0,16,0,6521
6522,アスタリスク,3,0,0,1,アスタリスク,16,0,16,0,6522
6537,ＷＡＳＨハウ,3,0,0,1,ＷＡＳＨハウス,33,0,33,0,6537
6545,インターネッ,3,0,0,1,インターネットインフィニティー,33,0,33,0,6545
6548,旅工房,3,0,0,1,旅工房,33,0,33,0,6548
6550,Ｕｎｉｐｏｓ,3,3,0,1,Ｕｎｉｐｏｓ,33,0,33,0,6550
6554,エスユーエス,3,0,0,1,エスユーエス,33,0,33,0,6554
6557,ＡＩＡＩグル,3,0,0,1,ＡＩＡＩグループ,33,0,33,0,6557
6558,クックビズ,3,0,0,1,クックビズ,33,0,33,0,6558
6561,ＨＡＮＡＴＯ,3,0,0,1,ＨＡＮＡＴＯＵＲ　ＪＡＰＡＮ,33,0,33,0,6561
6562,ジーニー,3,0,0,1,ジーニー,33,0,33,0,6562
6563,みらいワーク,3,0,0,1,みらいワークス,33,0,33,0,6563
6567,ＳＥＲＩＯホ,3,0,0,0,ＳＥＲＩＯホールディングス,36,1,36,0,6567
6568,神戸天然物化,3,0,0,1,神戸天然物化学,33,0,33,0,6568
6573,アジャイルメ,3,0,0,1,アジャイルメディア・ネットワーク,33,0,33,0,6573
6574,コンヴァノ,3,3,0,1,コンヴァノ,33,0,33,0,6574
6577,ベストワンド,3,0,0,1,ベストワンドットコム,33,0,33,0,6577
6579,ログリー,3,0,0,1,ログリー,33,0,33,0,6579
6580,ライトアップ,3,0,0,1,ライトアップ,33,0,33,0,6580
6597,ＨＰＣシステ,3,0,0,1,ＨＰＣシステムズ,16,0,16,0,6597
6612,バルミューダ,3,0,0,1,バルミューダ,16,0,16,0,6612
6613,ＱＤレーザ,3,0,0,1,ＱＤレーザ,16,0,16,0,6613
6696,トラース・オ,3,0,0,1,トラース・オン・プロダクト,16,0,16,0,6696
7031,インバウンド,3,0,0,1,インバウンドテック,33,0,33,0,7031
7036,イーエムネッ,3,0,0,1,イーエムネットジャパン,33,0,33,0,7036
7039,ブリッジイン,3,0,0,1,ブリッジインターナショナル,33,0,33,0,7039
7041,ＣＲＧホール,3,0,0,1,ＣＲＧホールディングス,33,0,33,0,7041
7043,アルー,3,0,0,1,アルー,33,0,33,0,7043
7046,ＴＤＳＥ,3,0,0,1,ＴＤＳＥ,33,0,33,0,7046
7047,ポート,3,3,0,1,ポート,33,0,33,0,7047
7048,ベルトラ,3,0,0,1,ベルトラ,33,0,33,0,7048
7049,識学,3,0,0,1,識学,33,0,33,0,7049
7050,フロンティア,3,0,0,1,フロンティアインターナショナル,33,0,33,0,7050
7061,日本ホスピス,3,0,0,1,日本ホスピスホールディングス,33,0,33,0,7061
7062,フレアス,3,0,0,1,フレアス,33,0,33,0,7062
7063,Ｂｉｒｄｍａ,3,0,0,1,Ｂｉｒｄｍａｎ,33,0,33,0,7063
7066,ピアズ,3,0,0,1,ピアズ,33,0,33,0,7066
7067,ブランディン,3,0,0,1,ブランディングテクノロジー,33,0,33,0,7067
7068,フィードフォ,3,0,0,1,フィードフォースグループ,33,0,33,0,7068
7069,サイバー・バ,3,0,0,1,サイバー・バズ,33,0,33,0,7069
7072,インティメー,3,0,0,1,インティメート・マージャー,33,0,33,0,7072
7073,ジェイック,3,0,0,1,ジェイック,33,0,33,0,7073
7074,トゥエンティ,3,0,0,1,トゥエンティーフォーセブンホールディングス,33,0,33,0,7074
7075,ＱＬＳホール,3,0,0,1,ＱＬＳホールディングス,33,0,33,0,7075
7077,ＡＬｉＮＫイ,3,0,0,1,ＡＬｉＮＫインターネット,33,0,33,0,7077
7078,ＩＮＣＬＵＳ,3,0,0,1,ＩＮＣＬＵＳＩＶＥ,33,0,33,0,7078
7079,ＷＤＢココ,3,0,0,1,ＷＤＢココ,33,0,33,0,7079
7080,スポーツフィ,3,0,0,1,スポーツフィールド,33,0,33,0,7080
7082,ジモティー,3,0,0,1,ジモティー,33,0,33,0,7082
7083,ＡＨＣグルー,3,0,0,1,ＡＨＣグループ,33,0,33,0,7083
7084,Ｓｍｉｌｅ　,3,0,0,1,Ｓｍｉｌｅ　Ｈｏｌｄｉｎｇｓ,33,0,33,0,7084
7086,きずなホール,3,0,0,0,きずなホールディングス,36,1,36,0,7086
7089,フォースター,3,0,0,1,フォースタートアップス,33,0,33,0,7089
7090,リグア,3,0,0,1,リグア,33,0,33,0,7090
7091,リビングプラ,3,0,0,1,リビングプラットフォーム,33,0,33,0,7091
7093,アディッシュ,3,0,0,1,アディッシュ,33,0,33,0,7093
7094,ＮｅｘＴｏｎ,3,0,0,1,ＮｅｘＴｏｎｅ,33,0,33,0,7094
7096,ステムセル研,3,0,0,1,ステムセル研究所,33,0,33,0,7096
7097,さくらさくプ,3,0,0,1,さくらさくプラス,33,0,33,0,7097
7110,クラシコム,3,0,0,1,クラシコム,21,0,21,0,7110
7112,キューブ,3,3,0,1,キューブ,21,0,21,0,7112
7114,フーディソン,3,0,0,1,フーディソン,20,0,20,0,7114
7119,ハルメクホー,3,0,0,1,ハルメクホールディングス,21,0,21,0,7119
7133,ＨＹＵＧＡ　,3,0,0,1,ＨＹＵＧＡ　ＰＲＩＭＡＲＹ　ＣＡＲＥ,21,0,21,0,7133
7138,ＴＯＲＩＣＯ,3,0,0,1,ＴＯＲＩＣＯ,21,0,21,0,7138
7140,ペットゴー,3,0,0,1,ペットゴー,21,0,21,0,7140
7317,松屋アールア,3,0,0,1,松屋アールアンドディ,17,0,17,0,7317
7318,セレンディッ,3,0,0,1,セレンディップ・ホールディングス,17,0,17,0,7318
7320,Ｓｏｌｖｖｙ,3,3,0,1,Ｓｏｌｖｖｙ,23,0,23,0,7320
7325,アイリックコ,3,0,0,1,アイリックコーポレーション,25,0,25,0,7325
7326,ＳＢＩインシ,3,0,0,1,ＳＢＩインシュアランスグループ,25,0,25,0,7326
7330,レオス・キャ,3,0,0,1,レオス・キャピタルワークス,25,1,25,0,7330
7342,ウェルスナビ,3,0,0,1,ウェルスナビ,24,0,24,0,7342
7343,ブロードマイ,3,0,0,1,ブロードマインド,25,0,25,0,7343
7345,アイ・パート,3,0,0,1,アイ・パートナーズフィナンシャル,23,0,23,0,7345
7351,グッドパッチ,3,3,0,1,グッドパッチ,33,0,33,0,7351
7352,ＴＷＯＳＴＯ,3,0,0,1,ＴＷＯＳＴＯＮＥ＆Ｓｏｎｓ,33,0,33,0,7352
7353,ＫＩＹＯラー,3,0,0,1,ＫＩＹＯラーニング,33,0,33,0,7353
7356,Ｒｅｔｔｙ,3,3,0,1,Ｒｅｔｔｙ,33,0,33,0,7356
7359,東京通信グル,3,0,0,1,東京通信グループ,33,0,33,0,7359
7360,オンデック,3,0,0,1,オンデック,33,0,33,0,7360
7361,ヒューマンク,3,0,0,1,ヒューマンクリエイションホールディングス,33,0,33,0,7361
7362,Ｔ．Ｓ．Ｉ,3,0,0,1,Ｔ．Ｓ．Ｉ,33,0,33,0,7362
7363,ベビーカレン,3,0,0,1,ベビーカレンダー,33,0,33,0,7363
7369,メイホーホー,3,0,0,1,メイホーホールディングス,33,0,33,0,7369
7370,Ｅｎｊｉｎ,3,3,0,1,Ｅｎｊｉｎ,33,0,33,0,7370
7371,Ｚｅｎｋｅｎ,3,3,0,1,Ｚｅｎｋｅｎ,33,0,33,0,7371
7372,デコルテ・ホ,3,0,0,1,デコルテ・ホールディングス,33,0,33,0,7372
7373,アイドマ・ホ,3,0,0,1,アイドマ・ホールディングス,33,0,33,0,7373
7374,コンフィデン,3,0,0,1,コンフィデンス・インターワークス,33,0,33,0,7374
7375,リファインバ,3,0,0,1,リファインバースグループ,33,0,33,0,7375
7376,ＢＣＣ,3,0,0,1,ＢＣＣ,33,0,33,0,7376
7378,アシロ,3,0,0,1,アシロ,33,0,33,0,7378
7379,サーキュレー,3,0,0,1,サーキュレーション,33,0,33,0,7379
7409,ＡｅｒｏＥｄ,3,0,0,1,ＡｅｒｏＥｄｇｅ,17,0,17,0,7409
7674,ＮＡＴＴＹ　,3,0,0,1,ＮＡＴＴＹ　ＳＷＡＮＫＹホールディングス,21,0,21,0,7674
7685,ＢｕｙＳｅｌ,3,0,0,1,ＢｕｙＳｅｌｌ　Ｔｅｃｈｎｏｌｏｇｉｅｓ,20,0,20,0,7685
7687,ミクリード,3,3,0,1,ミクリード,20,0,20,0,7687
7689,コパ・コーポ,3,0,0,1,コパ・コーポレーション,20,0,20,0,7689
7694,いつも,3,3,0,1,いつも,21,0,21,0,7694
7695,交換できるく,3,0,0,1,交換できるくん,21,0,21,0,7695
7699,オムニ・プラ,3,0,0,1,オムニ・プラス・システム・リミテッド　ＪＤＲ,20,0,20,0,7699
7707,プレシジョン,3,0,0,1,プレシジョン・システム・サイエンス,19,0,19,0,7707
7774,ジャパン・テ,3,0,0,1,ジャパン・ティッシュエンジニアリング,19,0,19,0,7774
7776,セルシード,3,3,0,1,セルシード,19,0,19,0,7776
7777,スリー・ディ,3,0,0,1,スリー・ディー・マトリックス,19,0,19,0,7777
7779,ＣＹＢＥＲＤ,3,0,0,1,ＣＹＢＥＲＤＹＮＥ,19,0,19,0,7779
7792,コラントッテ,3,3,0,1,コラントッテ,18,0,18,0,7792
7793,イメージ・マ,3,0,0,1,イメージ・マジック,18,0,18,0,7793
7794,イーディーピ,3,0,0,1,イーディーピー,18,0,18,0,7794
7803,ブシロード,3,3,0,1,ブシロード,18,0,18,0,7803
7806,ＭＴＧ,3,0,0,1,ＭＴＧ,18,0,18,0,7806
8938,グローム・ホ,3,0,0,1,グローム・ホールディングス,26,0,26,0,8938
9158,シーユーシー,3,0,0,1,シーユーシー,33,0,33,0,9158
9159,Ｗ　ＴＯＫＹ,3,0,0,1,Ｗ　ＴＯＫＹＯ,33,0,33,0,9159
9162,ブリーチ,3,3,0,1,ブリーチ,33,0,33,0,9162
9163,ナレルグルー,3,0,0,1,ナレルグループ,33,0,33,0,9163
9164,トライト,3,3,0,1,トライト,33,0,33,0,9164
9165,クオルテック,3,0,0,1,クオルテック,33,0,33,0,9165
9166,ＧＥＮＤＡ,3,0,0,1,ＧＥＮＤＡ,33,0,33,0,9166
9168,ライズ・コン,3,0,0,1,ライズ・コンサルティング・グループ,33,0,33,0,9168
9204,スカイマーク,3,0,0,1,スカイマーク,29,0,29,0,9204
9211,エフ・コード,3,3,0,1,エフ・コード,33,0,33,0,9211
9212,Ｇｒｅｅｎ　,3,0,0,1,Ｇｒｅｅｎ　Ｅａｒｔｈ　Ｉｎｓｔｉｔｕｔｅ,33,0,33,0,9212
9214,Ｒｅｃｏｖｅ,3,0,0,1,Ｒｅｃｏｖｅｒｙ　Ｉｎｔｅｒｎａｔｉｏｎａｌ,33,0,33,0,9214
9215,ＣａＳｙ,3,3,0,1,ＣａＳｙ,33,0,33,0,9215
9218,メンタルヘル,3,0,0,1,メンタルヘルステクノロジーズ,33,0,33,0,9218
9219,ギックス,3,0,0,1,ギックス,33,0,33,0,9219
9223,ＡＳＮＯＶＡ,3,0,0,1,ＡＳＮＯＶＡ,33,0,33,0,9223
9225,ブリッジコン,3,0,0,1,ブリッジコンサルティンググループ,33,0,33,0,9225
9227,マイクロ波化,3,0,0,1,マイクロ波化学,33,0,33,0,9227
9235,売れるネット,3,0,0,1,売れるネット広告社グループ,33,0,33,0,9235
9236,ジャパンＭ＆,3,0,0,1,ジャパンＭ＆Ａソリューション,33,0,33,0,9236
9237,笑美面,3,0,0,1,笑美面,33,0,33,0,9237
9238,バリュークリ,3,0,0,1,バリュークリエーション,33,0,33,0,9238
9240,デリバリーコ,3,0,0,1,デリバリーコンサルティング,33,0,33,0,9240
9241,フューチャー,3,0,0,1,フューチャーリンクネットワーク,33,0,33,0,9241
9242,メディア総研,3,3,0,1,メディア総研,33,0,33,0,9242
9244,デジタリフト,3,0,0,1,デジタリフト,33,0,33,0,9244
9245,リベロ,3,0,0,1,リベロ,33,0,33,0,9245
9246,プロジェクト,3,0,0,1,プロジェクトホールディングス,33,0,33,0,9246
9250,ＧＲＣＳ,3,0,0,1,ＧＲＣＳ,33,0,33,0,9250
9251,ＡＢ＆Ｃｏｍ,3,0,0,1,ＡＢ＆Ｃｏｍｐａｎｙ,33,0,33,0,9251
9252,ラストワンマ,3,0,0,1,ラストワンマイル,33,0,33,0,9252
9253,スローガン,3,0,0,1,スローガン,33,0,33,0,9253
9254,ラバブルマー,3,0,0,1,ラバブルマーケティンググループ,33,0,33,0,9254
9256,サクシード,3,3,0,1,サクシード,33,0,33,0,9256
9257,ＹＣＰホール,3,0,0,1,ＹＣＰホールディングス（グローバル）リミテッド　ＪＤＲ,33,0,33,0,9257
9258,ＣＳ－Ｃ,3,0,0,1,ＣＳ－Ｃ,33,0,33,0,9258
9259,タカヨシホー,3,0,0,1,タカヨシホールディングス,33,0,33,0,9259
9270,バリュエンス,3,0,0,1,バリュエンスホールディングス,20,0,20,0,9270
9271,和心,3,3,0,1,和心,21,0,21,0,9271
9272,ブティックス,3,0,0,1,ブティックス,33,0,33,0,9272
9326,関通,3,3,0,1,関通,30,0,30,0,9326
9330,揚羽,3,0,0,1,揚羽,33,0,33,0,9330
9331,キャスター,3,0,0,1,キャスター,33,0,33,0,9331
9337,トリドリ,3,0,0,1,トリドリ,33,0,33,0,9337
9338,ＩＮＦＯＲＩ,3,0,0,1,ＩＮＦＯＲＩＣＨ,33,0,33,0,9338
9342,スマサポ,3,3,0,1,スマサポ,33,0,33,0,9342
9343,アイビス,3,0,0,1,アイビス,33,0,33,0,9343
9344,アクシスコン,3,0,0,1,アクシスコンサルティング,33,0,33,0,9344
9345,ビズメイツ,3,3,0,1,ビズメイツ,33,0,33,0,9345
9346,ココルポート,3,3,0,1,ココルポート,33,0,33,0,9346
9348,ｉｓｐａｃｅ,3,3,0,1,ｉｓｐａｃｅ,33,0,33,0,9348
9467,アルファポリ,3,0,0,1,アルファポリス,31,0,31,0,9467
9522,リニューアブ,3,0,0,1,リニューアブル・ジャパン,32,0,32,0,9522
9553,マイクロアド,3,3,0,1,マイクロアド,33,0,33,0,9553
9554,ＡＶｉＣ,3,0,0,1,ＡＶｉＣ,33,0,33,0,9554
9556,ＩＮＴＬＯＯ,3,0,0,1,ＩＮＴＬＯＯＰ,33,0,33,0,9556
9557,エアークロー,3,0,0,1,エアークローゼット,33,0,33,0,9557
9558,ジャパニアス,3,0,0,1,ジャパニアス,33,0,33,0,9558
9560,プログリット,3,0,0,1,プログリット,33,0,33,0,9560
9561,グラッドキュ,3,0,0,1,グラッドキューブ,33,0,33,0,9561
9562,ビジネスコー,3,0,0,1,ビジネスコーチ,33,0,33,0,9562
9563,Ａｔｌａｓ　,3,0,0,1,Ａｔｌａｓ　Ｔｅｃｈｎｏｌｏｇｉｅｓ,33,0,33,0,9563
9565,ＧＬＯＥ,3,0,0,1,ＧＬＯＥ,33,0,33,0,9565
10001,Ｃｏｃｏｌｉ,3,0,0,1,Ｃｏｃｏｌｉｖｅ,31,0,31,0,137A
10002,光フードサー,3,0,0,1,光フードサービス,21,0,21,0,138A
10004,ＶＲＡＩＮ　,3,0,0,0,ＶＲＡＩＮ　Ｓｏｌｕｔｉｏｎ,31,0,31,0,135A
10007,Ｗｉｌｌ　Ｓ,3,0,0,0,Ｗｉｌｌ　Ｓｍａｒｔ,31,0,31,0,175A
10012,ＳＢＩレオス,3,0,0,1,ＳＢＩレオスひふみ,24,0,24,0,165A
10013,タスキホール,3,0,0,1,タスキホールディングス,26,0,26,0,166A
10015,マテリアルグ,3,0,0,1,マテリアルグループ,33,0,33,0,156A
10016,グリーンモン,3,0,0,1,グリーンモンスター,33,0,33,0,157A
10018,カウリス,3,0,0,1,カウリス,31,0,31,0,153A
10019,情報戦略テク,3,0,0,1,情報戦略テクノロジー,31,0,31,0,155A
10020,Ｖｅｒｉｔａ,3,0,0,0,Ｖｅｒｉｔａｓ　Ｉｎ　Ｓｉｌｉｃｏ,8,0,8,0,130A
10023,ダイブ,3,3,0,1,ダイブ,33,0,33,0,151A
10026,Ｌ　ｉｓ　Ｂ,3,0,0,0,Ｌ　ｉｓ　Ｂ,31,0,31,0,145A
10027,ソラコム,3,0,0,1,ソラコム,31,0,31,0,147A
10028,ハッチ・ワー,3,0,0,1,ハッチ・ワーク,31,0,31,0,148A
10029,ＪＳＨ,3,0,0,1,ＪＳＨ,33,0,33,0,150A
10030,イシン,3,0,0,1,イシン,33,0,33,0,143A
10032,ジンジブ,3,3,0,1,ジンジブ,33,0,33,0,142A
10034,トライアルホ,3,0,0,1,トライアルホールディングス,21,0,21,0,141A
10043,ＰＲＩＳＭ　,3,0,0,0,ＰＲＩＳＭ　ＢｉｏＬａｂ,8,0,8,0,206A
10045,ロゴスホール,3,0,0,1,ロゴスホールディングス,3,0,3,0,205A
10046,豆蔵デジタル,3,0,0,1,豆蔵デジタルホールディングス,31,0,31,0,202A
10050,ＭＦＳ,3,0,0,1,ＭＦＳ,23,0,23,0,196A
10052,ＷＯＬＶＥＳ,3,0,0,0,ＷＯＬＶＥＳ　ＨＡＮＤ,33,0,33,0,194A
10054,ＰｏｓｔＰｒ,3,0,0,1,ＰｏｓｔＰｒｉｍｅ,31,0,31,0,198A
10055,ＭＵＳＣＡＴ,3,0,0,1,ＭＵＳＣＡＴ　ＧＲＯＵＰ,33,0,33,0,195A
10057,インテグルー,3,0,0,1,インテグループ,33,0,33,0,192A
10058,Ｃｈｏｒｄｉ,3,0,0,0,Ｃｈｏｒｄｉａ　Ｔｈｅｒａｐｅｕｔｉｃｓ,8,0,8,0,190A
10059,Ｄ＆Ｍカンパ,3,0,0,1,Ｄ＆Ｍカンパニー,33,0,33,0,189A
10061,アストロスケ,3,0,0,1,アストロスケールホールディングス,33,0,33,0,186A
10063,学びエイド,3,3,0,1,学びエイド,31,0,31,0,184A
10065,コージンバイ,3,0,0,1,コージンバイオ,7,0,7,0,177A
10066,レジル,3,0,0,1,レジル,3,0,3,0,176A
10067,ハンモック,3,0,0,1,ハンモック,31,0,31,0,173A
10068,イタミアート,3,3,0,1,イタミアート,18,0,18,0,168A
10071,シンカ,3,0,0,1,シンカ,31,0,31,0,149A
10081,タイミー,3,0,0,1,タイミー,33,0,33,0,215A
10082,Ｌｉｂｅｒａ,3,0,0,1,Ｌｉｂｅｒａｗａｒｅ,19,0,19,0,218A
10083,Ｈｅａｒｔｓ,3,0,0,1,Ｈｅａｒｔｓｅｅｄ,8,0,8,0,219A
10088,オプロ,3,0,0,1,オプロ,31,0,31,0,228A
10095,ラクサス・テ,3,0,0,1,ラクサス・テクノロジーズ,33,0,33,0,288A
10096,ユカリア,3,0,0,1,ユカリア,33,0,33,0,286A
10097,インフォメテ,3,0,0,1,インフォメティス,31,0,31,0,281A
10098,ＴＭＨ,3,0,0,1,ＴＭＨ,20,0,20,0,280A
10099,Ｔｅｒｒａ　,3,0,0,0,Ｔｅｒｒａ　Ｄｒｏｎｅ,19,0,19,0,278A
10100,ククレブ・ア,3,0,0,1,ククレブ・アドバイザーズ,26,0,26,0,276A
10107,Ｓａｐｅｅｔ,3,3,0,1,Ｓａｐｅｅｔ,31,0,31,0,269A
10108,Ｈｍｃｏｍｍ,3,3,0,1,Ｈｍｃｏｍｍ,31,0,31,0,265A
10112,Ｓｃｈｏｏ,3,3,0,1,Ｓｃｈｏｏ,33,0,33,0,264A
10116,オルツ,3,3,0,1,オルツ,31,0,31,0,260A
10124,Ａｉロボティ,3,0,0,1,Ａｉロボティクス,7,0,7,0,247A
10127,グロースエク,3,0,0,1,グロースエクスパートナーズ,31,0,31,0,244A
10128,ＩＮＧＳ,3,0,0,1,ＩＮＧＳ,21,0,21,0,245A
10129,アスア,3,0,0,1,アスア,33,0,33,0,246A
10130,キッズスター,3,0,0,1,キッズスター,31,0,31,0,248A
10131,ＲＯＸＸ,3,0,0,1,ＲＯＸＸ,31,0,31,0,241A
10142,ビースタイル,3,0,0,1,ビースタイルホールディングス,33,0,33,0,302A
10143,ＧＶＡ　ＴＥ,3,0,0,0,ＧＶＡ　ＴＥＣＨ,31,0,31,0,298A
10144,ｖｉｓｕｍｏ,3,3,0,1,ｖｉｓｕｍｏ,31,0,31,0,303A
10145,フォルシア,3,0,0,1,フォルシア,31,0,31,0,304A
10149,令和アカウン,3,0,0,1,令和アカウンティング・ホールディングス,33,0,33,0,296A
10150,Ｓｙｎｓｐｅ,3,0,0,1,Ｓｙｎｓｐｅｃｔｉｖｅ,31,0,31,0,290A
10152,ｄｅｌｙ,3,3,0,1,ｄｅｌｙ,33,0,33,0,299A
10156,リスキル,3,0,0,1,リスキル,33,0,33,0,291A
10165,Ｔａｌｅｎｔ,3,0,0,1,ＴａｌｅｎｔＸ,31,0,31,0,330A
10168,技術承継機構,3,0,0,1,技術承継機構,13,0,13,0,319A
10169,ブッキングリ,3,0,0,1,ブッキングリゾート,33,0,33,0,324A
10171,フライヤー,3,0,0,1,フライヤー,31,0,31,0,323A
10182,ミライロ,3,0,0,1,ミライロ,31,0,31,0,335A
10183,ダイナミック,3,0,0,1,ダイナミックマッププラットフォーム,31,0,31,0,336A
10184,ＺｅｎｍｕＴ,3,0,0,1,ＺｅｎｍｕＴｅｃｈ,31,0,31,0,338A
10186,ジグザグ,3,0,0,1,ジグザグ,31,0,31,0,340A
10187,トヨコー,3,0,0,1,トヨコー,3,0,3,0,341A
10191,パワーエック,3,0,0,1,パワーエックス,0,0,0,0,485A
10192,ミラティブ,3,0,0,1,ミラティブ,0,0,0,0,472A
10193,デジタルグリ,3,0,0,1,デジタルグリッド,5,0,5,0,350A
10195,フラー,3,0,0,1,フラー,31,0,31,0,387A
10197,ヒット,3,0,0,1,ヒット,33,0,33,0,378A
10199,リップス,3,0,0,1,リップス,7,0,7,0,373A
10200,エータイ,3,0,0,1,エータイ,33,0,33,0,369A
10207,クラシコ,3,0,0,1,クラシコ,0,0,0,0,442A
10208,ＮＥ,3,0,0,1,ＮＥ,0,0,0,0,441A
10209,インフキュリ,3,0,0,1,インフキュリオン,0,0,0,0,438A
10210,サイバーソリ,3,0,0,1,サイバーソリューションズ,0,0,0,0,436A
10215,ユーソナー,3,0,0,1,ユーソナー,0,0,0,0,431A
10223,ムービン・ス,3,0,0,1,ムービン・ストラテジック・キャリア,0,0,0,0,421A
10224,オーバーラッ,3,0,0,1,オーバーラップホールディングス,0,0,0,0,414A
10226,ＧＭＯ　ＴＥ,3,0,0,0,ＧＭＯ　ＴＥＣＨホールディングス,0,0,0,0,415A
10229,リブ・コンサ,3,0,0,1,リブ・コンサルティング,0,0,0,0,480A
10230,フツパー,3,0,0,1,フツパー,0,0,0,0,478A
10231,ＰＲＯＮＩ,3,0,0,1,ＰＲＯＮＩ,0,0,0,0,479A
10233,スタートライ,3,0,0,1,スタートライン,0,0,0,0,477A
10235,フィットクル,3,0,0,1,フィットクルー,0,0,0,0,469A
10236,ＦＵＮＤＩＮ,3,0,0,1,ＦＵＮＤＩＮＮＯ,0,0,0,0,462A
10237,ＢＲＡＮＵ,3,0,0,1,ＢＲＡＮＵ,0,0,0,0,460A
10239,ＱＰＳホール,3,0,0,1,ＱＰＳホールディングス,0,0,0,0,464A
10240,ＨＵＭＡＮ　,3,0,0,0,ＨＵＭＡＮ　ＭＡＤＥ,0,0,0,0,456A
10242,ノースサンド,3,0,0,1,ノースサンド,0,0,0,0,446A
10245,ＧＭＯコマー,3,0,0,1,ＧＭＯコマース,0,0,0,0,410A
10246,アクセルスペ,3,0,0,1,アクセルスペースホールディングス,0,0,0,0,402A
10248,ウェルネス・,3,0,0,1,ウェルネス・コミュニケーションズ,0,0,0,0,366A
10250,ＬＩＦＥ　Ｃ,3,0,0,1,ＬＩＦＥ　ＣＲＥＡＴＥ,0,0,0,0,352A
10252,プログレス・,3,0,0,0,プログレス・テクノロジーズ　グループ,0,0,0,0,339A
10253,ビジュアル・,3,0,0,1,ビジュアル・プロセッシング・ジャパン,0,0,0,0,334A
10255,梅乃宿酒造,3,0,0,1,梅乃宿酒造,0,0,0,0,559A
10256,犬猫生活,3,0,0,1,犬猫生活,0,0,0,0,556A
10257,ＳＱＵＥＥＺ,3,0,0,1,ＳＱＵＥＥＺＥ,0,0,0,0,558A
10258,バトンズ,3,0,0,1,バトンズ,0,0,0,0,554A
10261,ビタブリッド,3,0,0,1,ビタブリッドジャパン,0,0,0,0,542A
10266,セイワホール,3,0,0,1,セイワホールディングス,0,0,0,0,523A
10267,ベーシック,3,0,0,1,ベーシック,0,0,0,0,519A
10268,ジェイファー,3,0,0,1,ジェイファーマ,0,0,0,0,520A
10270,イノバセル,3,0,0,1,イノバセル,0,0,0,0,504A
1305,ＴＯＰＩＸ（,4,0,0,1,ＴＯＰＩＸ（年１回決算型）,38,0,38,0,1305
1306,ＴＯＰＩＸ連,4,0,0,1,ＴＯＰＩＸ連動型上場投信,38,0,38,0,1306
1308,ＴＯＰＩＸ,4,0,0,1,ＴＯＰＩＸ,38,0,38,0,1308
1309,ＣｈｉｎａＡ,4,0,0,1,ＣｈｉｎａＡＭＣ・中国株式・上証５０連動型上場投信,38,0,38,0,1309
1311,ＴＯＰＩＸ　,4,0,0,1,ＴＯＰＩＸ　Ｃｏｒｅ　３０連動型上場投信,38,0,38,0,1311
1312,ＮＥＸＴ　Ｆ,25,0,0,1,ＮＥＸＴ　ＦＵＮＤＳ　ラッセル野村小型コア・インデック,38,1,38,0,1312
1313,サムスンＫＯ,25,0,0,1,サムスンＫＯＤＥＸ２００証券上場指数投資信託株式,0,1,0,0,1313
1319,日経３００株,4,0,0,0,日経３００株価指数連動型上場投信,38,0,38,0,1319
1320,日経２２５（,4,0,0,1,日経２２５（年１回決算型）,38,0,38,0,1320
1321,日経２２５連,4,0,0,1,日経２２５連動型上場投信,38,0,38,0,1321
1322,中国Ａ株（パ,4,0,0,1,中国Ａ株（パンダ）Ｅ　Ｆｕｎｄ　ＣＳＩ３００,0,0,0,0,1322
1325,ブラジル株式,4,0,0,0,ブラジル株式指数・ボベスパ連動型上場投信,0,0,0,0,1325
1326,ＳＰＤＲゴー,4,0,0,1,ＳＰＤＲゴールド・シェア,0,0,0,0,1326
1328,金価格連動型,4,0,0,1,金価格連動型上場投信,38,0,38,0,1328
1329,日経２２５　,4,0,0,1,日経２２５　ＥＴＦ,38,0,38,0,1329
1330,２２５,4,4,0,1,２２５,38,0,38,0,1330
1343,東証ＲＥＩＴ,4,0,0,0,東証ＲＥＩＴ　指数連動型上場投信,0,0,0,0,1343
1345,Ｊリート（東,4,0,0,1,Ｊリート（東証ＲＥＩＴ指数）隔月分配型,0,0,0,0,1345
1346,日経２２５上,4,0,0,1,日経２２５上場投信,38,0,38,0,1346
1348,トピックス上,4,0,0,1,トピックス上場投信,38,0,38,0,1348
1349,ＡＢＦ汎アジ,4,0,0,1,ＡＢＦ汎アジア債券インデックス・ファンド,0,0,0,0,1349
1352,ホウスイ,22,0,0,0,ホウスイ,21,1,21,0,1352
1356,ＴＯＰＩＸベ,4,0,0,1,ＴＯＰＩＸベア２倍上場投信,38,0,38,0,1356
1357,日経平均ダブ,4,0,0,0,日経平均ダブルインバース・インデックス連動型上場投信,38,0,38,0,1357
1358,日経レバレッ,4,0,0,1,日経レバレッジ指数,38,0,38,0,1358
1360,日経平均ベア,4,0,0,1,日経平均ベア２倍上場投信,38,0,38,0,1360
1364,ＪＰＸ日経４,4,0,0,1,ＪＰＸ日経４００　ＥＴＦ,38,0,38,0,1364
1365,日経平均レバ,4,0,0,0,日経平均レバレッジ・インデックス,38,0,38,0,1365
1366,日経平均ダブ,4,0,0,0,日経平均ダブルインバース・インデックス,38,0,38,0,1366
1367,ＴＯＰＩＸレ,4,0,0,0,ＴＯＰＩＸレバレッジ（２倍）指数,38,0,38,0,1367
1368,ＴＯＰＩＸダ,4,0,0,0,ＴＯＰＩＸダブルインバース（－２倍）指数,38,0,38,0,1368
1369,Ｏｎｅ　ＥＴ,4,0,0,1,Ｏｎｅ　ＥＴＦ　日経２２５,38,0,38,0,1369
1387,ＵＢＳ　ＥＴ,25,0,0,0,ＵＢＳ　ＥＴＦ　ユーロ圏株（ＭＳＣＩ　ＥＭＵ）,38,1,38,0,1387
1388,ＵＢＳ　ＥＴ,25,0,0,0,ＵＢＳ　ＥＴＦ　ユーロ圏小型株（ＭＳＣＩ　ＥＭＵ小型株,38,1,38,0,1388
1392,ＵＢＳ　英国,25,0,0,0,ＵＢＳ　英国株,38,1,38,0,1392
1393,ＵＢＳ　米国,25,0,0,0,ＵＢＳ　米国株,38,1,38,0,1393
1394,ＵＢＳ　先進,25,0,0,0,ＵＢＳ　先進国株,38,1,38,0,1394
1397,ＳＭＤＡＭ　,4,0,0,1,ＳＭＤＡＭ　日経２２５上場投信,38,0,38,0,1397
1398,ＳＭＤＡＭ　,4,0,0,1,ＳＭＤＡＭ　東証ＲＥＩＴ指数上場投信,37,0,37,0,1398
1399,ＭＳＣＩ日本,4,0,0,0,ＭＳＣＩ日本株高配当低ボラティリティ,38,0,38,0,1399
1400,ルーデン・ホ,23,0,0,0,ルーデン・ホールディングス,3,1,3,0,1400
1413,ヒノキヤグル,21,0,0,1,ヒノキヤグループ,3,1,3,0,1413
1448,スペースバリ,21,0,0,0,スペースバリューホールディングス,3,1,3,0,1448
1451,ＫＨＣ,22,0,0,0,ＫＨＣ,3,1,3,0,1451
1452,横浜ライト工,24,0,0,0,横浜ライト工業,3,1,3,0,1452
1456,日経平均イン,4,0,0,1,日経平均インバース・インデックス,38,0,38,0,1456
1457,ＴＯＰＩＸイ,4,0,0,1,ＴＯＰＩＸインバース（－１倍）指数,38,0,38,0,1457
1458,楽天ＥＴＦ‐,4,0,0,1,楽天ＥＴＦ‐日経レバレッジ指数連動型,38,0,38,0,1458
1459,楽天ＥＴＦ‐,4,0,0,1,楽天ＥＴＦ‐日経ダブルインバース指数連動型,38,0,38,0,1459
1464,ＪＰＸ日経４,4,0,0,1,ＪＰＸ日経４００レバレッジ・インデックス,38,1,38,0,1464
1465,ＪＰＸ日経４,4,0,0,0,ＪＰＸ日経４００インバース・インデックス,38,1,38,0,1465
1466,ＪＰＸ日経４,4,0,0,0,ＪＰＸ日経４００ダブルインバース・インデックス,38,0,38,0,1466
1467,ＪＰＸ日経４,25,0,0,0,ＪＰＸ日経４００ブル２倍上場投信（レバレッジ）,38,1,38,0,1467
1468,ＪＰＸ日経４,25,0,0,0,ＪＰＸ日経４００ベア上場投信（インバース）,38,1,38,0,1468
1469,ＪＰＸ日経４,4,0,0,0,ＪＰＸ日経４００ベア２倍上場投信（ダブルインバース）,38,0,38,0,1469
1472,ＪＰＸ日経４,4,0,0,1,ＪＰＸ日経４００ダブルインバース・インデックス連動型上,38,0,38,0,1472
1473,Ｏｎｅ　ＥＴ,4,0,0,1,Ｏｎｅ　ＥＴＦ　トピックス,38,0,38,0,1473
1474,Ｏｎｅ　ＥＴ,4,0,0,1,Ｏｎｅ　ＥＴＦ　ＪＰＸ日経４００,38,0,38,0,1474
1475,ＴＯＰＩＸ　,4,0,0,1,ＴＯＰＩＸ　ＥＴＦ,38,0,38,0,1475
1476,Ｊリート　Ｅ,4,0,0,1,Ｊリート　ＥＴＦ,37,0,37,0,1476
1477,ＭＳＣＩ　日,4,0,0,0,ＭＳＣＩ　日本株最小分散　ＥＴＦ,38,0,38,0,1477
1478,ＭＳＣＩ　ジ,4,0,0,0,ＭＳＣＩ　ジャパン高配当利回り　ＥＴＦ,38,0,38,0,1478
1479,ＭＳＣＩ日本,4,0,0,0,ＭＳＣＩ日本株人材設備投資指数,38,0,38,0,1479
1480,野村企業価値,4,0,0,1,野村企業価値分配指数連動型上場投信,38,0,38,0,1480
1481,日本経済貢献,4,0,0,1,日本経済貢献株,38,0,38,0,1481
1482,米国債７－１,4,0,0,1,米国債７－１０年　ＥＴＦ（為替ヘッジあり）,38,0,38,0,1482
1483,ＪＰＸ／Ｓ＆,4,0,0,1,ＪＰＸ／Ｓ＆Ｐ設備・人材投資　ＥＴＦ,38,0,38,0,1483
1484,Ｏｎｅ　ＥＴ,4,0,0,1,Ｏｎｅ　ＥＴＦ　ＪＰＸ／Ｓ＆Ｐ　設備・人材投資指数,38,0,38,0,1484
1485,ＪＡＰＡＮ　,4,0,0,0,ＪＡＰＡＮ　設備・人材積極投資企業２００上場投信,38,0,38,0,1485
1486,米国債券（為,4,0,0,0,米国債券（為替ヘッジなし）,38,0,38,0,1486
1487,米国債券（為,4,0,0,0,米国債券（為替ヘッジあり）,38,0,38,0,1487
1488,東証ＲＥＩＴ,4,0,0,1,東証ＲＥＩＴ指数,37,0,37,0,1488
1489,日経平均高配,4,0,0,0,日経平均高配当株５０指数連動型上場投信,38,0,38,0,1489
1490,ＭＳＣＩ日本,4,0,0,0,ＭＳＣＩ日本株高配当低ボラティリティ（βヘッジ）,38,0,38,0,1490
1492,ＪＰＸ　日経,4,0,0,1,ＪＰＸ　日経中小型株指数上場投信,38,1,38,0,1492
1493,Ｏｎｅ　ＥＴ,4,0,0,1,Ｏｎｅ　ＥＴＦ　ＪＰＸ日経中小型,38,0,38,0,1493
1494,Ｏｎｅ　ＥＴ,4,0,0,1,Ｏｎｅ　ＥＴＦ　高配当日本株,38,0,38,0,1494
1495,アジアリート,4,0,0,1,アジアリート,37,0,37,0,1495
1496,米ドル建て投,4,0,0,0,米ドル建て投資適格社債　ＥＴＦ（為替ヘッジあり）,38,0,38,0,1496
1497,米ドル建てハ,4,0,0,0,米ドル建てハイイールド社債　ＥＴＦ（為替ヘッジあり）,38,0,38,0,1497
1498,Ｏｎｅ　ＥＴ,4,0,0,1,Ｏｎｅ　ＥＴＦ　ＥＳＧ,38,0,38,0,1498
1499,ＭＡＸＩＳ日,4,0,0,1,ＭＡＸＩＳ日本株高配当７０マーケットニュートラル上場投,38,0,38,0,1499
1540,純金上場信託,4,0,0,1,純金上場信託（現物国内保管型）,38,0,38,0,1540
1541,純プラチナ上,4,0,0,1,純プラチナ上場信託（現物国内保管型）,38,0,38,0,1541
1542,純銀上場信託,4,0,0,1,純銀上場信託（現物国内保管型）,38,0,38,0,1542
1543,純パラジウム,4,0,0,1,純パラジウム上場信託（現物国内保管型）,38,0,38,0,1543
1545,ＮＡＳＤＡＱ,4,0,0,1,ＮＡＳＤＡＱ－１００（為替ヘッジなし）連動型上場投信,38,0,38,0,1545
1546,ダウ・ジョー,4,0,0,1,ダウ・ジョーンズ工業株３０種平均株価（為替ヘッジなし）,38,0,38,0,1546
1547,米国株式（Ｓ,4,0,0,1,米国株式（Ｓ＆Ｐ５００）,38,0,38,0,1547
1550,海外株式（Ｍ,4,0,0,0,海外株式（ＭＳＣＩコクサイ）上場投信,38,0,38,0,1550
1551,東証スタンダ,4,0,0,1,東証スタンダードＴＯＰ２０ＥＴＦ,38,0,38,0,1551
1552,国際のＥＴＦ,4,0,0,0,国際のＥＴＦ　ＶＩＸ短期先物指数,38,1,38,0,1552
1554,世界株式（Ｍ,4,0,0,1,世界株式（ＭＳＣＩ　ＡＣＷＩ）除く日本,38,0,38,0,1554
1555,豪州リート（,4,0,0,0,豪州リート（Ｓ＆Ｐ／ＡＳＸ２００　Ａ－ＲＥＩＴ）,37,0,37,0,1555
1557,ＳＰＤＲ　Ｓ,4,0,0,0,ＳＰＤＲ　Ｓ＆Ｐ５００　ＥＴＦ,38,0,38,0,1557
1559,タイ株式ＳＥ,4,0,0,1,タイ株式ＳＥＴ５０指数連動型上場投信,38,0,38,0,1559
1560,ＦＴＳＥブル,4,0,0,1,ＦＴＳＥブルサ・マレーシアＫＬＣＩ連動型上場投信,38,0,38,0,1560
1563,東証グロース,4,0,0,1,東証グロース・コアＥＴＦ,38,0,38,0,1563
1566,新興国債券,4,0,0,1,新興国債券,38,0,38,0,1566
1568,ＴＯＰＩＸブ,4,0,0,1,ＴＯＰＩＸブル２倍上場投信,38,0,38,0,1568
1569,ＴＯＰＩＸベ,4,0,0,1,ＴＯＰＩＸベア上場投信,38,0,38,0,1569
1570,日経平均レバ,4,0,0,0,日経平均レバレッジ・インデックス連動型上場投信,38,0,38,0,1570
1571,日経平均イン,4,0,0,1,日経平均インバース・インデックス連動型上場投信,38,0,38,0,1571
1572,中国Ｈ株ブル,4,0,0,1,中国Ｈ株ブル２倍上場投信,38,0,38,0,1572
1573,中国Ｈ株ベア,4,0,0,1,中国Ｈ株ベア上場投信,38,0,38,0,1573
1575,ＣｈｉｎａＡ,25,0,0,1,ＣｈｉｎａＡＭＣ　ＣＳＩ３００　Ｉｎｄｅｘ　ＥＴＦ,38,1,38,0,1575
1577,野村日本株高,4,0,0,0,野村日本株高配当７０連動型上場投信,38,0,38,0,1577
1578,日経２２５（,4,0,0,1,日経２２５（ミニ）,38,0,38,0,1578
1579,日経平均ブル,4,0,0,1,日経平均ブル２倍上場投信,38,0,38,0,1579
1580,日経平均ベア,4,0,0,1,日経平均ベア上場投信,38,0,38,0,1580
1584,サムスンＫＯ,25,0,0,0,サムスンＫＯＤＥＸサムスングループ株証券上場指数投資信,0,1,0,0,1584
1585,ＴＯＰＩＸ　,4,0,0,0,ＴＯＰＩＸ　Ｅｘ－Ｆｉｎａｎｃｉａｌｓ,38,0,38,0,1585
1586,ＴＯＰＩＸ　,4,0,0,0,ＴＯＰＩＸ　Ｅｘ－Ｆｉｎａｎｃｉａｌｓ,38,0,38,0,1586
1591,ＪＰＸ日経イ,4,0,0,0,ＪＰＸ日経インデックス４００連動型上場投信,38,0,38,0,1591
1592,ＪＰＸ日経イ,4,0,0,0,ＪＰＸ日経インデックス４００,38,0,38,0,1592
1593,ＪＰＸ日経イ,4,0,0,0,ＪＰＸ日経インデックス４００上場投信,38,0,38,0,1593
1595,ＮＺＡＭ　上,4,0,0,1,ＮＺＡＭ　上場投信　東証ＲＥＩＴ指数,37,0,37,0,1595
1596,ＮＺＡＭ　上,4,0,0,0,ＮＺＡＭ　上場投信　ＴＯＰＩＸ　Ｅｘ－Ｆｉｎａｎｃｉａ,38,0,38,0,1596
1597,Ｊリート上場,4,0,0,1,Ｊリート上場投信,37,0,37,0,1597
1599,ＪＰＸ日経４,4,0,0,1,ＪＰＸ日経４００,38,0,38,0,1599
1615,東証銀行業株,4,0,0,0,東証銀行業株価指数連動型上場投信,0,0,0,0,1615
1617,食品（ＴＯＰ,4,0,0,0,食品（ＴＯＰＩＸ－１７）上場投信,38,0,38,0,1617
1618,エネルギー資,4,0,0,0,エネルギー資源（ＴＯＰＩＸ－１７）上場投信,38,0,38,0,1618
1619,建設・資材（,4,0,0,0,建設・資材（ＴＯＰＩＸ－１７）上場投信,38,0,38,0,1619
1620,素材・化学（,4,0,0,0,素材・化学（ＴＯＰＩＸ－１７）上場投信,38,0,38,0,1620
1621,医薬品（ＴＯ,4,0,0,0,医薬品（ＴＯＰＩＸ－１７）上場投信,38,0,38,0,1621
1622,自動車・輸送,4,0,0,0,自動車・輸送機（ＴＯＰＩＸ－１７）上場投信,38,0,38,0,1622
1623,鉄鋼・非鉄（,4,0,0,0,鉄鋼・非鉄（ＴＯＰＩＸ－１７）上場投信,38,0,38,0,1623
1624,機械（ＴＯＰ,4,0,0,0,機械（ＴＯＰＩＸ－１７）上場投信,38,0,38,0,1624
1625,電機・精密（,4,0,0,0,電機・精密（ＴＯＰＩＸ－１７）上場投信,38,0,38,0,1625
1626,情報通信・サ,4,0,0,0,情報通信・サービスその他（ＴＯＰＩＸ－１７）上場投信,38,0,38,0,1626
1627,電力・ガス（,4,0,0,0,電力・ガス（ＴＯＰＩＸ－１７）上場投信,38,0,38,0,1627
1628,運輸・物流（,4,0,0,0,運輸・物流（ＴＯＰＩＸ－１７）上場投信,38,0,38,0,1628
1629,商社・卸売（,4,0,0,0,商社・卸売（ＴＯＰＩＸ－１７）上場投信,38,0,38,0,1629
1630,小売（ＴＯＰ,4,0,0,0,小売（ＴＯＰＩＸ－１７）上場投信,38,0,38,0,1630
1631,銀行（ＴＯＰ,4,0,0,0,銀行（ＴＯＰＩＸ－１７）上場投信,38,0,38,0,1631
1632,金融（除く銀,4,0,0,0,金融（除く銀行）（ＴＯＰＩＸ－１７）上場投信,38,0,38,0,1632
1633,不動産（ＴＯ,4,0,0,0,不動産（ＴＯＰＩＸ－１７）上場投信,0,0,0,0,1633
1651,ＴＯＰＩＸ高,4,0,0,1,ＴＯＰＩＸ高配当４０指数,38,0,38,0,1651
1652,ＭＳＣＩ日本,4,0,0,0,ＭＳＣＩ日本株女性活躍指数（ＷＩＮ）,0,0,0,0,1652
1653,ＭＳＣＩジャ,4,0,0,0,ＭＳＣＩジャパンＥＳＧセレクト・リーダーズ指数,38,0,38,0,1653
1654,ＦＴＳＥ　Ｂ,4,0,0,0,ＦＴＳＥ　Ｂｌｏｓｓｏｍ　Ｊａｐａｎ　Ｉｎｄｅｘ,38,0,38,0,1654
1655,Ｓ＆Ｐ　５０,4,0,0,1,Ｓ＆Ｐ　５００　米国株　ＥＴＦ,38,0,38,0,1655
1656,米国債７－１,4,0,0,1,米国債７－１０年　ＥＴＦ,38,0,38,0,1656
1657,ＭＳＣＩ　先,4,0,0,0,ＭＳＣＩ　先進国株（除く日本）ＥＴＦ,38,0,38,0,1657
1658,ＭＳＣＩ　新,4,0,0,0,ＭＳＣＩ　新興国株　ＥＴＦ,38,0,38,0,1658
1659,米国リート　,4,0,0,1,米国リート　ＥＴＦ,37,0,37,0,1659
1660,ＭＡＸＩＳ高,4,0,0,1,ＭＡＸＩＳ高利回りＪリート上場投信,37,0,37,0,1660
1671,ＷＴＩ原油価,4,0,0,1,ＷＴＩ原油価格連動型上場投信,38,0,38,0,1671
1672,金上場投資信,4,0,0,1,金上場投資信託,0,0,0,0,1672
1673,銀上場投資信,4,0,0,1,銀上場投資信託,0,0,0,0,1673
1674,白金上場投資,4,0,0,1,白金上場投資信託,0,0,0,0,1674
1675,パラジウム上,4,0,0,1,パラジウム上場投資信託,0,0,0,0,1675
1676,貴金属バスケ,4,0,0,0,貴金属バスケット上場投資信託,0,0,0,0,1676
1677,海外債券（Ｆ,4,0,0,0,海外債券（ＦＴＳＥ　ＷＧＢＩ）毎月分配型,0,0,0,0,1677
1678,インド株式指,4,0,0,0,インド株式指数・Ｎｉｆｔｙ　５０　連動型上場投信,0,0,0,0,1678
1679,ダウ・ジョー,4,0,0,0,ダウ・ジョーンズ・インデックス上場投信,0,0,0,0,1679
1680,海外先進国株,4,0,0,0,海外先進国株式（ＭＳＣＩ－ＫＯＫＵＳＡＩ）,0,0,0,0,1680
1681,海外新興国株,4,0,0,0,海外新興国株式（ＭＳＣＩ　エマージング）,38,0,38,0,1681
1682,日経・ＪＰＸ,4,0,0,0,日経・ＪＰＸ白金指数連動型上場投信,38,1,38,0,1682
1684,ブロード上場,4,0,0,1,ブロード上場投資信託,0,0,0,0,1684
1685,エネルギー上,4,0,0,1,エネルギー上場投資信託,38,0,38,0,1685
1686,産業用金属上,4,0,0,1,産業用金属上場投資信託,38,0,38,0,1686
1687,農産物上場投,4,0,0,1,農産物上場投資信託,38,0,38,0,1687
1688,穀物上場投資,4,0,0,1,穀物上場投資信託,38,0,38,0,1688
1689,天然ガス上場,4,0,0,1,天然ガス上場投資信託,38,0,38,0,1689
1690,ＷＴＩ　原油,4,0,0,0,ＷＴＩ　原油上場投資信託,38,0,38,0,1690
1691,ガソリン上場,4,0,0,1,ガソリン上場投資信託,38,0,38,0,1691
1692,アルミニウム,4,0,0,0,アルミニウム上場投資信託,38,0,38,0,1692
1693,銅上場投資信,4,0,0,1,銅上場投資信託,38,0,38,0,1693
1694,ニッケル上場,4,0,0,1,ニッケル上場投資信託,38,0,38,0,1694
1695,小麦上場投資,4,0,0,1,小麦上場投資信託,38,0,38,0,1695
1696,とうもろこし,4,0,0,0,とうもろこし上場投資信託,38,0,38,0,1696
1697,大豆上場投資,4,0,0,1,大豆上場投資信託,38,0,38,0,1697
1698,日本高配当（,4,0,0,0,日本高配当（東証配当フォーカス１００）,38,0,38,0,1698
1699,ＮＯＭＵＲＡ,4,0,0,0,ＮＯＭＵＲＡ　原油インデックス連動型上場投信,38,0,38,0,1699
1730,麻生フオーム,99,0,0,1,麻生フオームクリート,3,0,3,0,1730
1737,三井金属エン,22,0,0,0,三井金属エンジニアリング,3,1,3,0,1737
1739,メルディアＤ,23,0,0,0,メルディアＤＣ,3,1,3,0,1739
1775,富士古河Ｅ＆,99,0,0,1,富士古河Ｅ＆Ｃ,3,0,3,0,1775
1824,前田建設工業,21,0,0,0,前田建設工業,3,1,3,0,1824
1881,NIPPO,21,0,0,0,NIPPO,3,1,3,0,1881
1883,前田道路,21,0,0,0,前田道路,3,1,3,0,1883
1954,日本工営,21,0,0,0,日本工営,3,1,3,0,1954
1971,中央ビルト工,22,0,0,0,中央ビルト工業,14,1,14,0,1971
1973,ＮＥＣネッツ,99,0,0,1,ＮＥＣネッツエスアイ,31,0,31,1,1973
2011,ＳＭＤＡＭ　,4,0,0,0,ＳＭＤＡＭ　Ａｃｔｉｖｅ　ＥＴＦ　日本高配当株式,0,0,0,0,2011
2012,米国債０－３,4,0,0,1,米国債０－３ヶ月　ＥＴＦ,0,0,0,0,2012
2013,米国高配当株,4,0,0,1,米国高配当株　ＥＴＦ,0,0,0,0,2013
2014,米国連続増配,4,0,0,1,米国連続増配株　ＥＴＦ,0,0,0,0,2014
2015,米国国債７－,4,0,0,0,米国国債７－１０年（為替ヘッジなし）,0,0,0,0,2015
2016,米国国債７－,4,0,0,0,米国国債７－１０年（為替ヘッジあり）,0,0,0,0,2016
2017,ＪＰＸプライ,4,0,0,1,ＪＰＸプライム１５０,0,0,0,0,2017
2018,グローバルＸ,4,0,0,0,グローバルＸ　ＵＳ　ＲＥＩＴ・トップ２０　ＥＴＦ,0,0,0,0,2018
2019,グローバルＸ,4,0,0,0,グローバルＸ　米国優先証券　ＥＴＦ（隔月分配型）,0,0,0,0,2019
2031,ＮＥＸＴ　Ｎ,4,0,0,0,ＮＥＸＴ　ＮＯＴＥＳ　香港ハンセン・ダブル・ブル　ＥＴ,41,0,41,0,2031
2032,ＮＥＸＴ　Ｎ,4,0,0,0,ＮＥＸＴ　ＮＯＴＥＳ　香港ハンセン・ベア　ＥＴＮ,41,0,41,0,2032
2033,ＮＥＸＴ　Ｎ,4,0,0,0,ＮＥＸＴ　ＮＯＴＥＳ　韓国ＫＯＳＰＩ・ダブル・ブル　Ｅ,41,0,41,0,2033
2034,ＮＥＸＴ　Ｎ,4,0,0,0,ＮＥＸＴ　ＮＯＴＥＳ　韓国ＫＯＳＰＩ・ベア　ＥＴＮ,41,0,41,0,2034
2036,ＮＥＸＴ　Ｎ,4,0,0,0,ＮＥＸＴ　ＮＯＴＥＳ　金先物　ダブル・ブル　ＥＴＮ,41,0,41,0,2036
2037,ＮＥＸＴ　Ｎ,4,0,0,1,ＮＥＸＴ　ＮＯＴＥＳ　金先物　ベア　ＥＴＮ,41,0,41,0,2037
2038,ＮＥＸＴ　Ｎ,4,0,0,0,ＮＥＸＴ　ＮＯＴＥＳ　ドバイ原油先物　ダブル・ブル　Ｅ,41,0,41,0,2038
2039,ＮＥＸＴ　Ｎ,4,0,0,0,ＮＥＸＴ　ＮＯＴＥＳ　ドバイ原油先物　ベア　ＥＴＮ,41,0,41,0,2039
2040,ＮＥＸＴ　Ｎ,4,0,0,0,ＮＥＸＴ　ＮＯＴＥＳ　ＮＹダウ・ダブル・ブル・ドルヘッ,38,0,38,0,2040
2041,ＮＥＸＴ　Ｎ,4,0,0,0,ＮＥＸＴ　ＮＯＴＥＳ　ＮＹダウ・ベア・ドルヘッジ　ＥＴ,41,0,41,0,2041
2042,ＮＥＸＴ　Ｎ,4,0,0,0,ＮＥＸＴ　ＮＯＴＥＳ　東証グロース市場２５０　ＥＴＮ,41,0,41,0,2042
2043,ＮＥＸＴ　Ｎ,4,0,0,0,ＮＥＸＴ　ＮＯＴＥＳ　ＳＴＯＸＸ　アセアン好配当５０（,38,0,38,0,2043
2044,ＮＥＸＴ　Ｎ,4,0,0,0,ＮＥＸＴ　ＮＯＴＥＳ　Ｓ＆Ｐ５００　配当貴族（ネットリ,38,0,38,0,2044
2045,ＮＥＸＴ　Ｎ,4,0,0,0,ＮＥＸＴ　ＮＯＴＥＳ　Ｓ＆Ｐ　シンガポール　リート（ネ,38,0,38,0,2045
2046,ＮＥＸＴ　Ｎ,4,0,0,0,ＮＥＸＴ　ＮＯＴＥＳ　インドＮｉｆｔｙ・ダブル・ブル　,38,0,38,0,2046
2047,ＮＥＸＴ　Ｎ,4,0,0,0,ＮＥＸＴ　ＮＯＴＥＳ　インドＮｉｆｔｙ・ベア　ＥＴＮ,38,0,38,0,2047
2048,ＮＥＸＴ　Ｎ,4,0,0,0,ＮＥＸＴ　ＮＯＴＥＳ　野村日本株高配当７０（ドルヘッジ,38,0,38,0,2048
2050,ＮＥＸＴ　Ｎ,4,0,0,0,ＮＥＸＴ　ＮＯＴＥＳ　ニッチトップ　中小型日本株（ネッ,38,0,38,0,2050
2065,ＮＥＸＴ　Ｎ,4,0,0,0,ＮＥＸＴ　ＮＯＴＥＳ　日本株配当貴族（ドルヘッジ、ネッ,0,0,0,0,2065
2066,ＮＥＸＴ　Ｎ,4,0,0,0,ＮＥＸＴ　ＮＯＴＥＳ　東証ＲＥＩＴ（ドルヘッジ、ネット,0,0,0,0,2066
2067,ＮＥＸＴ　Ｎ,4,0,0,0,ＮＥＸＴ　ＮＯＴＥＳ　野村ＡＩビジネス７０（ネットリタ,38,0,38,0,2067
2068,ＮＥＸＴ　Ｎ,4,0,0,0,ＮＥＸＴ　ＮＯＴＥＳ　高ベータ３０（ネットリターン）Ｅ,0,0,0,0,2068
2069,ＮＥＸＴ　Ｎ,4,0,0,0,ＮＥＸＴ　ＮＯＴＥＳ　低ベータ５０（ネットリターン）Ｅ,0,0,0,0,2069
2070,スマートＥＳ,4,0,0,0,スマートＥＳＧ３０女性活躍（ネットリターン）ＥＴＮ,41,0,41,0,2070
2071,スマートＥＳ,4,0,0,0,スマートＥＳＧ３０総合（ネットリターン）ＥＴＮ,41,0,41,0,2071
2072,トップシェア,4,0,0,0,トップシェアインデックス（ネットリターン）ＥＴＮ,41,0,41,0,2072
2073,スマートＥＳ,4,0,0,0,スマートＥＳＧ３０低カーボンリスク（ネットリターン）Ｅ,24,0,24,0,2073
2080,ＰＢＲ１倍割,4,0,0,1,ＰＢＲ１倍割れ解消推進ＥＴＦ,38,0,38,0,2080
2081,政策保有解消,4,0,0,1,政策保有解消推進ＥＴＦ,38,0,38,0,2081
2082,投資家経営者,4,0,0,1,投資家経営者一心同体ＥＴＦ,38,0,38,0,2082
2083,日本成長株ア,4,0,0,1,日本成長株アクティブ上場投信,38,0,38,0,2083
2084,日本高配当株,4,0,0,1,日本高配当株アクティブ上場投信,38,0,38,0,2084
2085,ＭＡＸＩＳ高,4,0,0,1,ＭＡＸＩＳ高配当日本株アクティブ上場投信,38,0,38,0,2085
2086,ＮＺＡＭ　上,4,0,0,0,ＮＺＡＭ　上場投信　Ｓ＆Ｐ５００（為替ヘッジあり）,38,0,38,0,2086
2087,ＮＺＡＭ　上,4,0,0,0,ＮＺＡＭ　上場投信　ＮＡＳＤＡＱ１００（為替ヘッジあり,38,0,38,0,2087
2088,ＮＺＡＭ　上,4,0,0,0,ＮＺＡＭ　上場投信　ＮＹダウ３０（為替ヘッジあり）,38,0,38,0,2088
2089,ＮＺＡＭ　上,4,0,0,1,ＮＺＡＭ　上場投信　ＤＡＸ（為替ヘッジあり）,38,0,38,0,2089
2090,ＮＺＡＭ　上,4,0,0,0,ＮＺＡＭ　上場投信　米国国債７－１０年（為替ヘッジあり,38,0,38,0,2090
2091,ＮＺＡＭ　上,4,0,0,0,ＮＺＡＭ　上場投信　ドイツ国債７－１０年（為替ヘッジあ,38,0,38,0,2091
2092,ＮＺＡＭ　上,4,0,0,0,ＮＺＡＭ　上場投信　フランス国債７－１０年（為替ヘッジ,38,0,38,0,2092
2093,上場Ｔｒａｃ,4,0,0,0,上場Ｔｒａｃｅｒｓ　米国債０－２年ラダー（為替ヘッジな,24,0,24,0,2093
2094,東証ＲＥＩＴ,4,0,0,1,東証ＲＥＩＴインバースＥＴＦ,37,0,37,0,2094
2095,グローバルＸ,4,0,0,0,グローバルＸ　Ｓ＆Ｐ５００配当貴族　ＥＴＦ（為替ヘッジ,0,0,0,0,2095
2096,グローバルＸ,4,0,0,1,グローバルＸ　オフィス・Ｊ－ＲＥＩＴ　ＥＴＦ,0,0,0,0,2096
2097,グローバルＸ,4,0,0,0,グローバルＸ　レジデンシャル・Ｊ－ＲＥＩＴ　ＥＴＦ,0,0,0,0,2097
2098,グローバルＸ,4,0,0,0,グローバルＸ　ホテル＆リテール・Ｊ－ＲＥＩＴ　ＥＴＦ,0,0,0,0,2098
2107,東洋精糖,22,4,0,1,東洋精糖,4,0,4,0,2107
2151,タケエイ,21,0,0,0,タケエイ,36,1,36,0,2151
2159,フルスピード,22,0,0,0,フルスピード,36,1,36,0,2159
2174,ＧＣＡ,21,0,0,0,ＧＣＡ,36,1,36,0,2174
2176,イナリサーチ,22,0,0,0,イナリサーチ,36,1,36,0,2176
2178,トライステー,23,0,0,0,トライステージ,36,1,36,0,2178
2191,テラ,22,0,0,0,テラ,36,1,36,0,2191
2235,米国株式（ダ,4,0,0,0,米国株式（ダウ平均）為替ヘッジなし,38,0,38,0,2235
2236,グローバルＸ,4,0,0,1,グローバルＸ　Ｓ＆Ｐ５００配当貴族ＥＴＦ,38,0,38,0,2236
2237,Ｓ＆Ｐ５００,4,0,0,1,Ｓ＆Ｐ５００レバレッジ,38,0,38,0,2237
2238,Ｓ＆Ｐ５００,4,0,0,1,Ｓ＆Ｐ５００インバース,38,0,38,0,2238
2239,Ｓ＆Ｐ５００,4,0,0,0,Ｓ＆Ｐ５００先物レバレッジ２倍,38,0,38,0,2239
2240,Ｓ＆Ｐ５００,4,0,0,0,Ｓ＆Ｐ５００先物インバース,38,0,38,0,2240
2241,ＮＹダウ上場,4,0,0,1,ＮＹダウ上場投信,38,0,38,0,2241
2242,ＮＹダウ上場,4,0,0,0,ＮＹダウ上場投信（為替ヘッジあり）,38,0,38,0,2242
2243,グローバルＸ,4,0,0,1,グローバルＸ　半導体　ＥＴＦ,38,0,38,0,2243
2244,グローバルＸ,4,0,0,0,グローバルＸ　ＵＳ　テック・トップ２０　ＥＴＦ,38,0,38,0,2244
2245,ブルームバー,4,0,0,0,ブルームバーグ・ドイツ国債（７－１０年）インデックス（,38,0,38,0,2245
2246,ブルームバー,4,0,0,0,ブルームバーグ・フランス国債（７－１０年）インデックス,38,0,38,0,2246
2247,Ｓ＆Ｐ５００,4,0,0,0,Ｓ＆Ｐ５００（為替ヘッジなし）,38,0,38,0,2247
2248,Ｓ＆Ｐ５００,4,0,0,0,Ｓ＆Ｐ５００（為替ヘッジあり）,38,0,38,0,2248
2249,Ｓ＆Ｐ５００,4,0,0,0,Ｓ＆Ｐ５００ダブルインバース,38,0,38,0,2249
2250,ＭＳＣＩ　ジ,4,0,0,0,ＭＳＣＩ　ジャパン気候変動アクション　ＥＴＦ,38,0,38,0,2250
2251,ＪＰＸ国債先,4,0,0,1,ＪＰＸ国債先物ダブルインバース指数連動型上場投信,38,0,38,0,2251
2252,グローバルＸ,4,0,0,1,グローバルＸ　Ｍｏｒｎｉｎｇｓｔａｒ　米国中小型　Ｍｏ,24,0,24,0,2252
2253,グローバルＸ,4,0,0,1,グローバルＸ　スーパーディビィデンド－ＵＳ　ＥＴＦ,38,0,38,0,2253
2254,グローバルＸ,4,0,0,1,グローバルＸ　チャイナＥＶ＆バッテリー　ＥＴＦ,38,0,38,0,2254
2255,米国債２０年,4,0,0,1,米国債２０年超　ＥＴＦ,0,0,0,0,2255
2256,米国総合債券,4,0,0,1,米国総合債券　ＥＴＦ,0,0,0,0,2256
2257,米ドル建て投,4,0,0,1,米ドル建て投資適格社債　ＥＴＦ,0,0,0,0,2257
2258,米ドル建てハ,4,0,0,0,米ドル建てハイイールド社債　ＥＴＦ,0,0,0,0,2258
2259,フランス国債,4,0,0,0,フランス国債７－１０年　ＥＴＦ（為替ヘッジあり）,0,0,0,0,2259
2352,ＷＯＷ　ＷＯ,21,0,0,0,ＷＯＷ　ＷＯＲＬＤ,36,1,36,0,2352
2372,アイロムグル,21,0,0,1,アイロムグループ,33,0,33,0,2372
2397,ＤＮＡチップ,99,0,0,1,ＤＮＡチップ研究所,33,0,33,0,2397
2402,アマナ,23,0,0,0,アマナ,36,1,36,0,2402
2412,ベネフィット,21,0,0,0,ベネフィット・ワン,36,1,36,1,2412
2427,アウトソーシ,21,0,0,0,アウトソーシング,36,1,36,1,2427
2487,ＣＤＧ,99,0,0,0,ＣＤＧ,33,0,33,0,2487
2510,国内債券・Ｎ,4,0,0,0,国内債券・ＮＯＭＵＲＡ－ＢＰＩ総合連動型上場投信,38,0,38,0,2510
2511,外国債券・Ｆ,4,0,0,0,外国債券・ＦＴＳＥ世界国債インデックス（除く日本・為替,38,0,38,0,2511
2512,外国債券・Ｆ,4,0,0,0,外国債券・ＦＴＳＥ世界国債インデックス（除く日本・為替,38,0,38,0,2512
2513,外国株式・Ｍ,4,0,0,0,外国株式・ＭＳＣＩ－ＫＯＫＵＳＡＩ指数（為替ヘッジなし,38,0,38,0,2513
2514,外国株式・Ｍ,4,0,0,0,外国株式・ＭＳＣＩ－ＫＯＫＵＳＡＩ指数（為替ヘッジあり,38,0,38,0,2514
2515,外国ＲＥＩＴ,4,0,0,0,外国ＲＥＩＴ・Ｓ＆Ｐ先進国ＲＥＩＴ指数（除く日本・為替,37,0,37,0,2515
2516,東証グロース,4,0,0,1,東証グロース２５０ＥＴＦ,38,0,38,0,2516
2517,Ｊリート・コ,4,0,0,1,Ｊリート・コア上場投信,37,0,37,0,2517
2518,ＭＳＣＩ日本,4,0,0,0,ＭＳＣＩ日本株女性活躍指数（セレクト）連動型上場投信,38,0,38,0,2518
2519,新興国債券・,4,0,0,0,新興国債券・Ｊ．Ｐ．モルガン・エマージング・マーケット,38,0,38,0,2519
2520,新興国株式・,4,0,0,0,新興国株式・ＭＳＣＩエマージング・マーケット・インデッ,38,0,38,0,2520
2521,米国株式（Ｓ,4,0,0,0,米国株式（Ｓ＆Ｐ５００）為替ヘッジあり,38,0,38,0,2521
2522,オートメーシ,4,0,0,0,オートメーション　＆　ロボット　ＥＴＦ,38,0,38,0,2522
2523,ＭＡＸＩＳト,4,0,0,1,ＭＡＸＩＳトピックス（除く金融）上場投信,38,0,38,0,2523
2524,ＮＺＡＭ　上,4,0,0,1,ＮＺＡＭ　上場投信　ＴＯＰＩＸ,38,0,38,0,2524
2525,ＮＺＡＭ　上,4,0,0,1,ＮＺＡＭ　上場投信　日経２２５,38,0,38,0,2525
2526,ＮＺＡＭ　上,4,0,0,1,ＮＺＡＭ　上場投信　ＪＰＸ日経４００,38,0,38,0,2526
2527,ＮＺＡＭ　上,4,0,0,0,ＮＺＡＭ　上場投信　東証ＲＥＩＴ　Ｃｏｒｅ指数,37,0,37,0,2527
2528,東証ＲＥＩＴ,4,0,0,1,東証ＲＥＩＴ　Ｃｏｒｅ指数,37,0,37,0,2528
2529,野村株主還元,4,0,0,0,野村株主還元７０連動型上場投信,38,0,38,0,2529
2530,ＨｕａＡｎ中,4,0,0,0,ＨｕａＡｎ中国株式（上海１８０Ａ株）上場投信,38,0,38,0,2530
2552,Ｊリート（東,4,0,0,0,Ｊリート（東証ＲＥＩＴ指数）隔月分配型（ミニ）,37,0,37,0,2552
2553,Ｏｎｅ　ＥＴ,4,0,0,1,Ｏｎｅ　ＥＴＦ　南方　中国Ａ株　ＣＳＩ５００,38,0,38,0,2553
2554,ブルームバー,4,0,0,0,ブルームバーグ米国投資適格社債（１－１０年）インデック,38,0,38,0,2554
2555,東証ＲＥＩＴ,4,0,0,1,東証ＲＥＩＴ　ＥＴＦ,37,0,37,0,2555
2556,Ｏｎｅ　ＥＴ,4,0,0,1,Ｏｎｅ　ＥＴＦ　東証ＲＥＩＴ指数,37,0,37,0,2556
2557,ＳＭＤＡＭ　,4,0,0,1,ＳＭＤＡＭ　トピックス上場投信,38,0,38,0,2557
2558,ＭＡＸＩＳ米,4,0,0,1,ＭＡＸＩＳ米国株式（Ｓ＆Ｐ５００）上場投信,38,0,38,0,2558
2559,ＭＡＸＩＳ全,4,0,0,0,ＭＡＸＩＳ全世界株式（オール・カントリー）上場投信,38,0,38,0,2559
2560,ＭＡＸＩＳカ,4,0,0,0,ＭＡＸＩＳカーボン・エフィシェント日本株上場投信,38,0,38,0,2560
2561,日本国債　Ｅ,4,0,0,1,日本国債　ＥＴＦ,38,0,38,0,2561
2562,米国株式（ダ,4,0,0,0,米国株式（ダウ平均）為替ヘッジあり,38,0,38,0,2562
2563,Ｓ＆Ｐ　５０,4,0,0,0,Ｓ＆Ｐ　５００　米国株　ＥＴＦ（為替ヘッジあり）,38,0,38,0,2563
2564,グローバルＸ,4,0,0,0,グローバルＸ　ＭＳＣＩスーパーディビィデンド－日本株式,24,0,24,0,2564
2565,グローバルＸ,4,0,0,0,グローバルＸ　ロジスティクス・Ｊ－ＲＥＩＴ　ＥＴＦ,37,0,37,0,2565
2566,日経ＥＳＧリ,4,0,0,1,日経ＥＳＧリート,37,0,37,0,2566
2567,ＮＺＡＭ　上,4,0,0,0,ＮＺＡＭ　上場投信　Ｓ＆Ｐ／ＪＰＸカーボン・エフィシェ,38,0,38,0,2567
2568,米国株式（Ｎ,4,0,0,0,米国株式（ＮＡＳＤＡＱ１００）為替ヘッジなし,38,0,38,0,2568
2569,米国株式（Ｎ,4,0,0,0,米国株式（ＮＡＳＤＡＱ１００）為替ヘッジあり,38,0,38,0,2569
2620,米国債１－３,4,0,0,1,米国債１－３年　ＥＴＦ,38,0,38,0,2620
2621,米国債２０年,4,0,0,0,米国債２０年超　ＥＴＦ（為替ヘッジあり）,38,0,38,0,2621
2622,米ドル建て新,4,0,0,0,米ドル建て新興国債券　ＥＴＦ（為替ヘッジあり）,38,0,38,0,2622
2623,ユーロ建て投,4,0,0,0,ユーロ建て投資適格社債　ＥＴＦ（為替ヘッジあり）,38,0,38,0,2623
2624,日経２２５（,4,0,0,1,日経２２５（年４回決算型）,38,0,38,0,2624
2625,ＴＯＰＩＸ（,4,0,0,1,ＴＯＰＩＸ（年４回決算型）,38,0,38,0,2625
2626,グローバルＸ,4,0,0,0,グローバルＸ　デジタル・イノベーション－日本株式　ＥＴ,38,0,38,0,2626
2627,グローバルＸ,4,0,0,1,グローバルＸ　ｅコマース－日本株式　ＥＴＦ,38,0,38,0,2627
2628,中国科創板５,4,0,0,0,中国科創板５０（ＳＴＡＲ５０）,38,0,38,0,2628
2629,中国グレータ,4,0,0,0,中国グレーターベイエリア・イノベーション１００（ＧＢＡ,38,0,38,0,2629
2630,ＭＡＸＩＳ米,4,0,0,0,ＭＡＸＩＳ米国株式（Ｓ＆Ｐ５００）上場投信（為替ヘッジ,38,0,38,0,2630
2631,ＭＡＸＩＳナ,4,0,0,1,ＭＡＸＩＳナスダック１００上場投信,38,0,38,0,2631
2632,ＭＡＸＩＳナ,4,0,0,0,ＭＡＸＩＳナスダック１００上場投信（為替ヘッジあり）,38,0,38,0,2632
2633,Ｓ＆Ｐ　５０,4,0,0,0,Ｓ＆Ｐ　５００　指数（為替ヘッジなし）連動型上場投信,38,0,38,0,2633
2634,Ｓ＆Ｐ　５０,4,0,0,0,Ｓ＆Ｐ　５００　指数（為替ヘッジあり）連動型上場投信,38,0,38,0,2634
2635,Ｓ＆Ｐ　５０,4,0,0,0,Ｓ＆Ｐ　５００スコアリング＆スクリーニング指数連動型上,38,0,38,0,2635
2636,グローバルＸ,4,0,0,0,グローバルＸ　ＭＳＣＩ　ガバナンス・クオリティ－日本株,24,0,24,0,2636
2637,グローバルＸ,4,0,0,0,グローバルＸ　クリーンテック－日本株式　ＥＴＦ,38,0,38,0,2637
2638,グローバルＸ,4,0,0,0,グローバルＸ　ロボティクス＆ＡＩ－日本株式　ＥＴＦ,38,0,38,0,2638
2639,グローバルＸ,4,0,0,0,グローバルＸ　バイオ＆メドテック－日本株式　ＥＴＦ,38,0,38,0,2639
2640,グローバルＸ,4,0,0,0,グローバルＸ　ゲーム＆アニメ－日本株式　ＥＴＦ,38,0,38,0,2640
2641,グローバルＸ,4,0,0,0,グローバルＸ　グローバルリーダーズ－日本株式　ＥＴＦ,38,0,38,0,2641
2642,ＳＭＴ　ＥＴ,4,0,0,1,ＳＭＴ　ＥＴＦカーボン・エフィシェント日本株,38,0,38,0,2642
2643,ＭＳＣＩジャ,4,0,0,0,ＭＳＣＩジャパンカントリー指数（セレクト）連動型上場投,38,0,38,0,2643
2644,グローバルＸ,4,0,0,1,グローバルＸ　半導体関連－日本株式　ＥＴＦ,38,0,38,0,2644
2645,グローバルＸ,4,0,0,0,グローバルＸ　レジャー＆エンターテインメント－日本株式,24,0,24,0,2645
2646,グローバルＸ,4,0,0,0,グローバルＸ　メタルビジネス－日本株式　ＥＴＦ,38,0,38,0,2646
2647,ブルームバー,4,0,0,0,ブルームバーグ米国国債（７－１０年）インデックス（為替,38,0,38,0,2647
2648,ブルームバー,4,0,0,0,ブルームバーグ米国国債（７－１０年）インデックス（為替,38,0,38,0,2648
2649,米国政府系機,4,0,0,0,米国政府系機関ジニーメイＭＢＳ　ＥＴＦ（為替ヘッジあり,38,0,38,0,2649
2651,ローソン,21,2,0,0,ローソン,22,1,22,1,2651
2706,ブロッコリー,22,0,0,0,ブロッコリー,20,1,20,0,2706
2729,ＪＡＬＵＸ,22,0,0,0,ＪＡＬＵＸ,21,1,21,0,2729
2754,東葛ホールデ,22,0,0,0,東葛ホールディングス,21,0,21,0,2754
2773,ミューチュア,22,0,0,0,ミューチュアル,14,1,14,0,2773
2777,カッシーナ・,22,0,0,0,カッシーナ・イクスシー,21,1,21,0,2777
2812,焼津水産化学,22,0,0,0,焼津水産化学工業,4,1,4,0,2812
2836,グローバルＸ,4,0,0,1,グローバルＸ　フィンテック－日本株式　ＥＴＦ,38,0,38,0,2836
2837,グローバルＸ,4,0,0,0,グローバルＸ　中小型リーダーズ－日本株式　ＥＴＦ,38,0,38,0,2837
2838,ＭＡＸＩＳ米,4,0,0,0,ＭＡＸＩＳ米国国債７－１０年上場投信（為替ヘッジなし）,38,0,38,0,2838
2839,ＭＡＸＩＳ米,4,0,0,0,ＭＡＸＩＳ米国国債７－１０年上場投信（為替ヘッジあり）,38,0,38,0,2839
2840,ＮＡＳＤＡＱ,4,0,0,0,ＮＡＳＤＡＱ１００（為替ヘッジなし）,38,0,38,0,2840
2841,ＮＡＳＤＡＱ,4,0,0,0,ＮＡＳＤＡＱ１００（為替ヘッジあり）,38,0,38,0,2841
2842,ＮＡＳＤＡＱ,4,0,0,0,ＮＡＳＤＡＱ１００インバース,38,0,38,0,2842
2843,豪州国債（為,4,0,0,0,豪州国債（為替ヘッジあり）,38,0,38,0,2843
2844,豪州国債（為,4,0,0,0,豪州国債（為替ヘッジなし）,38,0,38,0,2844
2845,ＮＡＳＤＡＱ,4,0,0,0,ＮＡＳＤＡＱ－１００（為替ヘッジあり）連動型上場投信,38,0,38,0,2845
2846,ダウ・ジョー,4,0,0,0,ダウ・ジョーンズ工業株３０種平均株価（為替ヘッジあり）,38,0,38,0,2846
2847,グローバルＸ,4,0,0,0,グローバルＸ　新成長インフラ－日本株式　ＥＴＦ,38,0,38,0,2847
2848,グローバルＸ,4,0,0,0,グローバルＸ　ＭＳＣＩ　気候変動対応－日本株式　ＥＴＦ,38,0,38,0,2848
2849,グローバルＸ,4,0,0,0,グローバルＸ　Ｍｏｒｎｉｎｇｓｔａｒ　高配当　ＥＳＧ－,38,0,38,0,2849
2850,Ｓｏｌａｃｔ,4,0,0,0,ＳｏｌａｃｔｉｖｅジャパンＥＳＧコア指数連動型上場投信,38,0,38,0,2850
2851,ＭＳＣＩ　ジ,4,0,0,0,ＭＳＣＩ　ジャパンＳＲＩ　ＥＴＦ,38,0,38,0,2851
2852,グリーンＪリ,4,0,0,1,グリーンＪリート　ＥＴＦ,37,0,37,0,2852
2853,気候リスク調,4,0,0,0,気候リスク調整世界国債　ＥＴＦ（除く日本・為替ヘッジあ,38,0,38,0,2853
2854,グローバルＸ,4,0,0,0,グローバルＸ　テック・トップ２０－日本株式　ＥＴＦ,38,0,38,0,2854
2855,グローバルＸ,4,0,0,1,グローバルＸ　グリーン・Ｊ－ＲＥＩＴ　ＥＴＦ,37,0,37,0,2855
2856,米国債３－７,4,0,0,0,米国債３－７年　ＥＴＦ（為替ヘッジあり）,38,0,38,0,2856
2857,ドイツ国債　,4,0,0,0,ドイツ国債　ＥＴＦ（為替ヘッジあり）,38,0,38,0,2857
2858,グローバルＸ,4,0,0,0,グローバルＸ　日経２２５　カバード・コール　ＥＴＦ（プ,38,0,38,0,2858
2859,ユーロ・スト,4,0,0,0,ユーロ・ストックス５０指数（為替ヘッジあり）連動型上場,38,0,38,0,2859
2860,ドイツ株式・,4,0,0,0,ドイツ株式・ＤＡＸ（為替ヘッジあり）連動型上場投信,38,0,38,0,2860
2861,フランス国債,4,0,0,0,フランス国債（為替ヘッジなし）,38,0,38,0,2861
2862,フランス国債,4,0,0,0,フランス国債（為替ヘッジあり）,38,0,38,0,2862
2863,Ｓ＆Ｐ米国株,4,0,0,0,Ｓ＆Ｐ米国株式・債券バランス保守型指数（為替ヘッジあり,38,0,38,0,2863
2864,グローバルＸ,4,0,0,0,グローバルＸ　ロジスティクス・ＲＥＩＴ　ＥＴＦ,37,0,37,0,2864
2865,グローバルＸ,4,0,0,0,グローバルＸ　ＮＡＳＤＡＱ１００・カバード・コール　Ｅ,38,0,38,0,2865
2866,グローバルＸ,4,0,0,1,グローバルＸ　米国優先証券　ＥＴＦ,38,0,38,0,2866
2867,グローバルＸ,4,0,0,1,グローバルＸ　自動運転＆ＥＶ　ＥＴＦ,38,0,38,0,2867
2868,グローバルＸ,4,0,0,0,グローバルＸ　Ｓ＆Ｐ５００・カバード・コール　ＥＴＦ,38,0,38,0,2868
2869,ＮＡＳＤＡＱ,4,0,0,0,ＮＡＳＤＡＱ１００レバレッジ,38,0,38,0,2869
2870,ＮＡＳＤＡＱ,4,0,0,0,ＮＡＳＤＡＱ１００ダブルインバース,38,0,38,0,2870
2905,オーケー食品,22,0,0,0,オーケー食品工業,4,1,4,0,2905
2925,ピックルスコ,21,0,0,0,ピックルスコーポレーション,4,1,4,0,2925
2971,エスコンジャ,4,0,0,1,エスコンジャパンリート投資法人,37,0,37,0,2971
2972,サンケイリア,4,0,0,1,サンケイリアルエステート投資法人,38,0,38,0,2972
2977,Ｌｉｖｅｎｕ,24,0,0,0,Ｌｉｖｅｎｕｐ　Ｇｒｏｕｐ,26,1,26,0,2977
2979,ＳＯＳｉＬＡ,4,0,0,1,ＳＯＳｉＬＡ物流リート投資法人,37,0,37,0,2979
2985,ファーストス,24,0,0,0,ファーストステージ,26,1,26,0,2985
2989,東海道リート,4,0,0,1,東海道リート投資法人,37,0,37,0,2989
2990,アイダ設計,24,0,0,0,アイダ設計,26,1,26,0,2990
2992,アーバンライ,24,0,0,0,アーバンライク,26,1,26,0,2992
2994,アンサーホー,24,0,0,0,アンサーホールディングス,26,1,26,0,2994
2995,ジェイレック,24,0,0,0,ジェイレックス・コーポレーション,26,1,26,0,2995
3085,アークランド,21,0,0,0,アークランドサービスホールディングス,36,1,36,0,3085
3098,ココカラファ,21,0,0,0,ココカラファイン,22,1,22,0,3098
3226,日本アコモデ,4,0,0,1,日本アコモデーションファンド投資法人,38,0,38,0,3226
3228,三栄建築設計,21,0,0,0,三栄建築設計,27,1,27,0,3228
3234,森ヒルズリー,4,0,0,1,森ヒルズリート投資法人,37,0,37,0,3234
3244,サムティ,21,0,0,0,サムティ,27,1,27,1,3244
3249,産業ファンド,4,0,0,1,産業ファンド投資法人,38,0,38,0,3249
3264,アスコット,99,0,0,1,アスコット,26,0,26,0,3264
3269,アドバンス・,4,0,0,1,アドバンス・レジデンス投資法人,38,0,38,0,3269
3279,アクティビア,4,0,0,1,アクティビア・プロパティーズ投資法人,38,0,38,0,3279
3281,ＧＬＰ投資法,4,0,0,1,ＧＬＰ投資法人,38,0,38,0,3281
3282,コンフォリア,4,0,0,1,コンフォリア・レジデンシャル投資法人,38,0,38,0,3282
3283,日本プロロジ,4,0,0,1,日本プロロジスリート投資法人,37,0,37,0,3283
3287,星野リゾート,4,0,0,1,星野リゾート・リート投資法人,37,0,37,0,3287
3290,Ｏｎｅリート,4,0,0,1,Ｏｎｅリート投資法人,37,0,37,0,3290
3292,イオンリート,4,0,0,1,イオンリート投資法人,37,0,37,0,3292
3295,ヒューリック,4,0,0,1,ヒューリックリート投資法人,37,0,37,0,3295
3296,日本リート投,4,0,0,1,日本リート投資法人,37,0,37,0,3296
3309,積水ハウス・,4,0,0,1,積水ハウス・リート投資法人,37,0,37,0,3309
3316,東京日産コン,22,0,0,0,東京日産コンピュータシステム,21,1,21,0,3316
3356,テリロジー,22,0,0,0,テリロジー,21,1,21,0,3356
3376,オンリー,21,0,0,0,オンリー,22,1,22,0,3376
3390,ＩＮＥＳＴ,22,0,0,0,ＩＮＥＳＴ,21,1,21,0,3390
3408,サカイオーベ,21,0,0,0,サカイオーベックス,5,1,5,0,3408
3448,清鋼材,24,0,0,0,清鋼材,13,1,13,0,3448
3450,サトウ産業,24,0,0,0,サトウ産業,13,1,13,0,3450
3451,トーセイ・リ,4,0,0,1,トーセイ・リート投資法人,37,0,37,0,3451
3455,ヘルスケア＆,4,0,0,1,ヘルスケア＆メディカル投資法人,38,0,38,0,3455
3458,シーアールイ,99,0,0,1,シーアールイー,26,0,26,0,3458
3459,サムティ・レ,4,0,0,1,サムティ・レジデンシャル投資法人,38,0,38,0,3459
3462,野村不動産マ,4,0,0,1,野村不動産マスターファンド投資法人,38,0,38,0,3462
3463,いちごホテル,4,0,0,1,いちごホテルリート投資法人,37,0,37,0,3463
3464,プロパティエ,21,0,0,0,プロパティエージェント,27,1,27,0,3464
3466,ラサールロジ,4,0,0,1,ラサールロジポート投資法人,38,0,38,0,3466
3468,スターアジア,4,0,0,1,スターアジア不動産投資法人,38,0,38,0,3468
3470,マリモ地方創,4,0,0,1,マリモ地方創生リート投資法人,37,0,37,0,3470
3471,三井不動産ロ,4,0,0,1,三井不動産ロジスティクスパーク投資法人,38,0,38,0,3471
3472,日本ホテル＆,4,0,0,1,日本ホテル＆レジデンシャル投資法人,37,0,37,0,3472
3476,投資法人みら,4,0,0,1,投資法人みらい,38,0,38,0,3476
3478,森トラスト・,25,0,0,0,森トラスト・ホテルリート投資法人,37,1,37,0,3478
3481,三菱地所物流,4,0,0,1,三菱地所物流リート投資法人,37,0,37,0,3481
3487,ＣＲＥロジス,4,0,0,1,ＣＲＥロジスティクスファンド投資法人,38,0,38,0,3487
3488,ザイマックス,4,0,0,1,ザイマックス・リート投資法人,37,0,37,0,3488
3492,タカラレーベ,4,0,0,1,タカラレーベン不動産投資法人,38,0,38,0,3492
3493,アドバンス・,4,0,0,0,アドバンス・ロジスティクス投資法人,38,1,38,0,3493
3528,ミライノベー,22,0,0,0,ミライノベート,27,1,27,0,3528
3578,倉庫精練,22,0,0,0,倉庫精練,5,1,5,0,3578
3604,川本産業,22,0,0,1,川本産業,5,0,5,0,3604
3658,イーブックイ,21,0,0,0,イーブックイニシアティブジャパン,36,1,36,0,3658
3666,テクノスジャ,99,0,0,1,テクノスジャパン,31,0,31,0,3666
3677,システム情報,21,0,0,0,システム情報,33,1,33,0,3677
3738,ティーガイア,99,0,0,1,ティーガイア,31,0,31,1,3738
3751,日本アジアグ,21,0,0,0,日本アジアグループ,36,1,36,0,3751
3782,ディー・ディ,23,0,0,0,ディー・ディー・エス,36,1,36,0,3782
3784,ヴィンクス,22,0,0,0,ヴィンクス,33,1,33,0,3784
3852,サイバーコム,22,0,0,0,サイバーコム,33,1,33,0,3852
3906,ＡＬＢＥＲＴ,23,0,0,0,ＡＬＢＥＲＴ,36,1,36,0,3906
3919,パイプドＨＤ,22,0,0,0,パイプドＨＤ,36,1,36,0,3919
3956,国際チャート,99,0,0,0,国際チャート,6,1,6,0,3956
3960,バリューデザ,23,0,0,0,バリューデザイン,36,1,36,0,3960
3966,ユーザベース,23,0,0,0,ユーザベース,36,1,36,0,3966
3975,ＡＯＩ　ＴＹ,21,0,0,0,ＡＯＩ　ＴＹＯ　Ｈｏｌｄｉｎｇｓ,36,1,36,0,3975
3978,マクロミル,21,0,0,1,マクロミル,31,0,31,0,3978
3990,ＵＵＵＭ,99,0,0,1,ＵＵＵＭ,31,0,31,0,3990
3999,ナレッジスイ,23,0,0,0,ナレッジスイート,36,1,36,0,3999
4115,本州化学工業,22,0,0,0,本州化学工業,7,1,7,0,4115
4173,ＷＡＣＵＬ,23,0,0,1,ＷＡＣＵＬ,31,0,31,0,4173
4185,ＪＳＲ,21,0,0,0,ＪＳＲ,7,1,7,0,4185
4200,ＨＣＳホール,22,0,0,0,ＨＣＳホールディングス,33,1,33,0,4200
4257,エヴィクサー,24,0,0,0,エヴィクサー,31,1,31,0,4257
4266,ビッグツリー,99,0,0,0,ビッグツリーテクノロジー＆コンサルティング,0,1,0,0,4266
4268,エッジテクノ,99,0,0,0,エッジテクノロジー,31,0,31,0,4268
4282,ＥＰＳホール,21,0,0,0,ＥＰＳホールディングス,36,1,36,0,4282
4295,フェイス,99,0,0,0,フェイス,31,0,31,0,4295
4298,プロトコーポ,21,0,0,1,プロトコーポレーション,33,0,33,0,4298
4304,Ｅストアー,99,0,0,1,Ｅストアー,31,0,31,0,4304
4312,サイバネット,22,0,0,0,サイバネットシステム,33,1,33,0,4312
4327,日本エス・エ,22,0,0,0,日本エス・エイチ・エル,36,1,36,0,4327
4336,クリエアナブ,99,0,0,0,クリエアナブキ,36,1,36,0,4336
4342,セコム上信越,22,0,0,0,セコム上信越,36,1,36,0,4342
4355,ロングライフ,22,0,0,0,ロングライフホールディング,36,1,36,0,4355
4364,マナック,22,0,0,0,マナック,7,1,7,0,4364
4399,くふうカンパ,23,0,0,0,くふうカンパニー,36,1,36,0,4399
4423,アルテリア・,21,0,0,0,アルテリア・ネットワークス,33,1,33,0,4423
4426,パスロジ,24,0,0,0,パスロジ,31,1,31,0,4426
4435,カオナビ,99,0,0,1,カオナビ,31,0,31,0,4435
4485,ＪＴＯＷＥＲ,23,0,0,1,ＪＴＯＷＥＲ,31,0,31,0,4485
4489,ペイロール,23,0,0,0,ペイロール,33,1,33,0,4489
4497,ロコガイド,23,0,0,0,ロコガイド,36,1,36,0,4497
4541,日医工,21,0,0,0,日医工,8,1,8,0,4541
4550,日水製薬,21,0,0,0,日水製薬,8,1,8,0,4550
4581,大正製薬ホー,22,0,0,0,大正製薬ホールディングス,8,1,8,0,4581
4621,ロックペイン,22,0,0,0,ロックペイント,7,1,7,0,4621
4636,Ｔ＆Ｋ　ＴＯ,21,0,0,0,Ｔ＆Ｋ　ＴＯＫＡ,7,1,7,0,4636
4653,ダイオーズ,21,0,0,0,ダイオーズ,36,1,36,0,4653
4699,ウチダエスコ,22,0,0,0,ウチダエスコ,36,1,36,0,4699
4708,りらいあコミ,21,0,0,0,りらいあコミュニケーションズ,36,1,36,0,4708
4739,伊藤忠テクノ,21,0,0,0,伊藤忠テクノソリューションズ,33,1,33,1,4739
4748,構造計画研究,22,0,0,0,構造計画研究所,33,1,33,0,4748
4764,Ｎｅｘｕｓ　,99,0,0,0,Ｎｅｘｕｓ　Ｂａｎｋ,36,1,36,0,4764
4781,日本ハウズイ,22,0,0,0,日本ハウズイング,36,1,36,0,4781
4921,ファンケル,99,0,0,0,ファンケル,7,0,7,1,4921
4930,グラフィコ,22,0,0,0,グラフィコ,7,1,7,0,4930
4962,互応化学工業,22,0,0,0,互応化学工業,7,1,7,0,4962
4963,星光ＰＭＣ,21,0,0,0,星光ＰＭＣ,7,1,7,0,4963
4999,セメダイン,22,0,0,0,セメダイン,7,1,7,0,4999
5008,東亜石油,22,0,0,0,東亜石油,9,1,9,0,5008
5022,レボインター,24,0,0,0,レボインターナショナル,9,1,9,0,5022
5030,インフォメテ,99,0,0,0,インフォメティス,0,1,0,0,5030
5037,フィットワー,24,0,0,0,フィットワークス,31,1,31,0,5037
5039,キットアライ,99,0,0,0,キットアライブ,0,1,0,0,5039
5072,アートフォー,24,0,0,0,アートフォースジャパン,3,1,3,0,5072
5077,ハンズ,24,0,0,0,ハンズ,3,1,3,0,5077
5104,日東化工,22,0,0,0,日東化工,10,1,10,0,5104
5127,グッピーズ,23,0,0,1,グッピーズ,33,1,33,0,5127
5128,ＷＯＷ　ＷＯ,21,0,0,0,ＷＯＷ　ＷＯＲＬＤ　ＧＲＯＵＰ,36,1,36,0,5128
5130,ヒロホールデ,24,0,0,0,ヒロホールディングス,31,1,31,0,5130
5135,ＡＩＲ－Ｕ,24,0,0,0,ＡＩＲ－Ｕ,31,1,31,0,5135
5241,日本オーエー,24,0,0,0,日本オーエー研究所,31,1,31,0,5241
5249,あさかわシス,24,0,0,0,あさかわシステムズ,31,1,31,0,5249
5251,ウイズ・ワン,24,0,0,0,ウイズ・ワン,31,1,31,0,5251
5277,スパンクリー,99,0,0,1,スパンクリートコーポレーション,11,0,11,0,5277
5358,イソライト工,21,0,0,0,イソライト工業,11,1,11,0,5358
5387,チヨダウーテ,22,0,0,0,チヨダウーテ,11,1,11,0,5387
5395,理研コランダ,22,0,0,0,理研コランダム,11,1,11,0,5395
5481,山陽特殊製鋼,99,0,0,1,山陽特殊製鋼,12,0,12,0,5481
5486,日立金属,21,0,0,0,日立金属,12,1,12,0,5486
5525,フロンティア,24,0,0,0,フロンティアホールディングス,26,1,26,0,5525
5528,フロンティア,24,0,0,0,フロンティアハウス,26,1,26,0,5528
5529,Ｎｏ．１都市,24,0,0,0,Ｎｏ．１都市開発,26,1,26,0,5529
5531,中山不動産,24,0,0,0,中山不動産,26,1,26,0,5531
5534,エンゼルグル,24,0,0,0,エンゼルグループ,26,1,26,0,5534
5536,京橋アートレ,24,0,0,0,京橋アートレジデンス,26,1,26,0,5536
5573,働楽ホールデ,24,0,0,0,働楽ホールディングス,31,1,31,0,5573
5579,ＧＳＩ,99,0,0,0,ＧＳＩ,0,1,0,0,5579
5581,カイテクノロ,24,0,0,0,カイテクノロジー,31,1,31,0,5581
5583,フラー,99,0,0,0,フラー,0,1,0,0,5583
5584,Ｓｔｒａｗｂ,24,0,0,0,Ｓｔｒａｗｂｅｒｒｙ　ｊａｍｓ,31,1,31,0,5584
5585,エコナビスタ,23,0,0,1,エコナビスタ,31,0,31,0,5585
5594,エム・デー・,24,0,0,0,エム・デー・ビー,31,1,31,0,5594
5598,Ｙｏｔｔａｖ,24,0,0,0,Ｙｏｔｔａｖｉａｓ,31,1,31,0,5598
5617,ウィル・ドゥ,24,0,0,0,ウィル・ドゥ,31,1,31,0,5617
5620,エスピーオー,24,0,0,0,エスピーオー,31,1,31,0,5620
5622,ワンビ,24,0,0,0,ワンビ,31,1,31,0,5622
5690,リバーホール,22,0,0,0,リバーホールディングス,12,1,12,0,5690
5759,日本電解,23,0,0,0,日本電解,14,0,14,0,5759
5781,東邦金属,22,0,0,0,東邦金属,13,1,13,0,5781
5807,東京特殊電線,22,5,0,0,東京特殊電線,13,1,13,0,5807
5809,タツタ電線,21,0,0,0,タツタ電線,14,1,14,0,5809
5839,ホロスホール,99,0,0,0,ホロスホールディングス,0,1,0,0,5839
5840,日本総険,24,0,0,0,日本総険,25,1,25,0,5840
5865,マイファーム,24,0,0,0,マイファーム,33,1,33,0,5865
5866,ＷｉｚＢｉｚ,24,0,0,0,ＷｉｚＢｉｚ,33,1,33,0,5866
5881,サンフェステ,24,0,0,0,サンフェステ,21,1,21,0,5881
5883,ＧＴホールデ,24,0,0,0,ＧＴホールディングス,20,1,20,0,5883
5886,ＯＯＫＡＢＥ,24,0,0,0,ＯＯＫＡＢＥ　ＧＬＡＳＳ,20,1,20,0,5886
5887,光響,24,0,0,0,光響,20,1,20,0,5887
5890,オフィスバス,24,0,0,0,オフィスバスターズ,21,1,21,0,5890
5893,ＲＡＶＩＰＡ,24,0,0,0,ＲＡＶＩＰＡ,21,1,21,0,5893
5907,ＪＦＥコンテ,22,0,0,0,ＪＦＥコンテイナー,13,1,13,0,5907
5935,元旦ビューテ,99,0,0,1,元旦ビューティ工業,13,0,13,0,5935
5964,東洋刃物,22,0,0,0,東洋刃物,13,1,13,0,5964
5999,イハラサイエ,22,0,0,0,イハラサイエンス,13,1,13,0,5999
6032,インターワー,22,0,0,0,インターワークス,36,1,36,0,6032
6067,インパクトホ,23,0,0,0,インパクトホールディングス,36,1,36,0,6067
6121,ＴＡＫＩＳＡ,22,0,0,0,ＴＡＫＩＳＡＷＡ,14,1,14,0,6121
6131,浜井産業,22,0,0,1,浜井産業,15,0,15,0,6131
6168,ＯＮＥ　ＧＲ,24,0,0,0,ＯＮＥ　ＧＲＯＵＰ,15,1,15,0,6168
6172,メタップス,23,0,0,0,メタップス,36,1,36,0,6172
6175,ネットマーケ,22,0,0,0,ネットマーケティング,36,1,36,0,6175
6188,富士ソフトサ,22,0,0,0,富士ソフトサービスビューロ,36,1,36,0,6188
6192,ハイアス・ア,23,0,0,0,ハイアス・アンド・カンパニー,36,1,36,0,6192
6205,ニデックオー,22,0,0,0,ニデックオーケーケー,14,1,14,0,6205
6271,ニッセイ,22,0,0,0,ニッセイ,14,1,14,0,6271
6281,前田製作所,99,0,0,0,前田製作所,14,1,14,0,6281
6299,神鋼環境ソリ,22,0,0,0,神鋼環境ソリューション,14,1,14,0,6299
6303,ササクラ,22,0,0,0,ササクラ,14,1,14,0,6303
6319,シンニッタン,22,0,0,1,シンニッタン,12,0,12,0,6319
6355,住友精密工業,22,0,0,0,住友精密工業,14,1,14,0,6355
6362,石井鐵工所,99,0,0,0,石井鐵工所,15,0,15,0,6362
6409,キトー,21,0,0,0,キトー,14,1,14,0,6409
6461,日本ピストン,21,0,0,0,日本ピストンリング,14,1,14,0,6461
6462,リケン,21,0,0,0,リケン,14,1,14,0,6462
6502,東芝,21,0,0,0,東芝,15,1,15,0,6502
6527,ワカ製作所,24,0,0,0,ワカ製作所,16,1,16,0,6527
6541,グレイステク,21,0,0,0,グレイステクノロジー,36,1,36,0,6541
6553,ソウルドアウ,21,0,0,0,ソウルドアウト,36,1,36,0,6553
6556,ウェルビー,21,0,0,0,ウェルビー,36,1,36,0,6556
6569,日総工産,21,0,0,0,日総工産,36,1,36,0,6569
6575,新規上場,99,0,0,0,新規上場,0,1,0,0,6575
6596,筑波精工,24,0,0,0,筑波精工,16,1,16,0,6596
6618,大泉製作所,23,0,0,0,大泉製作所,15,1,15,0,6618
6639,コンテック,22,0,0,0,コンテック,15,1,15,0,6639
6640,Ｉ－ＰＥＸ,99,0,0,1,Ｉ－ＰＥＸ,16,0,16,0,6640
6641,日新電機,21,0,0,0,日新電機,15,1,15,0,6641
6697,テックポイン,99,0,0,1,テックポイント・インク　ＪＤＲ,16,0,16,0,6697
6698,ヴィスコ・テ,22,0,0,0,ヴィスコ・テクノロジーズ,16,1,16,0,6698
6704,岩崎通信機,22,0,0,0,岩崎通信機,15,1,15,0,6704
6715,ナカヨ,99,0,0,1,ナカヨ,16,0,16,0,6715
6815,ユニデンホー,21,0,0,0,ユニデンホールディングス,15,1,15,0,6815
6826,本多通信工業,21,0,0,0,本多通信工業,15,1,15,0,6826
6881,キョウデン,22,1,0,0,キョウデン,15,1,15,0,6881
6916,アイ・オー・,22,0,0,0,アイ・オー・データ機器,15,1,15,0,6916
6924,岩崎電気,21,0,0,0,岩崎電気,15,1,15,0,6924
6938,双信電機,22,0,0,0,双信電機,15,1,15,0,6938
6967,新光電気工業,21,0,0,1,新光電気工業,16,0,16,0,6967
7045,ツクイスタッ,22,0,0,0,ツクイスタッフ,36,1,36,0,7045
7056,マルク,24,0,0,0,マルク,33,1,33,0,7056
7070,ＳＩホールデ,23,0,0,0,ＳＩホールディングス,36,1,36,0,7070
7098,エージェント,24,0,0,0,エージェント,33,1,33,0,7098
7113,マナベインテ,24,0,0,0,マナベインテリアハーツ,21,1,21,0,7113
7117,ミモナ,24,0,0,0,ミモナ,21,1,21,0,7117
7118,伸和ホールデ,24,0,0,0,伸和ホールディングス,22,1,22,0,7118
7125,イヴレス,24,0,0,0,イヴレス,20,1,20,0,7125
7132,フローバル,24,0,0,0,フローバル,20,1,20,0,7132
7136,ウェルビング,24,0,0,0,ウェルビングループ,21,1,21,0,7136
7137,グラントマト,24,0,0,0,グラントマト,21,1,21,0,7137
7139,東京高圧山崎,24,0,0,0,東京高圧山崎,20,1,20,0,7139
7169,ＮＦＣホール,22,0,0,0,ＮＦＣホールディングス,36,1,36,0,7169
7268,タツミ,99,0,0,1,タツミ,17,0,17,0,7268
7298,八千代工業,22,0,0,0,八千代工業,18,1,18,0,7298
7338,インヴァスト,22,0,0,0,インヴァスト,25,1,25,0,7338
7339,アイペットホ,23,0,0,0,アイペットホールディングス,26,1,26,0,7339
7355,一寸房,24,0,0,0,一寸房,33,1,33,0,7355
7364,琉球アスティ,24,0,0,0,琉球アスティーダスポーツクラブ,33,1,33,0,7364
7365,新規上場,99,0,0,0,新規上場,0,1,0,0,7365
7386,ジャパンワラ,23,0,0,1,ジャパンワランティサポート,23,0,23,0,7386
7518,ネットワンシ,99,1,0,1,ネットワンシステムズ,31,0,31,0,7518
7559,ジーエフシー,99,0,0,1,ジーエフシー,20,0,20,0,7559
7594,マルカ,21,0,0,0,マルカ,21,1,21,0,7594
7597,東京貴宝,99,0,0,0,東京貴宝,21,1,21,0,7597
7618,ピーシーデポ,21,0,0,0,ピーシーデポコーポレーション,22,1,22,0,7618
7671,ＡｍｉｄＡホ,23,0,0,0,ＡｍｉｄＡホールディングス,22,1,22,0,7671
7676,グッドスピー,23,0,0,0,グッドスピード,22,1,22,0,7676
7680,軽自動車館,24,0,0,0,軽自動車館,21,1,21,0,7680
7688,ミアヘルサ,99,0,0,0,ミアヘルサ,22,1,22,0,7688
7690,カレント自動,24,0,0,0,カレント自動車,20,1,20,0,7690
7691,Ｃ　Ｃｈａｎ,24,0,0,0,Ｃ　Ｃｈａｎｎｅｌ,21,1,21,0,7691
7693,北海道歯科産,24,0,0,0,北海道歯科産業,20,1,20,0,7693
7697,ＲＥＸＴ,99,0,0,0,ＲＥＸＴ,22,1,22,0,7697
7748,ホロン,99,0,0,0,ホロン,19,1,19,0,7748
7758,セコニック,22,0,0,0,セコニック,14,1,14,0,7758
7790,バルコス,24,0,0,0,バルコス,18,1,18,0,7790
7816,スノーピーク,21,0,0,0,スノーピーク,20,1,20,0,7816
7829,サマンサタバ,23,0,0,0,サマンサタバサジャパンリミテッド,20,1,20,0,7829
7838,共立印刷,22,0,0,0,共立印刷,20,1,20,0,7838
7855,カーディナル,99,0,0,0,カーディナル,20,1,20,0,7855
7862,トッパン・フ,21,0,0,0,トッパン・フォームズ,20,1,20,0,7862
7895,中央化学,22,0,0,0,中央化学,7,1,7,0,7895
7899,ＭＩＣＳ化学,22,0,0,0,ＭＩＣＳ化学,7,1,7,0,7899
7905,大建工業,21,0,0,0,大建工業,20,1,20,0,7905
7945,コマニー,22,0,0,0,コマニー,13,1,13,0,7945
7959,オリバー,21,0,0,0,オリバー,20,1,20,0,7959
7961,兼松サステッ,22,0,0,0,兼松サステック,20,1,20,0,7961
8038,東都水産,22,0,0,1,東都水産,20,0,20,0,8038
8072,日本出版貿易,22,0,0,0,日本出版貿易,20,0,20,0,8072
8087,フルサト工業,21,0,0,0,フルサト工業,21,1,21,0,8087
8096,兼松エレクト,21,0,0,0,兼松エレクトロニクス,36,1,36,0,8096
8108,ヤマエ久野,21,0,0,0,ヤマエ久野,21,1,21,0,8108
8114,デサント,99,0,0,1,デサント,5,0,5,0,8114
8155,三益半導体工,21,0,0,0,三益半導体工業,13,1,13,0,8155
8168,ケーヨー,21,0,0,0,ケーヨー,22,1,22,0,8168
8182,いなげや,21,0,0,0,いなげや,21,1,21,0,8182
8215,銀座山形屋,99,0,0,1,銀座山形屋,21,0,21,0,8215
8249,テクノアソシ,22,0,0,0,テクノアソシエ,21,1,21,0,8249
8256,プロルート丸,22,0,0,0,プロルート丸光,21,1,21,0,8256
8287,マックスバリ,22,0,0,0,マックスバリュ西日本,22,1,22,0,8287
8293,ＡＴグループ,99,0,0,0,ＡＴグループ,21,1,21,0,8293
8301,日本銀行　出,4,0,0,0,日本銀行　出資証券,24,0,24,0,8301
8342,青森銀行,21,0,0,0,青森銀行,23,1,23,0,8342
8350,みちのく銀行,21,0,0,0,みちのく銀行,23,1,23,0,8350
8355,静岡銀行,21,0,1,0,静岡銀行,23,1,23,0,8355
8356,十六銀行,21,0,0,0,十六銀行,23,1,23,0,8356
8363,北國銀行,21,0,0,0,北國銀行,23,1,23,0,8363
8369,京都銀行,21,0,0,0,京都銀行,23,1,23,0,8369
8382,中国銀行,21,0,0,0,中国銀行,23,1,23,0,8382
8385,伊予銀行,21,0,0,0,伊予銀行,23,1,23,0,8385
8397,沖縄銀行,21,0,0,0,沖縄銀行,23,1,23,0,8397
8421,信金中央金庫,4,0,0,1,信金中央金庫　優先出資証券,24,0,24,0,8421
8521,長野銀行,22,0,0,0,長野銀行,23,1,23,0,8521
8527,愛知銀行,21,0,0,0,愛知銀行,23,1,23,0,8527
8530,中京銀行,21,0,0,0,中京銀行,23,1,23,0,8530
8740,フジトミ証券,99,0,0,0,フジトミ証券,24,1,24,0,8740
8806,ダイビル,22,0,0,0,ダイビル,27,1,27,0,8806
8842,東京楽天地,21,0,0,0,東京楽天地,27,1,27,0,8842
8909,シノケングル,22,0,0,0,シノケングループ,27,1,27,0,8909
8921,シーズクリエ,24,0,0,0,シーズクリエイト,26,1,26,0,8921
8922,新規上場,99,0,0,0,新規上場,0,1,0,0,8922
8925,アルデプロ,22,0,0,0,アルデプロ,27,1,27,0,8925
8951,日本ビルファ,4,0,0,1,日本ビルファンド投資法人,38,0,38,0,8951
8952,ジャパンリア,4,0,0,1,ジャパンリアルエステイト投資法人,38,0,38,0,8952
8953,日本都市ファ,4,0,0,1,日本都市ファンド投資法人,38,0,38,0,8953
8954,オリックス不,4,0,0,1,オリックス不動産投資法人,38,0,38,0,8954
8955,日本プライム,4,0,0,1,日本プライムリアルティ投資法人,38,0,38,0,8955
8956,ＮＴＴ都市開,4,0,0,1,ＮＴＴ都市開発リート投資法人,37,0,37,0,8956
8957,東急リアル・,4,0,0,1,東急リアル・エステート投資法人,38,0,38,0,8957
8958,グローバル・,4,0,0,1,グローバル・ワン不動産投資法人,38,0,38,0,8958
8960,ユナイテッド,4,0,0,1,ユナイテッド・アーバン投資法人,38,0,38,0,8960
8961,森トラストリ,4,0,0,1,森トラストリート投資法人,37,0,37,0,8961
8963,インヴィンシ,4,0,0,1,インヴィンシブル投資法人,38,0,38,0,8963
8964,フロンティア,4,0,0,1,フロンティア不動産投資法人,38,0,38,0,8964
8966,平和不動産リ,4,0,0,1,平和不動産リート投資法人,37,0,37,0,8966
8967,日本ロジステ,4,0,0,1,日本ロジスティクスファンド投資法人,38,0,38,0,8967
8968,福岡リート投,4,0,0,1,福岡リート投資法人,37,0,37,0,8968
8972,ＫＤＸ不動産,4,0,0,1,ＫＤＸ不動産投資法人,38,0,38,0,8972
8975,いちごオフィ,4,0,0,1,いちごオフィスリート投資法人,37,0,37,0,8975
8976,大和証券オフ,4,0,0,1,大和証券オフィス投資法人,38,0,38,0,8976
8977,阪急阪神リー,4,0,0,1,阪急阪神リート投資法人,37,0,37,0,8977
8979,スターツプロ,4,0,0,1,スターツプロシード投資法人,38,0,38,0,8979
8984,大和ハウスリ,4,0,0,1,大和ハウスリート投資法人,37,0,37,0,8984
8985,ジャパン・ホ,4,0,0,1,ジャパン・ホテル・リート投資法人,37,0,37,0,8985
8986,大和証券リビ,4,0,0,1,大和証券リビング投資法人,38,0,38,0,8986
8987,ジャパンエク,4,0,0,1,ジャパンエクセレント投資法人,38,0,38,0,8987
9014,新京成電鉄,22,0,0,0,新京成電鉄,28,1,28,0,9014
9055,アルプス物流,21,0,0,0,アルプス物流,27,0,27,0,9055
9058,トランコム,99,0,0,0,トランコム,30,0,30,0,9058
9062,日本通運,21,0,1,0,日本通運,29,1,29,0,9062
9070,トナミホール,21,0,0,1,トナミホールディングス,27,0,27,0,9070
9077,名鉄運輸,99,0,0,0,名鉄運輸,29,1,29,0,9077
9086,日立物流,21,0,0,0,日立物流,29,1,29,1,9086
9146,五健堂ホール,24,0,0,0,五健堂ホールディングス,27,1,27,0,9146
9149,大友ロジステ,24,0,0,0,大友ロジスティクスサービス,27,1,27,0,9149
9156,はなホールデ,24,0,0,0,はなホールディングス,33,1,33,0,9156
9161,ＩＤ＆Ｅホー,21,0,0,1,ＩＤ＆Ｅホールディングス,33,0,33,0,9161
9167,フトン巻きの,24,0,0,0,フトン巻きのジロー,33,1,33,0,9167
9169,大伸社,24,0,0,0,大伸社,33,1,33,0,9169
9176,佐渡汽船,22,0,0,0,佐渡汽船,30,1,30,0,9176
9179,川崎近海汽船,22,0,0,0,川崎近海汽船,30,1,30,0,9179
9222,ｍａｎａｂｙ,24,0,0,0,ｍａｎａｂｙ,33,1,33,0,9222
9224,環境のミカタ,24,0,0,0,環境のミカタ,33,1,33,0,9224
9226,アイガー,24,0,0,0,アイガー,33,1,33,0,9226
9228,ウェルネス・,99,0,0,0,ウェルネス・コミュニケーションズ,0,1,0,0,9228
9232,パスコ,99,0,0,0,パスコ,29,0,29,0,9232
9239,ケーイーティ,24,0,0,0,ケーイーティ,33,1,33,0,9239
9243,富士テクノホ,24,0,0,0,富士テクノホールディングス,33,1,33,0,9243
9263,ビジョナリー,22,0,0,0,ビジョナリーホールディングス,22,1,22,0,9263
9282,いちごグリー,4,0,0,1,いちごグリーンインフラ投資法人,38,0,38,0,9282
9284,カナディアン,4,0,0,1,カナディアン・ソーラー・インフラ投資法人,38,0,38,0,9284
9285,東京インフラ,4,0,0,1,東京インフラ・エネルギー投資法人,38,0,38,0,9285
9286,エネクス・イ,4,0,0,1,エネクス・インフラ投資法人,38,0,38,0,9286
9287,ジャパン・イ,4,0,0,1,ジャパン・インフラファンド投資法人,38,0,38,0,9287
9334,アイビスホー,24,0,0,0,アイビスホールディングス,33,1,33,0,9334
9335,テクノクリエ,24,0,0,0,テクノクリエイティブ,33,1,33,0,9335
9465,Ｋｉｐｓ,24,0,0,0,Ｋｉｐｓ,33,1,33,0,9465
9559,ペアキャピタ,24,0,0,0,ペアキャピタル,36,1,36,0,9559
9637,オーエス,22,0,0,0,オーエス,36,1,36,0,9637
9749,富士ソフト,99,0,0,1,富士ソフト,31,0,31,0,9749
9783,ベネッセホー,21,0,0,0,ベネッセホールディングス,36,1,36,0,9783
9852,ＣＢグループ,22,0,0,1,ＣＢグループマネジメント,20,0,20,0,9852
9919,関西フードマ,22,0,0,0,関西フードマーケット,22,1,22,0,9919
9977,アオキスーパ,22,0,0,0,アオキスーパー,22,1,22,0,9977
9995,グローセル,21,0,0,0,グローセル,21,1,21,0,9995
10003,三興商事,24,0,0,0,三興商事,3,1,3,0,136A
10005,グローバルＸ,4,0,0,0,グローバルＸ　超短期米国債　ＥＴＦ,0,0,0,0,133A
10006,ＣＣＮグルー,24,0,0,0,ＣＣＮグループ,31,1,31,0,131A
10009,エージェンテ,24,0,0,0,エージェンテック,31,1,31,0,174A
10017,ネオホーム,24,0,0,0,ネオホーム,26,1,26,0,172A
10021,ＡＩセレクト,4,0,0,0,ＡＩセレクトメガトレンド　日本株（ネットリターン）ＥＴ,0,0,0,0,162A
10024,オプティ,24,0,0,0,オプティ,20,1,20,0,152A
10025,ＧＡＩＡ,24,0,0,0,ＧＡＩＡ,23,1,23,0,154A
10031,アップルパー,24,0,0,0,アップルパーク,26,1,26,0,164A
10033,三葉,24,0,0,0,三葉,33,1,33,0,161A
10035,米国１０年国,4,0,0,0,米国１０年国債先物インバース,0,0,0,0,140A
10036,ＪＰＸプライ,4,0,0,0,ＪＰＸプライム１５０指数連動型上場投信,0,0,0,0,159A
10037,東日本地所,24,0,0,0,東日本地所,26,1,26,0,139A
10038,アプライズ,24,0,0,0,アプライズ,33,1,33,0,134A
10039,ＳＭＴ　ＥＴ,4,0,0,0,ＳＭＴ　ＥＴＦ日本好配当株アクティブ,0,0,0,0,170A
10042,小野谷機工,24,0,0,0,小野谷機工,15,1,15,0,209A
10047,シュンビン,24,0,0,0,シュンビン,33,1,33,0,203A
10048,タイヨーパッ,24,0,0,0,タイヨーパッケージ,6,1,6,0,204A
10049,ライジングコ,24,0,0,0,ライジングコーポレーション,3,1,3,0,207A
10051,グローベルス,24,0,0,0,グローベルス,26,1,26,0,193A
10056,ミモザ,24,0,0,0,ミモザ,33,1,33,0,191A
10060,メディエア,24,0,0,0,メディエア,31,1,31,0,199A
10064,リサイクルテ,24,0,0,0,リサイクルテック・ジャパン,33,1,33,0,185A
10069,ゼロジャパン,24,0,0,0,ゼロジャパン,20,1,20,0,171A
10073,グローバルＸ,4,0,0,0,グローバルＸ　革新的優良企業　ＥＴＦ,0,0,0,0,178A
10074,グローバルＸ,4,0,0,0,グローバルＸ　超長期米国債　ＥＴＦ（為替ヘッジあり）,0,0,0,0,179A
10075,グローバルＸ,4,0,0,0,グローバルＸ　超長期米国債　ＥＴＦ,0,0,0,0,180A
10076,ＭＡＸＩＳ米,4,0,0,0,ＭＡＸＩＳ米国国債１－３年上場投信（為替ヘッジなし）,0,0,0,0,181A
10077,ＭＡＸＩＳ米,4,0,0,0,ＭＡＸＩＳ米国国債２０年超上場投信（為替ヘッジなし）,0,0,0,0,182A
10078,ＭＡＸＩＳ米,4,0,0,0,ＭＡＸＩＳ米国国債２０年超上場投信（為替ヘッジあり）,0,0,0,0,183A
10079,グローバルＸ,4,0,0,0,グローバルＸ　インド・トップ１０＋　ＥＴＦ,0,0,0,0,188A
10080,日経半導体株,4,0,0,0,日経半導体株指数連動型上場投信,0,0,0,0,200A
10085,ＭＡＸＩＳ日,4,0,0,0,ＭＡＸＩＳ日経半導体株上場投信,0,0,0,0,221A
10086,グローバルＸ,4,0,0,0,グローバルＸ　ＡＩ＆ビッグデータ　ＥＴＦ,0,0,0,0,223A
10087,グローバルＸ,4,0,0,0,グローバルＸ　ウラニウムビジネス　ＥＴＦ,0,0,0,0,224A
10089,インドＮｉｆ,4,0,0,0,インドＮｉｆｔｙ５０,0,0,0,0,233A
10090,エスアイイー,24,0,0,0,エスアイイー,33,1,33,0,292A
10091,グローバルＸ,4,0,0,0,グローバルＸ　高配当３０－日本株式　ＥＴＦ,0,0,0,0,235A
10092,日本国債７－,4,0,0,0,日本国債７－１０年　ＥＴＦ,0,0,0,0,236A
10093,米国債２５年,4,0,0,0,米国債２５年超　ロングデュレーション　ＥＴＦ,0,0,0,0,237A
10101,フクヤ建設,24,0,0,0,フクヤ建設,3,1,3,0,284A
10103,インターグ,24,0,0,0,インターグ,33,1,33,0,279A
10104,ハンワホーム,24,0,0,0,ハンワホームズ,3,1,3,0,275A
10105,グリーンクロ,99,0,0,0,グリーンクロスホールディングス,0,0,0,0,272A
10106,アクセリア,24,0,0,0,アクセリア,31,1,31,0,271A
10109,グローカルマ,24,0,0,0,グローカルマーケティング,33,1,33,0,266A
10111,トワライズ,24,0,0,0,トワライズ,23,1,23,0,267A
10114,デジタルキュ,24,0,0,0,デジタルキューブ,31,1,31,0,263A
10117,ケイ・ウノ,99,0,0,0,ケイ・ウノ,0,0,0,0,259A
10123,ニューロマジ,24,0,0,0,ニューロマジック,33,1,33,0,251A
10125,ヒューマンア,24,0,0,0,ヒューマンアジャスト,33,1,33,0,249A
10126,トップス,24,0,0,0,トップス,4,1,4,0,243A
10132,Ｎｉｆｔｙ　,4,0,0,0,Ｎｉｆｔｙ　５０　インド株　ＥＴＦ,0,0,0,0,201A
10133,日経半導体株,4,0,0,0,日経半導体株,0,0,0,0,213A
10136,グローバルＸ,4,0,0,0,グローバルＸ　ＭＳＣＩ　キャッシュフローキング－日本株,0,0,0,0,234A
10137,ＳＭＴ　ＥＴ,4,0,0,0,ＳＭＴ　ＥＴＦ日本株厳選投資アクティブ,0,0,0,0,257A
10138,ＳＭＴ　ＥＴ,4,0,0,0,ＳＭＴ　ＥＴＦ国内リート厳選投資アクティブ,0,0,0,0,258A
10139,米国債２５年,4,0,0,0,米国債２５年超　ロングデュレーション　ＥＴＦ（為替ヘッ,0,0,0,0,238A
10141,日経高利回り,4,0,0,0,日経高利回りＲＥＩＴ指数,0,0,0,0,210A
10148,インデックス,24,0,0,0,インデックス,26,1,26,0,301A
10151,ＢＡＢＹ　Ｊ,24,0,0,0,ＢＡＢＹ　ＪＯＢ,21,1,21,0,293A
10155,ファイントゥ,21,0,0,0,ファイントゥデイホールディングス,0,1,0,0,289A
10157,グロービング,23,0,0,0,グロービング,0,1,0,0,1015
10159,ＳＢＩ　サウ,4,0,0,0,ＳＢＩ　サウジアラビア株式上場投信,0,0,0,0,273A
10161,グローバルＸ,4,0,0,0,グローバルＸ　半導体・トップ１０－日本株式　ＥＴＦ,0,0,0,0,282A
10162,グローバルＸ,4,0,0,0,グローバルＸ　ＵＳ　テック・配当貴族　ＥＴＦ,0,0,0,0,283A
10167,ぽすとめいと,24,0,0,0,ぽすとめいとホールディングス,33,1,33,0,308A
10178,シンコーホー,24,0,0,0,シンコーホールディングス,3,1,3,0,312A
10179,コスモス調剤,24,0,0,1,コスモス調剤,21,1,21,0,309A
10241,m[XTh,23,0,0,0,m[XTh,0,0,0,0,1024
10254,ミーク,23,0,0,0,ミーク,0,0,0,0,1025
10272,前澤ホールデ,21,0,0,0,前澤ホールディングス,0,0,0,0,575A
