line_no,code,text,encoding
1,1001,"1001,東証指数,5,2,0,0,東証指数,0,0,0,0,1001",cp932
2,1010,"1010,日経平均,5,3,0,0,日経平均,0,0,0,0,1010",cp932
3,1324,"1324,ロシア株式指,0,0,0,0,ロシア株式指数連動型上場投信,38,0,38,0,1324",cp932
4,1553,"1553,ＭＡＸＩＳ　,0,0,0,0,ＭＡＸＩＳ　Ｓ＆Ｐ東海上場投信,38,1,38,0,1553",cp932
5,1738,"1738,ニットー,0,0,0,0,ニットー,3,1,3,0,1738",cp932
6,1777,"1777,川崎設備工業,0,0,0,0,川崎設備工業,3,1,3,0,1777",cp932
7,1869,"1869,名工建設,0,0,0,0,名工建設,3,1,3,0,1869",cp932
8,1892,"1892,徳倉建設,0,0,0,0,徳倉建設,3,1,3,0,1892",cp932
9,2035,"2035,ＮＥＸＴ　日,0,0,0,0,ＮＥＸＴ　日経平均ＶＩ先物,38,1,38,0,2035",cp932
10,2467,"2467,バルクホール,0,0,0,0,バルクホールディングス,36,1,36,0,2467",cp932
11,2551,"2551,マルサンアイ,0,0,0,0,マルサンアイ,4,1,4,0,2551",cp932
12,2902,"2902,太陽化学,0,0,0,0,太陽化学,4,1,4,0,2902",cp932
13,3032,"3032,ゴルフ・ドゥ,0,0,0,0,ゴルフ・ドゥ,22,1,22,0,3032",cp932
14,3057,"3057,ゼットン,0,0,0,0,ゼットン,22,1,22,0,3057",cp932
15,3066,"3066,ＪＢイレブン,0,0,0,0,ＪＢイレブン,36,1,36,0,3066",cp932
16,3260,"3260,エスポア,0,0,0,0,エスポア,27,1,27,0,3260",cp932
17,3298,"3298,インベスコ・,0,0,0,0,インベスコ・オフィス・ジェイリート投資法人,37,1,37,0,3298",cp932
18,3346,"3346,ヒロタグルー,0,0,0,0,ヒロタグループホールディングス,22,1,22,0,3346",cp932
19,3384,"3384,アークコア,0,0,0,0,アークコア,21,1,21,0,3384",cp932
20,3419,"3419,アートグリー,0,0,0,0,アートグリーン,21,1,21,0,3419",cp932
21,3442,"3442,ＭＩＥコーポ,0,0,0,0,ＭＩＥコーポレーション,13,1,13,0,3442",cp932
22,3504,"3504,丸八ホールデ,0,0,0,0,丸八ホールディングス,5,1,5,0,3504",cp932
23,3739,"3739,コムシード,0,0,0,0,コムシード,36,1,36,0,3739",cp932
24,3775,"3775,ガイアックス,0,0,0,0,ガイアックス,36,1,36,0,3775",cp932
25,3808,"3808,オウケイウェ,0,0,0,0,オウケイウェイヴ,33,1,33,0,3808",cp932
26,3830,"3830,ギガプライズ,0,0,0,0,ギガプライズ,36,1,36,0,3830",cp932
27,3952,"3952,中央紙器工業,0,0,0,0,中央紙器工業,6,1,6,0,3952",cp932
28,4349,"4349,テスク,0,0,0,0,テスク,36,1,36,0,4349",cp932
29,5075,"5075,アップコン,0,0,0,0,アップコン,3,1,3,0,5075",cp932
30,5342,"5342,ジャニス工業,0,0,0,0,ジャニス工業,11,1,11,0,5342",cp932
31,5343,"5343,ニッコー,0,0,0,0,ニッコー,11,1,11,0,5343",cp932
32,5526,"5526,ＬＵＭＢＥＲ,0,0,0,0,ＬＵＭＢＥＲ　ＯＮＥ,0,1,0,0,5526",cp932
33,5530,"5530,日本システム,0,0,0,0,日本システムバンク,27,1,27,0,5530",cp932
34,5607,"5607,中央可鍛工業,0,0,0,0,中央可鍛工業,12,1,12,0,5607",cp932
35,5836,"5836,エージェント,0,0,0,0,エージェント・インシュアランス・グループ,36,1,36,0,5836",cp932
36,5979,"5979,カネソウ,0,0,0,0,カネソウ,13,1,13,0,5979",cp932
37,5993,"5993,知多鋼業,0,0,0,0,知多鋼業,13,1,13,0,5993",cp932
38,6025,"6025,日本ＰＣサー,0,0,0,0,日本ＰＣサービス,36,1,36,0,6025",cp932
39,6111,"6111,旭精機工業,0,0,0,0,旭精機工業,14,1,14,0,6111",cp932
40,6142,"6142,富士精工,0,0,0,0,富士精工,14,1,14,0,6142",cp932
41,6225,"6225,エコム,0,0,0,0,エコム,14,1,14,0,6225",cp932
42,6295,"6295,富士変速機,0,0,0,0,富士変速機,14,1,14,0,6295",cp932
43,6439,"6439,中日本鋳工,0,0,0,0,中日本鋳工,14,1,14,0,6439",cp932
44,6623,"6623,愛知電機,0,0,0,0,愛知電機,15,1,15,0,6623",cp932
45,6655,"6655,東洋電機,0,0,0,0,東洋電機,15,1,15,0,6655",cp932
46,6846,"6846,中央製作所,0,0,0,0,中央製作所,15,1,15,0,6846",cp932
47,7076,"7076,名南Ｍ＆Ａ,0,0,0,0,名南Ｍ＆Ａ,36,1,36,0,7076",cp932
48,7227,"7227,アスカ,0,0,0,0,アスカ,17,1,17,0,7227",cp932
49,7485,"7485,岡谷鋼機,0,0,0,0,岡谷鋼機,21,1,21,0,7485",cp932
50,7488,"7488,ヤガミ,0,0,0,0,ヤガミ,21,1,21,0,7488",cp932
51,7675,"7675,セントラルフ,0,0,0,0,セントラルフォレストグループ,21,1,21,0,7675",cp932
52,7870,"7870,福島印刷,0,0,0,0,福島印刷,20,1,20,0,7870",cp932
53,7950,"7950,日本デコラッ,0,0,0,0,日本デコラックス,7,1,7,0,7950",cp932
54,8071,"8071,東海エレクト,0,0,0,0,東海エレクトロニクス,21,1,21,0,8071",cp932
55,8145,"8145,中部水産,0,0,0,0,中部水産,21,1,21,0,8145",cp932
56,8190,"8190,ヤマナカ,0,0,0,0,ヤマナカ,22,1,22,0,8190",cp932
57,8228,"8228,マルイチ産商,0,0,0,0,マルイチ産商,21,1,21,0,8228",cp932
58,9040,"9040,大宝運輸,0,0,0,0,大宝運輸,29,1,29,0,9040",cp932
59,9170,"9170,成友興業,0,0,0,0,成友興業,36,1,36,0,9170",cp932
60,9357,"9357,名港海運,0,0,0,0,名港海運,32,1,32,0,9357",cp932
61,9359,"9359,伊勢湾海運,0,0,0,0,伊勢湾海運,32,1,32,0,9359",cp932
62,9402,"9402,中部日本放送,0,0,0,0,中部日本放送,33,1,33,0,9402",cp932
63,9471,"9471,文溪堂,0,0,0,0,文溪堂,36,1,36,0,9471",cp932
64,9643,"9643,中日本興業,0,0,0,0,中日本興業,36,1,36,0,9643",cp932
65,9664,"9664,御園座,0,0,0,0,御園座,36,1,36,0,9664",cp932
66,1013,"10135,Ｃｒｏｓｓ　,0,0,0,0,Ｃｒｏｓｓ　Ｅホールディングス,0,1,0,0,231A",cp932
67,1017,"10170,ハウジング・,0,0,0,0,ハウジング・スタッフ,0,0,0,0,1017",cp932
68,1018,"10180,セールスアカ,0,0,0,1,セールスアカデミー,0,0,0,0,482A",cp932
69,1018,"10181,センス・トラ,0,0,0,1,センス・トラスト,0,0,0,0,490A",cp932
70,1018,"10185,ＪＳｅｃｕｒ,0,0,0,1,ＪＳｅｃｕｒｉｔｙ,0,0,0,0,481A",cp932
71,1018,"10188,ニューズドテ,0,0,0,1,ニューズドテック,0,0,0,0,484A",cp932
72,1019,"10194,ローカル,0,0,0,1,ローカル,0,0,0,0,470A",cp932
73,1020,"10201,プラン・ドゥ,0,0,0,1,プラン・ドゥ,0,0,0,0,458A",cp932
74,1020,"10203,バリューソフ,0,0,0,1,バリューソフトホールディングス,0,0,0,0,455A",cp932
75,1020,"10204,ルリアン,0,0,0,1,ルリアン,0,0,0,0,457A",cp932
76,1020,"10205,アイテル,0,0,0,1,アイテル,0,0,0,0,444A",cp932
77,1020,"10206,東洋コーポレ,0,0,0,1,東洋コーポレーション,0,0,0,0,445A",cp932
78,1021,"10211,ジェイウェイ,0,0,0,0,ジェイウェイブ,0,0,0,0,437A",cp932
79,1021,"10212,アクトビ,0,0,0,0,アクトビ,0,0,0,0,439A",cp932
80,1021,"10213,ＬＯＯＰＬＡ,0,0,0,0,ＬＯＯＰＬＡＣＥ,0,0,0,0,434A",cp932
81,1021,"10214,ネクストハン,0,0,0,0,ネクストハンズ,0,0,0,0,430A",cp932
82,1021,"10218,ＭＪＥ,0,0,0,0,ＭＪＥ,0,0,0,0,433A",cp932
83,1021,"10219,ｔａｎｅ　Ｃ,0,0,0,0,ｔａｎｅ　ＣＲＥＡＴＩＶＥ,0,0,0,0,422A",cp932
84,1022,"10221,ウリドキ,0,0,0,0,ウリドキ,0,0,0,0,418A",cp932
85,1022,"10222,クリニファー,0,0,0,0,クリニファー,0,0,0,0,432A",cp932
86,1022,"10225,環境のミカタ,0,0,0,0,環境のミカタホールディングス,0,0,0,0,406A",cp932
87,1301,"1301,極洋,1,1,0,1,極洋,1,0,1,0,1301",cp932
88,1332,"1332,ニッスイ,1,0,1,1,ニッスイ,1,0,1,1,1332",cp932
89,1333,"1333,マルハニチロ,1,0,1,1,マルハニチロ,1,0,1,0,1333",cp932
90,1375,"1375,ユキグニファ,1,1,0,1,ユキグニファクトリー,1,0,1,0,1375",cp932
91,1377,"1377,サカタのタネ,1,1,0,1,サカタのタネ,1,0,1,0,1377",cp932
92,1379,"1379,ホクト,1,1,0,1,ホクト,1,0,1,0,1379",cp932
93,1414,"1414,ショーボンド,1,0,0,1,ショーボンドホールディングス,3,0,3,0,1414",cp932
94,1417,"1417,ミライト・ワ,1,0,0,1,ミライト・ワン,3,0,3,1,1417",cp932
95,1419,"1419,タマホーム,1,0,0,1,タマホーム,3,0,3,0,1419",cp932
96,1429,"1429,日本アクア,1,0,0,1,日本アクア,3,0,3,0,1429",cp932
97,1433,"1433,ベステラ,1,0,0,1,ベステラ,3,0,3,0,1433",cp932
98,1515,"1515,日鉄鉱業,1,0,0,1,日鉄鉱業,2,0,2,0,1515",cp932
99,1518,"1518,三井松島ホー,1,0,0,1,三井松島ホールディングス,18,0,18,0,1518",cp932
100,1605,"1605,ＩＮＰＥＸ,1,0,1,1,ＩＮＰＥＸ,2,0,2,1,1605",cp932
101,1662,"1662,石油資源開発,1,0,0,1,石油資源開発,2,0,2,0,1662",cp932
102,1663,"1663,Ｋ＆Ｏエナジ,1,0,0,1,Ｋ＆Ｏエナジーグループ,2,0,2,0,1663",cp932
103,1719,"1719,安藤・間,1,1,0,1,安藤・間,3,0,3,1,1719",cp932
104,1720,"1720,東急建設,1,0,0,1,東急建設,3,0,3,1,1720",cp932
105,1721,"1721,コムシスホー,1,0,1,1,コムシスホールディングス,3,0,3,1,1721",cp932
106,1726,"1726,ビーアールホ,1,0,0,1,ビーアールホールディングス,3,0,3,0,1726",cp932
107,1762,"1762,高松コンスト,1,0,0,1,高松コンストラクショングループ,3,0,3,0,1762",cp932
108,1766,"1766,東建コーポレ,1,0,0,1,東建コーポレーション,3,0,3,1,1766",cp932
109,1773,"1773,ワイ・ティー,1,0,0,0,ワイ・ティー・エル・コーポレーション・バーハッド,3,0,3,0,1773",cp932
110,1780,"1780,ヤマウラ,1,0,0,1,ヤマウラ,3,0,3,0,1780",cp932
111,1786,"1786,オリエンタル,1,0,0,1,オリエンタル白石,3,0,3,0,1786",cp932
112,1801,"1801,大成建設,1,0,1,1,大成建設,3,0,3,1,1801",cp932
113,1802,"1802,大林組,1,1,1,1,大林組,3,0,3,1,1802",cp932
114,1803,"1803,清水建設,1,0,1,1,清水建設,3,0,3,1,1803",cp932
115,1805,"1805,飛島建設,1,0,0,0,飛島建設,3,1,3,0,1805",cp932
116,1808,"1808,長谷工コーポ,1,0,1,1,長谷工コーポレーション,3,0,3,1,1808",cp932
117,1812,"1812,鹿島建設,1,0,1,1,鹿島建設,3,0,3,1,1812",cp932
118,1813,"1813,不動テトラ,1,0,0,1,不動テトラ,3,0,3,0,1813",cp932
119,1814,"1814,大末建設,1,0,0,1,大末建設,3,0,3,0,1814",cp932
120,1815,"1815,鉄建建設,1,0,0,1,鉄建建設,3,0,3,0,1815",cp932
121,1820,"1820,西松建設,1,0,0,1,西松建設,3,0,3,1,1820",cp932
122,1821,"1821,三井住友建設,1,0,0,1,三井住友建設,3,0,3,1,1821",cp932
123,1833,"1833,奥村組,1,1,0,1,奥村組,3,0,3,0,1833",cp932
124,1835,"1835,東鉄工業,1,0,0,1,東鉄工業,3,0,3,0,1835",cp932
125,1852,"1852,淺沼組,1,1,0,1,淺沼組,3,0,3,0,1852",cp932
126,1860,"1860,戸田建設,1,0,0,1,戸田建設,3,0,3,1,1860",cp932
127,1861,"1861,熊谷組,1,1,0,1,熊谷組,3,0,3,1,1861",cp932
128,1870,"1870,矢作建設工業,1,0,0,1,矢作建設工業,3,0,3,0,1870",cp932
129,1871,"1871,ピーエス・コ,1,0,0,1,ピーエス・コンストラクション,3,0,3,0,1871",cp932
130,1873,"1873,日本ハウスホ,1,0,0,1,日本ハウスホールディングス,3,0,3,0,1873",cp932
131,1878,"1878,大東建託,1,1,0,1,大東建託,26,0,26,1,1878",cp932
132,1879,"1879,新日本建設,1,0,0,1,新日本建設,3,0,3,0,1879",cp932
133,1882,"1882,東亜道路工業,1,0,0,1,東亜道路工業,3,0,3,0,1882",cp932
134,1884,"1884,日本道路,1,0,0,1,日本道路,3,0,3,0,1884",cp932
135,1885,"1885,東亜建設工業,1,0,0,1,東亜建設工業,3,0,3,0,1885",cp932
136,1887,"1887,日本国土開発,1,0,0,1,日本国土開発,3,0,3,0,1887",cp932
137,1888,"1888,若築建設,1,0,0,1,若築建設,3,0,3,0,1888",cp932
138,1890,"1890,東洋建設,1,0,0,1,東洋建設,3,0,3,0,1890",cp932
139,1893,"1893,五洋建設,1,0,0,1,五洋建設,3,0,3,1,1893",cp932
140,1898,"1898,世紀東急工業,1,0,0,1,世紀東急工業,3,0,3,0,1898",cp932
141,1899,"1899,福田組,1,1,0,1,福田組,3,0,3,0,1899",cp932
142,1911,"1911,住友林業,1,0,0,1,住友林業,3,0,3,1,1911",cp932
143,1925,"1925,大和ハウス工,1,0,1,1,大和ハウス工業,3,0,3,1,1925",cp932
144,1926,"1926,ライト工業,1,0,0,1,ライト工業,3,0,3,0,1926",cp932
145,1928,"1928,積水ハウス,1,0,1,1,積水ハウス,3,0,3,1,1928",cp932
146,1929,"1929,日特建設,1,0,0,1,日特建設,3,0,3,0,1929",cp932
147,1930,"1930,北陸電気工事,1,1,0,1,北陸電気工事,3,0,3,0,1930",cp932
148,1934,"1934,ユアテック,1,0,0,1,ユアテック,3,0,3,0,1934",cp932
149,1938,"1938,日本リーテッ,1,0,0,1,日本リーテック,3,0,3,0,1938",cp932
150,1939,"1939,四電工,1,0,0,1,四電工,3,0,3,0,1939",cp932
151,1941,"1941,中電工,1,0,0,1,中電工,3,0,3,0,1941",cp932
152,1942,"1942,関電工,1,0,0,1,関電工,3,0,3,1,1942",cp932
153,1944,"1944,きんでん,1,1,0,1,きんでん,3,0,3,0,1944",cp932
154,1945,"1945,東京エネシス,1,0,0,1,東京エネシス,3,0,3,0,1945",cp932
155,1946,"1946,トーエネック,1,0,0,1,トーエネック,3,0,3,0,1946",cp932
156,1949,"1949,住友電設,1,0,0,1,住友電設,3,0,3,0,1949",cp932
157,1950,"1950,日本電設工業,1,0,0,1,日本電設工業,3,0,3,0,1950",cp932
158,1951,"1951,エクシオグル,1,0,0,1,エクシオグループ,3,0,3,1,1951",cp932
159,1952,"1952,新日本空調,1,0,0,1,新日本空調,3,0,3,0,1952",cp932
160,1959,"1959,九電工,1,0,0,1,九電工,3,0,3,1,1959",cp932
161,1961,"1961,三機工業,1,0,0,1,三機工業,3,0,3,0,1961",cp932
162,1963,"1963,日揮ホールデ,1,0,1,1,日揮ホールディングス,3,0,3,0,1963",cp932
163,1964,"1964,中外炉工業,1,0,0,1,中外炉工業,3,0,3,0,1964",cp932
164,1968,"1968,太平電業,1,0,0,1,太平電業,3,0,3,0,1968",cp932
165,1969,"1969,高砂熱学工業,1,0,0,1,高砂熱学工業,3,0,3,0,1969",cp932
166,1975,"1975,朝日工業社,1,0,0,1,朝日工業社,3,0,3,0,1975",cp932
167,1976,"1976,明星工業,1,0,0,1,明星工業,3,0,3,0,1976",cp932
168,1979,"1979,大氣社,1,0,0,1,大氣社,3,0,3,0,1979",cp932
169,1980,"1980,ダイダン,1,0,0,1,ダイダン,3,0,3,0,1980",cp932
170,1982,"1982,日比谷総合設,1,0,0,1,日比谷総合設備,3,0,3,0,1982",cp932
171,2001,"2001,ニップン,1,0,0,1,ニップン,4,0,4,0,2001",cp932
172,2002,"2002,日清製粉グル,1,0,1,1,日清製粉グループ本社,4,0,4,0,2002",cp932
173,2004,"2004,昭和産業,1,0,0,1,昭和産業,4,0,4,0,2004",cp932
174,2053,"2053,中部飼料,1,1,0,1,中部飼料,4,0,4,0,2053",cp932
175,2060,"2060,フィード・ワ,1,0,0,1,フィード・ワン,4,0,4,0,2060",cp932
176,2108,"2108,日本甜菜製糖,1,1,0,1,日本甜菜製糖,4,0,4,0,2108",cp932
177,2109,"2109,ＤＭ三井製糖,1,0,0,1,ＤＭ三井製糖,4,0,4,0,2109",cp932
178,2117,"2117,ウェルネオシ,1,0,0,1,ウェルネオシュガー,4,0,4,0,2117",cp932
179,2120,"2120,ＬＩＦＵＬＬ,1,0,0,1,ＬＩＦＵＬＬ,33,0,33,0,2120",cp932
180,2121,"2121,ＭＩＸＩ,1,0,0,1,ＭＩＸＩ,33,0,33,1,2121",cp932
181,2124,"2124,ジェイエイシ,1,0,0,1,ジェイエイシーリクルートメント,33,0,33,0,2124",cp932
182,2127,"2127,日本Ｍ＆Ａセ,1,0,0,1,日本Ｍ＆Ａセンターホールディングス,33,0,33,1,2127",cp932
183,2130,"2130,メンバーズ,1,0,0,1,メンバーズ,33,0,33,0,2130",cp932
184,2146,"2146,ＵＴグループ,1,1,0,1,ＵＴグループ,33,0,33,1,2146",cp932
185,2148,"2148,アイティメデ,1,0,0,1,アイティメディア,33,0,33,0,2148",cp932
186,2150,"2150,ケアネット,1,1,0,1,ケアネット,33,0,33,0,2150",cp932
187,2153,"2153,Ｅ・Ｊホール,1,0,0,1,Ｅ・Ｊホールディングス,33,0,33,0,2153",cp932
188,2154,"2154,オープンアッ,1,0,0,1,オープンアップグループ,33,0,33,0,2154",cp932
189,2157,"2157,コシダカホー,1,0,0,1,コシダカホールディングス,33,0,33,0,2157",cp932
190,2163,"2163,アルトナー,1,0,0,1,アルトナー,33,0,33,0,2163",cp932
191,2168,"2168,パソナグルー,1,0,0,1,パソナグループ,33,0,33,0,2168",cp932
192,2170,"2170,リンクアンド,1,0,0,1,リンクアンドモチベーション,33,0,33,0,2170",cp932
193,2175,"2175,エス・エム・,1,0,0,1,エス・エム・エス,33,0,33,1,2175",cp932
194,2181,"2181,パーソルホー,1,0,0,1,パーソルホールディングス,33,0,33,1,2181",cp932
195,2198,"2198,アイ・ケイ・,1,0,0,1,アイ・ケイ・ケイホールディングス,33,0,33,0,2198",cp932
196,2201,"2201,森永製菓,1,1,0,1,森永製菓,4,0,4,1,2201",cp932
197,2206,"2206,江崎グリコ,1,0,0,1,江崎グリコ,4,0,4,0,2206",cp932
198,2207,"2207,名糖産業,1,0,0,1,名糖産業,4,0,4,0,2207",cp932
199,2209,"2209,井村屋グルー,1,0,0,1,井村屋グループ,4,0,4,0,2209",cp932
200,2211,"2211,不二家,1,0,0,1,不二家,4,0,4,0,2211",cp932
201,2212,"2212,山崎製パン,1,0,0,1,山崎製パン,4,0,4,0,2212",cp932
202,2217,"2217,モロゾフ,1,1,0,1,モロゾフ,4,0,4,0,2217",cp932
203,2220,"2220,亀田製菓,1,1,0,1,亀田製菓,4,0,4,0,2220",cp932
204,2222,"2222,寿スピリッツ,1,0,0,1,寿スピリッツ,4,0,4,0,2222",cp932
205,2229,"2229,カルビー,1,0,0,1,カルビー,4,0,4,1,2229",cp932
206,2264,"2264,森永乳業,1,0,0,1,森永乳業,4,0,4,1,2264",cp932
207,2266,"2266,六甲バター,1,0,0,1,六甲バター,4,0,4,0,2266",cp932
208,2267,"2267,ヤクルト本社,1,0,0,1,ヤクルト本社,4,0,4,1,2267",cp932
209,2269,"2269,明治ホールデ,1,0,1,1,明治ホールディングス,4,0,4,1,2269",cp932
210,2270,"2270,雪印メグミル,1,0,0,1,雪印メグミルク,4,0,4,0,2270",cp932
211,2281,"2281,プリマハム,1,0,0,1,プリマハム,4,0,4,1,2281",cp932
212,2282,"2282,日本ハム,1,0,1,1,日本ハム,4,0,4,1,2282",cp932
213,2288,"2288,丸大食品,1,0,0,1,丸大食品,4,0,4,0,2288",cp932
214,2292,"2292,Ｓ　Ｆｏｏｄ,1,0,0,1,Ｓ　Ｆｏｏｄｓ,4,0,4,0,2292",cp932
215,2294,"2294,柿安本店,1,1,0,1,柿安本店,4,0,4,0,2294",cp932
216,2296,"2296,伊藤ハム米久,1,0,0,1,伊藤ハム米久ホールディングス,4,0,4,0,2296",cp932
217,2301,"2301,学情,1,1,0,1,学情,33,0,33,0,2301",cp932
218,2307,"2307,クロスキャッ,1,0,0,1,クロスキャット,31,0,31,0,2307",cp932
219,2309,"2309,シミックホー,1,0,0,0,シミックホールディングス,36,1,36,0,2309",cp932
220,2317,"2317,システナ,1,0,0,1,システナ,31,0,31,1,2317",cp932
221,2325,"2325,ＮＪＳ,1,0,0,1,ＮＪＳ,33,0,33,0,2325",cp932
222,2326,"2326,デジタルアー,1,0,0,1,デジタルアーツ,31,0,31,0,2326",cp932
223,2327,"2327,日鉄ソリュー,1,0,0,1,日鉄ソリューションズ,31,0,31,1,2327",cp932
224,2331,"2331,ＡＬＳＯＫ,1,0,0,1,ＡＬＳＯＫ,33,0,33,1,2331",cp932
225,2335,"2335,キューブシス,1,0,0,1,キューブシステム,31,0,31,0,2335",cp932
226,2337,"2337,いちご,1,1,0,1,いちご,26,0,26,1,2337",cp932
227,2353,"2353,日本駐車場開,1,0,0,1,日本駐車場開発,26,0,26,0,2353",cp932
228,2359,"2359,コア,1,0,0,1,コア,31,0,31,0,2359",cp932
229,2371,"2371,カカクコム,1,0,0,1,カカクコム,33,0,33,1,2371",cp932
230,2374,"2374,セントケア・,1,0,0,1,セントケア・ホールディング,33,0,33,0,2374",cp932
231,2378,"2378,ルネサンス,1,0,0,1,ルネサンス,33,0,33,0,2378",cp932
232,2379,"2379,ディップ,1,0,0,1,ディップ,33,0,33,1,2379",cp932
233,2384,"2384,ＳＢＳホール,1,0,0,1,ＳＢＳホールディングス,27,0,27,0,2384",cp932
234,2389,"2389,デジタルホー,1,0,0,1,デジタルホールディングス,33,0,33,0,2389",cp932
235,2395,"2395,新日本科学,1,0,0,1,新日本科学,33,0,33,0,2395",cp932
236,2410,"2410,キャリアデザ,1,0,0,1,キャリアデザインセンター,33,0,33,0,2410",cp932
237,2413,"2413,エムスリー,1,0,1,1,エムスリー,33,0,33,1,2413",cp932
238,2429,"2429,ワールドホー,1,0,0,1,ワールドホールディングス,33,0,33,0,2429",cp932
239,2432,"2432,ディー・エヌ,1,0,1,1,ディー・エヌ・エー,33,0,33,0,2432",cp932
240,2433,"2433,博報堂ＤＹホ,1,0,0,1,博報堂ＤＹホールディングス,33,0,33,1,2433",cp932
241,2453,"2453,ジャパンベス,1,0,0,0,ジャパンベストレスキューシステム,36,1,36,0,2453",cp932
242,2461,"2461,ファンコミュ,1,0,0,1,ファンコミュニケーションズ,33,0,33,0,2461",cp932
243,2462,"2462,ライク,1,0,0,1,ライク,33,0,33,0,2462",cp932
244,2471,"2471,エスプール,1,0,0,1,エスプール,33,0,33,0,2471",cp932
245,2475,"2475,ＷＤＢホール,1,0,0,1,ＷＤＢホールディングス,33,0,33,0,2475",cp932
246,2491,"2491,バリューコマ,1,0,0,1,バリューコマース,33,0,33,0,2491",cp932
247,2492,"2492,インフォマー,1,0,0,1,インフォマート,33,0,33,0,2492",cp932
248,2501,"2501,サッポロホー,1,0,1,1,サッポロホールディングス,4,0,4,0,2501",cp932
249,2502,"2502,アサヒグルー,1,0,1,1,アサヒグループホールディングス,4,0,4,1,2502",cp932
250,2503,"2503,キリンホール,1,0,1,1,キリンホールディングス,4,0,4,1,2503",cp932
251,2531,"2531,宝ホールディ,1,0,1,1,宝ホールディングス,4,0,4,0,2531",cp932
252,2533,"2533,オエノンホー,1,0,0,1,オエノンホールディングス,4,0,4,0,2533",cp932
253,2540,"2540,養命酒製造,1,0,0,1,養命酒製造,4,0,4,0,2540",cp932
254,2579,"2579,コカ・コーラ,1,0,0,1,コカ・コーラ　ボトラーズジャパンホールディングス,4,0,4,0,2579",cp932
255,2585,"2585,ライフドリン,1,0,0,1,ライフドリンク　カンパニー,4,0,4,0,2585",cp932
256,2587,"2587,サントリー食,1,0,0,1,サントリー食品インターナショナル,4,0,4,1,2587",cp932
257,2590,"2590,ダイドーグル,1,0,0,1,ダイドーグループホールディングス,4,0,4,0,2590",cp932
258,2593,"2593,伊藤園第１種,1,0,2,1,伊藤園第１種優先株式,4,0,4,0,2593",cp932
259,2594,"2594,キーコーヒー,1,0,0,1,キーコーヒー,4,0,4,0,2594",cp932
260,2602,"2602,日清オイリオ,1,0,0,1,日清オイリオグループ,4,0,4,0,2602",cp932
261,2607,"2607,不二製油,1,0,0,1,不二製油,4,0,4,0,2607",cp932
262,2613,"2613,Ｊ－オイルミ,1,0,0,1,Ｊ－オイルミルズ,4,0,4,0,2613",cp932
263,2659,"2659,サンエー,1,0,0,1,サンエー,21,0,21,0,2659",cp932
264,2664,"2664,カワチ薬品,1,1,0,1,カワチ薬品,21,0,21,0,2664",cp932
265,2670,"2670,エービーシー,1,0,0,1,エービーシー・マート,21,0,21,1,2670",cp932
266,2674,"2674,ハードオフコ,1,0,0,1,ハードオフコーポレーション,21,0,21,0,2674",cp932
267,2676,"2676,高千穂交易,1,1,0,1,高千穂交易,20,0,20,0,2676",cp932
268,2678,"2678,アスクル,1,0,0,1,アスクル,21,0,21,0,2678",cp932
269,2681,"2681,ゲオホールデ,1,0,0,1,ゲオホールディングス,21,0,21,0,2681",cp932
270,2685,"2685,アダストリア,1,0,0,1,アダストリア,21,0,21,0,2685",cp932
271,2692,"2692,伊藤忠食品,1,0,0,1,伊藤忠食品,20,0,20,0,2692",cp932
272,2695,"2695,くら寿司,1,0,0,1,くら寿司,21,0,21,0,2695",cp932
273,2715,"2715,エレマテック,1,0,0,1,エレマテック,20,0,20,0,2715",cp932
274,2726,"2726,パルグループ,1,0,0,1,パルグループホールディングス,21,0,21,0,2726",cp932
275,2730,"2730,エディオン,1,0,0,1,エディオン,21,0,21,0,2730",cp932
276,2733,"2733,あらた,1,1,0,1,あらた,20,0,20,0,2733",cp932
277,2734,"2734,サーラコーポ,1,0,0,1,サーラコーポレーション,21,0,21,0,2734",cp932
278,2737,"2737,トーメンデバ,1,0,0,1,トーメンデバイス,20,0,20,0,2737",cp932
279,2742,"2742,ハローズ,1,0,0,1,ハローズ,21,0,21,0,2742",cp932
280,2749,"2749,ＪＰホールデ,1,0,0,1,ＪＰホールディングス,33,0,33,0,2749",cp932
281,2752,"2752,フジオフード,1,0,0,1,フジオフードグループ本社,21,0,21,0,2752",cp932
282,2753,"2753,あみやき亭,1,0,0,1,あみやき亭,21,0,21,0,2753",cp932
283,2760,"2760,東京エレクト,1,0,0,1,東京エレクトロン　デバイス,20,0,20,0,2760",cp932
284,2767,"2767,円谷フィール,1,0,0,1,円谷フィールズホールディングス,20,0,20,0,2767",cp932
285,2768,"2768,双日,1,0,1,1,双日,20,0,20,1,2768",cp932
286,2784,"2784,アルフレッサ,1,0,0,1,アルフレッサ　ホールディングス,20,0,20,1,2784",cp932
287,2791,"2791,大黒天物産,1,0,0,1,大黒天物産,21,0,21,0,2791",cp932
288,2792,"2792,ハニーズホー,1,0,0,1,ハニーズホールディングス,21,0,21,0,2792",cp932
289,2801,"2801,キッコーマン,1,0,1,1,キッコーマン,4,0,4,1,2801",cp932
290,2802,"2802,味の素,1,0,1,1,味の素,4,0,4,1,2802",cp932
291,2804,"2804,ブルドックソ,1,0,0,1,ブルドックソース,4,0,4,0,2804",cp932
292,2809,"2809,キユーピー,1,0,0,1,キユーピー,4,0,4,1,2809",cp932
293,2810,"2810,ハウス食品グ,1,0,0,1,ハウス食品グループ本社,4,0,4,0,2810",cp932
294,2811,"2811,カゴメ,1,0,0,1,カゴメ,4,0,4,1,2811",cp932
295,2815,"2815,アリアケジャ,1,0,0,1,アリアケジャパン,4,0,4,1,2815",cp932
296,2871,"2871,ニチレイ,1,0,1,1,ニチレイ,4,0,4,1,2871",cp932
297,2874,"2874,横浜冷凍,1,1,0,1,横浜冷凍,20,0,20,0,2874",cp932
298,2875,"2875,東洋水産,1,0,0,1,東洋水産,4,0,4,1,2875",cp932
299,2882,"2882,イートアンド,1,0,0,1,イートアンドホールディングス,4,0,4,0,2882",cp932
300,2884,"2884,ヨシムラ・フ,1,0,0,1,ヨシムラ・フード・ホールディングス,4,0,4,0,2884",cp932
301,2897,"2897,日清食品ホー,1,0,0,1,日清食品ホールディングス,4,0,4,1,2897",cp932
302,2899,"2899,永谷園ホール,1,0,0,0,永谷園ホールディングス,4,1,4,0,2899",cp932
303,2908,"2908,フジッコ,1,0,0,1,フジッコ,4,0,4,0,2908",cp932
304,2910,"2910,ロック・フィ,1,0,0,1,ロック・フィールド,4,0,4,0,2910",cp932
305,2914,"2914,日本たばこ産,1,0,1,1,日本たばこ産業,4,0,4,1,2914",cp932
306,2915,"2915,ケンコーマヨ,1,0,0,1,ケンコーマヨネーズ,4,0,4,0,2915",cp932
307,2918,"2918,わらべや日洋,1,0,0,1,わらべや日洋ホールディングス,4,0,4,0,2918",cp932
308,2922,"2922,なとり,1,1,0,1,なとり,4,0,4,0,2922",cp932
309,2929,"2929,ファーマフー,1,0,0,1,ファーマフーズ,4,0,4,0,2929",cp932
310,2930,"2930,北の達人コー,1,0,0,1,北の達人コーポレーション,7,0,7,0,2930",cp932
311,2931,"2931,ユーグレナ,1,1,0,1,ユーグレナ,4,0,4,0,2931",cp932
312,2933,"2933,紀文食品,1,0,0,1,紀文食品,4,0,4,0,2933",cp932
313,2935,"2935,ピックルスホ,1,0,0,1,ピックルスホールディングス,4,0,4,0,2935",cp932
314,2975,"2975,スター・マイ,1,0,0,1,スター・マイカ・ホールディングス,26,0,26,0,2975",cp932
315,2980,"2980,ＳＲＥホール,1,0,0,1,ＳＲＥホールディングス,26,0,26,0,2980",cp932
316,2982,"2982,ＡＤワークス,1,0,0,1,ＡＤワークスグループ,26,0,26,0,2982",cp932
317,3002,"3002,グンゼ,1,0,0,1,グンゼ,5,0,5,0,3002",cp932
318,3003,"3003,ヒューリック,1,0,0,1,ヒューリック,26,0,26,1,3003",cp932
319,3028,"3028,アルペン,1,0,0,1,アルペン,21,0,21,0,3028",cp932
320,3031,"3031,ラクーンホー,1,0,0,1,ラクーンホールディングス,31,0,31,0,3031",cp932
321,3034,"3034,クオールホー,1,0,0,1,クオールホールディングス,21,0,21,0,3034",cp932
322,3036,"3036,アルコニック,1,0,0,1,アルコニックス,20,0,20,0,3036",cp932
323,3038,"3038,神戸物産,1,0,0,1,神戸物産,20,0,20,1,3038",cp932
324,3040,"3040,ソリトンシス,1,0,0,1,ソリトンシステムズ,31,0,31,0,3040",cp932
325,3046,"3046,ジンズホール,1,0,0,1,ジンズホールディングス,21,0,21,0,3046",cp932
326,3048,"3048,ビックカメラ,1,0,0,1,ビックカメラ,21,0,21,1,3048",cp932
327,3050,"3050,ＤＣＭホール,1,0,0,1,ＤＣＭホールディングス,21,0,21,0,3050",cp932
328,3064,"3064,Ｍｏｎｏｔａ,1,0,0,1,ＭｏｎｏｔａＲＯ,21,0,21,1,3064",cp932
329,3073,"3073,ＤＤグループ,1,1,0,1,ＤＤグループ,21,0,21,0,3073",cp932
330,3076,"3076,あい　ホール,1,0,0,1,あい　ホールディングス,20,0,20,0,3076",cp932
331,3086,"3086,Ｊ．フロント,1,0,1,1,Ｊ．フロント　リテイリング,21,0,21,0,3086",cp932
332,3087,"3087,ドトール・日,1,0,0,1,ドトール・日レスホールディングス,21,0,21,0,3087",cp932
333,3088,"3088,マツキヨココ,1,0,0,1,マツキヨココカラ＆カンパニー,21,0,21,1,3088",cp932
334,3091,"3091,ブロンコビリ,1,0,0,1,ブロンコビリー,21,0,21,0,3091",cp932
335,3092,"3092,ＺＯＺＯ,1,0,0,1,ＺＯＺＯ,21,0,21,1,3092",cp932
336,3093,"3093,トレジャー・,1,0,0,1,トレジャー・ファクトリー,21,0,21,0,3093",cp932
337,3097,"3097,物語コーポレ,1,0,0,1,物語コーポレーション,21,0,21,0,3097",cp932
338,3099,"3099,三越伊勢丹ホ,1,0,1,1,三越伊勢丹ホールディングス,21,0,21,0,3099",cp932
339,3101,"3101,東洋紡,1,0,1,1,東洋紡,5,0,5,0,3101",cp932
340,3104,"3104,富士紡ホール,1,0,0,1,富士紡ホールディングス,5,0,5,0,3104",cp932
341,3105,"3105,日清紡ホール,1,0,0,1,日清紡ホールディングス,16,0,16,0,3105",cp932
342,3106,"3106,倉敷紡績,1,0,0,1,倉敷紡績,5,0,5,0,3106",cp932
343,3107,"3107,ダイワボウホ,1,0,0,1,ダイワボウホールディングス,20,0,20,1,3107",cp932
344,3109,"3109,シキボウ,1,0,0,1,シキボウ,5,0,5,0,3109",cp932
345,3110,"3110,日東紡績,1,0,0,1,日東紡績,11,0,11,0,3110",cp932
346,3116,"3116,トヨタ紡織,1,1,0,1,トヨタ紡織,17,0,17,1,3116",cp932
347,3132,"3132,マクニカホー,1,0,0,1,マクニカホールディングス,20,0,20,0,3132",cp932
348,3139,"3139,ラクト・ジャ,1,0,0,1,ラクト・ジャパン,20,0,20,0,3139",cp932
349,3141,"3141,ウエルシアホ,1,0,0,1,ウエルシアホールディングス,21,0,21,1,3141",cp932
350,3148,"3148,クリエイトＳ,1,0,0,1,クリエイトＳＤホールディングス,21,0,21,1,3148",cp932
351,3150,"3150,グリムス,1,0,0,1,グリムス,21,0,21,0,3150",cp932
352,3151,"3151,バイタルケー,1,0,0,1,バイタルケーエスケー・ホールディングス,20,0,20,0,3151",cp932
353,3153,"3153,八洲電機,1,1,0,1,八洲電機,20,0,20,0,3153",cp932
354,3154,"3154,メディアスホ,1,0,0,1,メディアスホールディングス,20,0,20,0,3154",cp932
355,3156,"3156,レスター,1,0,0,1,レスター,20,0,20,0,3156",cp932
356,3167,"3167,ＴＯＫＡＩホ,1,0,0,1,ＴＯＫＡＩホールディングス,20,0,20,1,3167",cp932
357,3176,"3176,三洋貿易,1,1,0,1,三洋貿易,20,0,20,0,3176",cp932
358,3179,"3179,シュッピン,1,0,0,1,シュッピン,21,0,21,0,3179",cp932
359,3180,"3180,ビューティガ,1,0,0,1,ビューティガレージ,20,0,20,0,3180",cp932
360,3182,"3182,オイシックス,1,0,0,1,オイシックス・ラ・大地,21,0,21,0,3182",cp932
361,3183,"3183,ウイン・パー,1,0,0,1,ウイン・パートナーズ,20,0,20,0,3183",cp932
362,3186,"3186,ネクステージ,1,0,0,1,ネクステージ,21,0,21,0,3186",cp932
363,3191,"3191,ジョイフル本,1,0,0,1,ジョイフル本田,21,0,21,0,3191",cp932
364,3193,"3193,エターナルホ,1,0,0,1,エターナルホスピタリティグループ,21,0,21,0,3193",cp932
365,3196,"3196,ホットランド,1,1,0,1,ホットランドホールディングス,21,0,21,0,3196",cp932
366,3197,"3197,すかいらーく,1,0,0,1,すかいらーくホールディングス,21,0,21,0,3197",cp932
367,3198,"3198,ＳＦＰホール,1,0,0,1,ＳＦＰホールディングス,21,0,21,0,3198",cp932
368,3199,"3199,綿半ホールデ,1,0,0,1,綿半ホールディングス,21,0,21,0,3199",cp932
369,3201,"3201,日本毛織,1,1,0,1,日本毛織,5,0,5,0,3201",cp932
370,3221,"3221,ヨシックスホ,1,0,0,1,ヨシックスホールディングス,21,0,21,0,3221",cp932
371,3231,"3231,野村不動産ホ,1,0,0,1,野村不動産ホールディングス,26,0,26,1,3231",cp932
372,3232,"3232,三重交通グル,1,0,0,1,三重交通グループホールディングス,26,0,26,0,3232",cp932
373,3245,"3245,ディア・ライ,1,0,0,1,ディア・ライフ,26,0,26,0,3245",cp932
374,3252,"3252,地主,1,0,0,1,地主,26,0,26,0,3252",cp932
375,3276,"3276,ＪＰＭＣ,1,0,0,1,ＪＰＭＣ,26,0,26,0,3276",cp932
376,3284,"3284,フージャース,1,0,0,1,フージャースホールディングス,26,0,26,0,3284",cp932
377,3288,"3288,オープンハウ,1,0,0,1,オープンハウスグループ,26,0,26,1,3288",cp932
378,3289,"3289,東急不動産ホ,1,0,1,1,東急不動産ホールディングス,26,0,26,1,3289",cp932
379,3291,"3291,飯田グループ,1,0,0,1,飯田グループホールディングス,26,0,26,1,3291",cp932
380,3302,"3302,帝国繊維,1,0,0,1,帝国繊維,5,0,5,0,3302",cp932
381,3315,"3315,日本コークス,1,0,0,1,日本コークス工業,9,0,9,0,3315",cp932
382,3319,"3319,ゴルフダイジ,1,0,0,1,ゴルフダイジェスト・オンライン,21,0,21,0,3319",cp932
383,3328,"3328,ＢＥＥＮＯＳ,1,0,0,1,ＢＥＥＮＯＳ,21,0,21,0,3328",cp932
384,3333,"3333,あさひ,1,0,0,1,あさひ,21,0,21,0,3333",cp932
385,3341,"3341,日本調剤,1,0,0,1,日本調剤,21,0,21,0,3341",cp932
386,3349,"3349,コスモス薬品,1,1,0,1,コスモス薬品,21,0,21,1,3349",cp932
387,3360,"3360,シップヘルス,1,0,0,1,シップヘルスケアホールディングス,20,0,20,1,3360",cp932
388,3371,"3371,ソフトクリエ,1,0,0,1,ソフトクリエイトホールディングス,31,0,31,0,3371",cp932
389,3382,"3382,セブン＆アイ,1,0,1,1,セブン＆アイ・ホールディングス,21,0,21,1,3382",cp932
390,3387,"3387,クリエイト・,1,0,0,1,クリエイト・レストランツ・ホールディングス,21,0,21,0,3387",cp932
391,3388,"3388,明治電機工業,1,0,0,1,明治電機工業,20,0,20,0,3388",cp932
392,3391,"3391,ツルハホール,1,0,0,1,ツルハホールディングス,21,0,21,1,3391",cp932
393,3393,"3393,スターティア,1,0,0,1,スターティアホールディングス,20,0,20,0,3393",cp932
394,3395,"3395,サンマルクホ,1,0,0,1,サンマルクホールディングス,21,0,21,0,3395",cp932
395,3397,"3397,トリドールホ,1,0,0,1,トリドールホールディングス,21,0,21,0,3397",cp932
396,3401,"3401,帝人,1,0,1,1,帝人,5,0,5,1,3401",cp932
397,3402,"3402,東レ,1,0,1,1,東レ,5,0,5,1,3402",cp932
398,3405,"3405,クラレ,1,2,1,1,クラレ,7,0,7,1,3405",cp932
399,3407,"3407,旭化成,1,2,1,1,旭化成,7,0,7,1,3407",cp932
400,3415,"3415,ＴＯＫＹＯ　,1,0,0,1,ＴＯＫＹＯ　ＢＡＳＥ,21,0,21,0,3415",cp932
401,3431,"3431,宮地エンジニ,1,0,0,1,宮地エンジニアリンググループ,13,0,13,0,3431",cp932
402,3433,"3433,トーカロ,1,0,0,1,トーカロ,13,0,13,0,3433",cp932
403,3436,"3436,ＳＵＭＣＯ,1,0,1,1,ＳＵＭＣＯ,13,0,13,1,3436",cp932
404,3443,"3443,川田テクノロ,1,0,0,1,川田テクノロジーズ,13,0,13,0,3443",cp932
405,3445,"3445,ＲＳ　Ｔｅｃ,1,0,0,1,ＲＳ　Ｔｅｃｈｎｏｌｏｇｉｅｓ,13,0,13,0,3445",cp932
406,3457,"3457,Ａｎｄ　Ｄｏ,1,0,0,1,Ａｎｄ　Ｄｏホールディングス,26,0,26,0,3457",cp932
407,3465,"3465,ケイアイスタ,1,0,0,1,ケイアイスター不動産,26,0,26,0,3465",cp932
408,3475,"3475,グッドコムア,1,0,0,1,グッドコムアセット,26,0,26,0,3475",cp932
409,3480,"3480,ジェイ・エス,1,0,0,1,ジェイ・エス・ビー,26,0,26,0,3480",cp932
410,3482,"3482,ロードスター,1,0,0,1,ロードスターキャピタル,26,0,26,0,3482",cp932
411,3486,"3486,グローバル・,1,0,0,1,グローバル・リンク・マネジメント,26,0,26,0,3486",cp932
412,3496,"3496,アズーム,1,0,0,1,アズーム,26,0,26,0,3496",cp932
413,3498,"3498,霞ヶ関キャピ,1,0,0,1,霞ヶ関キャピタル,26,0,26,0,3498",cp932
414,3501,"3501,ＳＵＭＩＮＯ,1,0,0,1,ＳＵＭＩＮＯＥ,5,0,5,0,3501",cp932
415,3539,"3539,ＪＭホールデ,1,0,0,1,ＪＭホールディングス,21,0,21,0,3539",cp932
416,3543,"3543,コメダホール,1,0,0,1,コメダホールディングス,20,0,20,1,3543",cp932
417,3546,"3546,アレンザホー,1,0,0,1,アレンザホールディングス,21,0,21,0,3546",cp932
418,3548,"3548,バロックジャ,1,0,0,1,バロックジャパンリミテッド,21,0,21,0,3548",cp932
419,3549,"3549,クスリのアオ,1,0,0,1,クスリのアオキホールディングス,21,0,21,1,3549",cp932
420,3561,"3561,力の源ホール,1,0,0,1,力の源ホールディングス,21,0,21,0,3561",cp932
421,3563,"3563,ＦＯＯＤ　＆,1,0,0,1,ＦＯＯＤ　＆　ＬＩＦＥ　ＣＯＭＰＡＮＩＥＳ,21,0,21,1,3563",cp932
422,3569,"3569,セーレン,1,0,0,1,セーレン,5,0,5,0,3569",cp932
423,3580,"3580,小松マテーレ,1,0,0,1,小松マテーレ,5,0,5,0,3580",cp932
424,3591,"3591,ワコールホー,1,0,0,1,ワコールホールディングス,5,0,5,0,3591",cp932
425,3593,"3593,ホギメディカ,1,0,0,1,ホギメディカル,5,0,5,0,3593",cp932
426,3608,"3608,ＴＳＩホール,1,0,0,1,ＴＳＩホールディングス,5,0,5,0,3608",cp932
427,3612,"3612,ワールド,1,1,0,1,ワールド,5,0,5,0,3612",cp932
428,3626,"3626,ＴＩＳ,1,0,0,1,ＴＩＳ,31,0,31,1,3626",cp932
429,3632,"3632,グリーホール,1,0,0,1,グリーホールディングス,31,0,31,0,3632",cp932
430,3635,"3635,コーエーテク,1,0,0,1,コーエーテクモホールディングス,31,0,31,1,3635",cp932
431,3636,"3636,三菱総合研究,1,0,0,1,三菱総合研究所,31,0,31,0,3636",cp932
432,3649,"3649,ファインデッ,1,0,0,1,ファインデックス,31,0,31,0,3649",cp932
433,3655,"3655,ブレインパッ,1,0,0,1,ブレインパッド,31,0,31,0,3655",cp932
434,3656,"3656,ＫＬａｂ,1,1,0,1,ＫＬａｂ,31,0,31,0,3656",cp932
435,3657,"3657,ポールトゥウ,1,0,0,1,ポールトゥウィンホールディングス,31,0,31,0,3657",cp932
436,3659,"3659,ネクソン,1,0,0,1,ネクソン,31,0,31,1,3659",cp932
437,3660,"3660,アイスタイル,1,0,0,1,アイスタイル,31,0,31,0,3660",cp932
438,3661,"3661,エムアップホ,1,0,0,1,エムアップホールディングス,31,0,31,0,3661",cp932
439,3662,"3662,エイチームホ,1,0,0,1,エイチームホールディングス,31,0,31,0,3662",cp932
440,3663,"3663,セルシス,1,0,0,1,セルシス,31,0,31,0,3663",cp932
441,3665,"3665,エニグモ,1,0,0,1,エニグモ,31,0,31,0,3665",cp932
442,3668,"3668,コロプラ,1,0,0,1,コロプラ,31,0,31,0,3668",cp932
443,3673,"3673,ブロードリー,1,0,0,1,ブロードリーフ,31,0,31,0,3673",cp932
444,3676,"3676,デジタルハー,1,0,0,1,デジタルハーツホールディングス,31,0,31,0,3676",cp932
445,3678,"3678,メディアドゥ,1,0,0,1,メディアドゥ,31,0,31,0,3678",cp932
446,3679,"3679,じげん,1,1,0,1,じげん,31,0,31,0,3679",cp932
447,3681,"3681,ブイキューブ,1,1,0,1,ブイキューブ,31,0,31,0,3681",cp932
448,3687,"3687,フィックスタ,1,0,0,1,フィックスターズ,31,0,31,0,3687",cp932
449,3688,"3688,ＣＡＲＴＡ　,1,0,0,0,ＣＡＲＴＡ　ＨＯＬＤＩＮＧＳ,31,0,31,0,3688",cp932
450,3694,"3694,オプティム,1,0,0,1,オプティム,31,0,31,0,3694",cp932
451,3696,"3696,セレス,1,0,0,1,セレス,31,0,31,0,3696",cp932
452,3697,"3697,ＳＨＩＦＴ,1,0,0,1,ＳＨＩＦＴ,31,0,31,0,3697",cp932
453,3708,"3708,特種東海製紙,1,1,0,1,特種東海製紙,6,0,6,0,3708",cp932
454,3741,"3741,セック,1,0,0,1,セック,31,0,31,0,3741",cp932
455,3762,"3762,テクマトリッ,1,0,0,1,テクマトリックス,31,0,31,0,3762",cp932
456,3763,"3763,プロシップ,1,0,0,1,プロシップ,31,0,31,0,3763",cp932
457,3765,"3765,ガンホー・オ,1,0,0,1,ガンホー・オンライン・エンターテイメント,31,0,31,1,3765",cp932
458,3769,"3769,ＧＭＯペイメ,1,0,0,1,ＧＭＯペイメントゲートウェイ,31,0,31,1,3769",cp932
459,3771,"3771,システムリサ,1,0,0,1,システムリサーチ,31,0,31,0,3771",cp932
460,3774,"3774,インターネッ,1,0,0,1,インターネットイニシアティブ,31,0,31,0,3774",cp932
461,3778,"3778,さくらインタ,1,0,0,1,さくらインターネット,31,0,31,0,3778",cp932
462,3788,"3788,ＧＭＯグロー,1,0,0,1,ＧＭＯグローバルサイン・ホールディングス,31,0,31,0,3788",cp932
463,3817,"3817,ＳＲＡホール,1,0,0,1,ＳＲＡホールディングス,31,0,31,0,3817",cp932
464,3834,"3834,朝日ネット,1,1,0,1,朝日ネット,31,0,31,0,3834",cp932
465,3835,"3835,ｅＢＡＳＥ,1,0,0,1,ｅＢＡＳＥ,31,0,31,0,3835",cp932
466,3836,"3836,アバントグル,1,0,0,1,アバントグループ,31,0,31,0,3836",cp932
467,3837,"3837,アドソル日進,1,0,0,1,アドソル日進,31,0,31,0,3837",cp932
468,3843,"3843,フリービット,1,1,0,1,フリービット,31,0,31,0,3843",cp932
469,3844,"3844,コムチュア,1,0,0,1,コムチュア,31,0,31,0,3844",cp932
470,3853,"3853,アステリア,1,0,0,1,アステリア,31,0,31,0,3853",cp932
471,3854,"3854,アイル,1,0,0,1,アイル,31,0,31,0,3854",cp932
472,3861,"3861,王子ホールデ,1,0,1,1,王子ホールディングス,6,0,6,1,3861",cp932
473,3863,"3863,日本製紙,1,1,1,1,日本製紙,6,0,6,0,3863",cp932
474,3864,"3864,三菱製紙,1,1,0,1,三菱製紙,6,0,6,0,3864",cp932
475,3865,"3865,北越コーポレ,1,0,0,1,北越コーポレーション,6,0,6,0,3865",cp932
476,3877,"3877,中越パルプ工,1,0,0,1,中越パルプ工業,6,0,6,0,3877",cp932
477,3880,"3880,大王製紙,1,1,0,1,大王製紙,6,0,6,1,3880",cp932
478,3901,"3901,マークライン,1,0,0,1,マークラインズ,31,0,31,0,3901",cp932
479,3902,"3902,メディカル・,1,0,0,1,メディカル・データ・ビジョン,31,0,31,0,3902",cp932
480,3903,"3903,ｇｕｍｉ,1,1,0,1,ｇｕｍｉ,31,0,31,0,3903",cp932
481,3915,"3915,テラスカイ,1,0,0,1,テラスカイ,31,0,31,0,3915",cp932
482,3916,"3916,デジタル・イ,1,0,0,1,デジタル・インフォメーション・テクノロジー,31,0,31,0,3916",cp932
483,3921,"3921,ネオジャパン,1,0,0,1,ネオジャパン,31,0,31,0,3921",cp932
484,3922,"3922,ＰＲ　ＴＩＭ,1,0,0,1,ＰＲ　ＴＩＭＥＳ,31,0,31,0,3922",cp932
485,3923,"3923,ラクス,1,0,0,1,ラクス,31,0,31,1,3923",cp932
486,3924,"3924,ランドコンピ,1,0,0,1,ランドコンピュータ,31,0,31,0,3924",cp932
487,3925,"3925,ダブルスタン,1,0,0,1,ダブルスタンダード,31,0,31,0,3925",cp932
488,3932,"3932,アカツキ,1,0,0,1,アカツキ,31,0,31,1,3932",cp932
489,3939,"3939,カナミックネ,1,0,0,1,カナミックネットワーク,31,0,31,0,3939",cp932
490,3941,"3941,レンゴー,1,0,0,1,レンゴー,6,0,6,1,3941",cp932
491,3946,"3946,トーモク,1,0,0,1,トーモク,6,0,6,0,3946",cp932
492,3950,"3950,ザ・パック,1,0,0,1,ザ・パック,6,0,6,0,3950",cp932
493,3962,"3962,チェンジホー,1,0,0,1,チェンジホールディングス,31,0,31,0,3962",cp932
494,3963,"3963,シンクロ・フ,1,0,0,1,シンクロ・フード,31,0,31,0,3963",cp932
495,3964,"3964,オークネット,1,1,0,1,オークネット,31,0,31,0,3964",cp932
496,3968,"3968,セグエグルー,1,0,0,1,セグエグループ,31,0,31,0,3968",cp932
497,3983,"3983,オロ,1,0,0,1,オロ,31,0,31,0,3983",cp932
498,3984,"3984,ユーザーロー,1,0,0,1,ユーザーローカル,31,0,31,0,3984",cp932
499,3992,"3992,ニーズウェル,1,0,0,1,ニーズウェル,31,0,31,0,3992",cp932
500,3993,"3993,ＰＫＳＨＡ　,1,0,0,1,ＰＫＳＨＡ　Ｔｅｃｈｎｏｌｏｇｙ,31,0,31,0,3993",cp932
501,3994,"3994,マネーフォワ,1,0,0,1,マネーフォワード,31,0,31,0,3994",cp932
502,4004,"4004,レゾナック・,1,0,1,1,レゾナック・ホールディングス,7,0,7,1,4004",cp932
503,4005,"4005,住友化学,1,0,1,1,住友化学,7,0,7,1,4005",cp932
504,4008,"4008,住友精化,1,1,0,1,住友精化,7,0,7,0,4008",cp932
505,4021,"4021,日産化学,1,0,1,1,日産化学,7,0,7,1,4021",cp932
506,4022,"4022,ラサ工業,1,0,0,1,ラサ工業,7,0,7,0,4022",cp932
507,4023,"4023,クレハ,1,1,0,1,クレハ,7,0,7,0,4023",cp932
508,4025,"4025,多木化学,1,0,0,1,多木化学,7,0,7,0,4025",cp932
509,4027,"4027,テイカ,1,0,0,1,テイカ,7,0,7,0,4027",cp932
510,4028,"4028,石原産業,1,0,0,1,石原産業,7,0,7,0,4028",cp932
511,4041,"4041,日本曹達,1,1,1,1,日本曹達,7,0,7,0,4041",cp932
512,4042,"4042,東ソー,1,0,1,1,東ソー,7,0,7,1,4042",cp932
513,4043,"4043,トクヤマ,1,1,1,1,トクヤマ,7,0,7,1,4043",cp932
514,4044,"4044,セントラル硝,1,0,0,1,セントラル硝子,7,0,7,0,4044",cp932
515,4045,"4045,東亞合成,1,1,0,1,東亞合成,7,0,7,0,4045",cp932
516,4046,"4046,大阪ソーダ,1,0,0,1,大阪ソーダ,7,0,7,0,4046",cp932
517,4047,"4047,関東電化工業,1,0,0,1,関東電化工業,7,0,7,0,4047",cp932
518,4051,"4051,ＧＭＯフィナ,1,0,0,1,ＧＭＯフィナンシャルゲート,31,0,31,0,4051",cp932
519,4053,"4053,Ｓｕｎ　Ａｓ,1,0,0,1,Ｓｕｎ　Ａｓｔｅｒｉｓｋ,31,0,31,0,4053",cp932
520,4061,"4061,デンカ,1,0,1,1,デンカ,7,0,7,1,4061",cp932
521,4062,"4062,イビデン,1,0,0,1,イビデン,16,0,16,0,4062",cp932
522,4063,"4063,信越化学工業,1,0,1,1,信越化学工業,7,0,7,1,4063",cp932
523,4064,"4064,日本カーバイ,1,0,0,1,日本カーバイド工業,7,0,7,0,4064",cp932
524,4071,"4071,プラスアルフ,1,0,0,1,プラスアルファ・コンサルティング,31,0,31,0,4071",cp932
525,4072,"4072,電算システム,1,0,0,1,電算システムホールディングス,31,0,31,0,4072",cp932
526,4078,"4078,堺化学工業,1,0,0,1,堺化学工業,7,0,7,0,4078",cp932
527,4082,"4082,第一稀元素化,1,0,0,1,第一稀元素化学工業,7,0,7,0,4082",cp932
528,4088,"4088,エア・ウォー,1,0,0,1,エア・ウォーター,7,0,7,1,4088",cp932
529,4091,"4091,日本酸素ホー,1,0,0,1,日本酸素ホールディングス,7,0,7,1,4091",cp932
530,4092,"4092,日本化学工業,1,0,0,1,日本化学工業,7,0,7,0,4092",cp932
531,4095,"4095,日本パーカラ,1,0,0,1,日本パーカライジング,7,0,7,0,4095",cp932
532,4097,"4097,高圧ガス工業,1,0,0,1,高圧ガス工業,7,0,7,0,4097",cp932
533,4099,"4099,四国化成ホー,1,0,0,1,四国化成ホールディングス,7,0,7,0,4099",cp932
534,4109,"4109,ステラ　ケミ,1,2,0,1,ステラ　ケミファ,7,0,7,0,4109",cp932
535,4112,"4112,保土谷化学工,1,0,0,1,保土谷化学工業,7,0,7,0,4112",cp932
536,4114,"4114,日本触媒,1,1,0,1,日本触媒,7,0,7,0,4114",cp932
537,4116,"4116,大日精化工業,1,0,0,1,大日精化工業,7,0,7,0,4116",cp932
538,4118,"4118,カネカ,1,0,0,1,カネカ,7,0,7,0,4118",cp932
539,4151,"4151,協和キリン,1,0,1,1,協和キリン,8,0,8,1,4151",cp932
540,4180,"4180,Ａｐｐｉｅｒ,1,0,0,1,Ａｐｐｉｅｒ　Ｇｒｏｕｐ,31,0,31,0,4180",cp932
541,4182,"4182,三菱瓦斯化学,1,0,0,1,三菱瓦斯化学,7,0,7,1,4182",cp932
542,4183,"4183,三井化学,1,0,1,1,三井化学,7,0,7,1,4183",cp932
543,4186,"4186,東京応化工業,1,0,0,1,東京応化工業,7,0,7,0,4186",cp932
544,4187,"4187,大阪有機化学,1,0,0,1,大阪有機化学工業,7,0,7,0,4187",cp932
545,4188,"4188,三菱ケミカル,1,0,1,1,三菱ケミカルグループ,7,0,7,1,4188",cp932
546,4189,"4189,ＫＨネオケム,1,0,0,1,ＫＨネオケム,7,0,7,0,4189",cp932
547,4194,"4194,ビジョナル,1,0,0,1,ビジョナル,31,0,31,0,4194",cp932
548,4202,"4202,ダイセル,1,0,0,1,ダイセル,7,0,7,1,4202",cp932
549,4203,"4203,住友ベークラ,1,0,0,1,住友ベークライト,7,0,7,0,4203",cp932
550,4204,"4204,積水化学工業,1,0,0,1,積水化学工業,7,0,7,1,4204",cp932
551,4205,"4205,日本ゼオン,1,0,0,1,日本ゼオン,7,0,7,1,4205",cp932
552,4206,"4206,アイカ工業,1,0,0,1,アイカ工業,7,0,7,1,4206",cp932
553,4208,"4208,ＵＢＥ,1,0,1,1,ＵＢＥ,7,0,7,1,4208",cp932
554,4212,"4212,積水樹脂,1,1,0,1,積水樹脂,7,0,7,0,4212",cp932
555,4215,"4215,タキロンシー,1,0,0,0,タキロンシーアイ,7,1,7,0,4215",cp932
556,4216,"4216,旭有機材,1,0,0,1,旭有機材,7,0,7,0,4216",cp932
557,4218,"4218,ニチバン,1,0,0,1,ニチバン,7,0,7,0,4218",cp932
558,4220,"4220,リケンテクノ,1,0,0,1,リケンテクノス,7,0,7,0,4220",cp932
559,4221,"4221,大倉工業,1,0,0,1,大倉工業,7,0,7,0,4221",cp932
560,4228,"4228,積水化成品工,1,0,0,1,積水化成品工業,7,0,7,0,4228",cp932
561,4229,"4229,群栄化学工業,1,0,0,1,群栄化学工業,7,0,7,0,4229",cp932
562,4246,"4246,ダイキョーニ,1,0,0,1,ダイキョーニシカワ,7,0,7,0,4246",cp932
563,4249,"4249,森六,1,0,0,1,森六,7,0,7,0,4249",cp932
564,4251,"4251,恵和,1,1,0,1,恵和,7,0,7,0,4251",cp932
565,4272,"4272,日本化薬,1,0,0,1,日本化薬,7,0,7,0,4272",cp932
566,4275,"4275,カーリット,1,0,0,1,カーリット,7,0,7,0,4275",cp932
567,4290,"4290,プレステージ,1,0,0,1,プレステージ・インターナショナル,33,0,33,0,4290",cp932
568,4301,"4301,アミューズ,1,0,0,1,アミューズ,33,0,33,0,4301",cp932
569,4307,"4307,野村総合研究,1,0,0,1,野村総合研究所,31,0,31,1,4307",cp932
570,4310,"4310,ドリームイン,1,0,0,1,ドリームインキュベータ,33,0,33,0,4310",cp932
571,4318,"4318,クイック,1,0,0,1,クイック,33,0,33,0,4318",cp932
572,4323,"4323,日本システム,1,0,0,1,日本システム技術,31,0,31,0,4323",cp932
573,4324,"4324,電通グループ,1,1,1,1,電通グループ,33,0,33,0,4324",cp932
574,4326,"4326,インテージホ,1,0,0,1,インテージホールディングス,31,0,31,0,4326",cp932
575,4331,"4331,テイクアンド,1,0,0,1,テイクアンドギヴ・ニーズ,33,0,33,0,4331",cp932
576,4333,"4333,東邦システム,1,0,0,1,東邦システムサイエンス,31,0,31,0,4333",cp932
577,4337,"4337,ぴあ,1,1,0,1,ぴあ,33,0,33,0,4337",cp932
578,4343,"4343,イオンファン,1,0,0,1,イオンファンタジー,33,0,33,0,4343",cp932
579,4344,"4344,ソースネクス,1,0,0,1,ソースネクスト,31,0,31,0,4344",cp932
580,4345,"4345,シーティーエ,1,0,0,1,シーティーエス,33,0,33,0,4345",cp932
581,4348,"4348,インフォコム,1,0,0,0,インフォコム,33,1,33,1,4348",cp932
582,4362,"4362,日本精化,1,1,0,1,日本精化,7,0,7,0,4362",cp932
583,4368,"4368,扶桑化学工業,1,0,0,1,扶桑化学工業,7,0,7,0,4368",cp932
584,4369,"4369,トリケミカル,1,0,0,1,トリケミカル研究所,7,0,7,0,4369",cp932
585,4373,"4373,シンプレクス,1,0,0,1,シンプレクス・ホールディングス,31,0,31,0,4373",cp932
586,4384,"4384,ラクスル,1,0,0,1,ラクスル,31,0,31,0,4384",cp932
587,4385,"4385,メルカリ,1,0,0,1,メルカリ,31,0,31,0,4385",cp932
588,4390,"4390,ＩＰＳ,1,0,0,1,ＩＰＳ,31,0,31,0,4390",cp932
589,4392,"4392,ＦＩＧ,1,0,0,1,ＦＩＧ,31,0,31,0,4392",cp932
590,4396,"4396,システムサポ,1,0,0,1,システムサポートホールディングス,31,0,31,0,4396",cp932
591,4401,"4401,ＡＤＥＫＡ,1,0,0,1,ＡＤＥＫＡ,7,0,7,0,4401",cp932
592,4403,"4403,日油,1,0,0,1,日油,7,0,7,1,4403",cp932
593,4410,"4410,ハリマ化成グ,1,0,0,1,ハリマ化成グループ,7,0,7,0,4410",cp932
594,4413,"4413,ボードルア,1,0,0,1,ボードルア,31,0,31,0,4413",cp932
595,4432,"4432,ウイングアー,1,0,0,1,ウイングアーク１ｓｔ,31,0,31,0,4432",cp932
596,4433,"4433,ヒト・コミュ,1,0,0,1,ヒト・コミュニケーションズ・ホールディングス,31,0,31,0,4433",cp932
597,4443,"4443,Ｓａｎｓａｎ,1,1,0,1,Ｓａｎｓａｎ,31,0,31,0,4443",cp932
598,4446,"4446,Ｌｉｎｋ－Ｕ,1,0,0,1,Ｌｉｎｋ－Ｕグループ,31,0,31,0,4446",cp932
599,4449,"4449,ギフティ,1,0,0,1,ギフティ,31,0,31,0,4449",cp932
600,4452,"4452,花王,1,1,1,1,花王,7,0,7,1,4452",cp932
601,4461,"4461,第一工業製薬,1,0,0,1,第一工業製薬,7,0,7,0,4461",cp932
602,4462,"4462,石原ケミカル,1,0,0,1,石原ケミカル,7,0,7,0,4462",cp932
603,4471,"4471,三洋化成工業,1,0,0,1,三洋化成工業,7,0,7,0,4471",cp932
604,4480,"4480,メドレー,1,0,0,1,メドレー,31,0,31,0,4480",cp932
605,4481,"4481,ベース,1,0,0,1,ベース,31,0,31,0,4481",cp932
606,4483,"4483,ＪＭＤＣ,1,0,0,1,ＪＭＤＣ,31,0,31,0,4483",cp932
607,4502,"4502,武田薬品工業,1,0,1,1,武田薬品工業,8,0,8,1,4502",cp932
608,4503,"4503,アステラス製,1,0,1,1,アステラス製薬,8,0,8,1,4503",cp932
609,4506,"4506,住友ファーマ,1,1,1,1,住友ファーマ,8,0,8,1,4506",cp932
610,4507,"4507,塩野義製薬,1,0,1,1,塩野義製薬,8,0,8,1,4507",cp932
611,4516,"4516,日本新薬,1,0,0,1,日本新薬,8,0,8,1,4516",cp932
612,4519,"4519,中外製薬,1,0,1,1,中外製薬,8,0,8,1,4519",cp932
613,4521,"4521,科研製薬,1,0,0,1,科研製薬,8,0,8,1,4521",cp932
614,4523,"4523,エーザイ,1,0,1,1,エーザイ,8,0,8,1,4523",cp932
615,4526,"4526,理研ビタミン,1,0,0,1,理研ビタミン,4,0,4,0,4526",cp932
616,4527,"4527,ロート製薬,1,0,0,1,ロート製薬,8,0,8,1,4527",cp932
617,4528,"4528,小野薬品工業,1,0,0,1,小野薬品工業,8,0,8,1,4528",cp932
618,4530,"4530,久光製薬,1,0,0,1,久光製薬,8,0,8,0,4530",cp932
619,4534,"4534,持田製薬,1,5,0,1,持田製薬,8,0,8,0,4534",cp932
620,4536,"4536,参天製薬,1,0,0,1,参天製薬,8,0,8,1,4536",cp932
621,4538,"4538,扶桑薬品工業,1,0,0,1,扶桑薬品工業,8,0,8,0,4538",cp932
622,4540,"4540,ツムラ,1,0,0,1,ツムラ,8,0,8,0,4540",cp932
623,4543,"4543,テルモ,1,0,1,1,テルモ,19,0,19,1,4543",cp932
624,4544,"4544,Ｈ．Ｕ．グル,1,5,0,1,Ｈ．Ｕ．グループホールディングス,33,0,33,0,4544",cp932
625,4547,"4547,キッセイ薬品,1,0,0,1,キッセイ薬品工業,8,0,8,0,4547",cp932
626,4548,"4548,生化学工業,1,0,0,1,生化学工業,8,0,8,0,4548",cp932
627,4549,"4549,栄研化学,1,0,0,1,栄研化学,8,0,8,0,4549",cp932
628,4551,"4551,鳥居薬品,1,1,0,1,鳥居薬品,8,0,8,0,4551",cp932
629,4552,"4552,ＪＣＲファー,1,0,0,1,ＪＣＲファーマ,8,0,8,1,4552",cp932
630,4553,"4553,東和薬品,1,1,0,1,東和薬品,8,0,8,1,4553",cp932
631,4554,"4554,富士製薬工業,1,0,0,1,富士製薬工業,8,0,8,0,4554",cp932
632,4559,"4559,ゼリア新薬工,1,0,0,1,ゼリア新薬工業,8,0,8,0,4559",cp932
633,4565,"4565,ネクセラファ,1,0,0,1,ネクセラファーマ,8,0,8,0,4565",cp932
634,4568,"4568,第一三共,1,0,1,1,第一三共,8,0,8,1,4568",cp932
635,4569,"4569,杏林製薬,1,0,0,1,杏林製薬,8,0,8,0,4569",cp932
636,4574,"4574,大幸薬品,1,1,0,1,大幸薬品,8,0,8,0,4574",cp932
637,4577,"4577,ダイト,1,1,0,1,ダイト,8,0,8,0,4577",cp932
638,4578,"4578,大塚ホールデ,1,0,1,1,大塚ホールディングス,8,0,8,1,4578",cp932
639,4587,"4587,ペプチドリー,1,0,0,1,ペプチドリーム,8,0,8,1,4587",cp932
640,4611,"4611,大日本塗料,1,0,0,1,大日本塗料,7,0,7,0,4611",cp932
641,4612,"4612,日本ペイント,1,0,0,1,日本ペイントホールディングス,7,0,7,1,4612",cp932
642,4613,"4613,関西ペイント,1,1,0,1,関西ペイント,7,0,7,1,4613",cp932
643,4617,"4617,中国塗料,1,0,0,1,中国塗料,7,0,7,0,4617",cp932
644,4626,"4626,太陽ホールデ,1,0,0,1,太陽ホールディングス,7,0,7,0,4626",cp932
645,4631,"4631,ＤＩＣ,1,0,1,1,ＤＩＣ,7,0,7,1,4631",cp932
646,4633,"4633,サカタインク,1,0,0,1,サカタインクス,7,0,7,0,4633",cp932
647,4634,"4634,ａｒｔｉｅｎ,1,0,0,1,ａｒｔｉｅｎｃｅ,7,0,7,0,4634",cp932
648,4641,"4641,アルプス技研,1,1,0,1,アルプス技研,33,0,33,0,4641",cp932
649,4658,"4658,日本空調サー,1,0,0,1,日本空調サービス,33,0,33,0,4658",cp932
650,4661,"4661,オリエンタル,1,0,0,1,オリエンタルランド,33,0,33,1,4661",cp932
651,4662,"4662,フォーカスシ,1,1,0,1,フォーカスシステムズ,31,0,31,0,4662",cp932
652,4665,"4665,ダスキン,1,0,0,1,ダスキン,33,0,33,0,4665",cp932
653,4666,"4666,パーク２４,1,1,0,1,パーク２４,26,0,26,0,4666",cp932
654,4668,"4668,明光ネットワ,1,0,0,1,明光ネットワークジャパン,33,0,33,0,4668",cp932
655,4674,"4674,クレスコ,1,0,0,1,クレスコ,31,0,31,0,4674",cp932
656,4676,"4676,フジ・メディ,1,0,0,1,フジ・メディア・ホールディングス,31,0,31,0,4676",cp932
657,4680,"4680,ラウンドワン,1,0,0,1,ラウンドワン,33,0,33,0,4680",cp932
658,4681,"4681,リゾートトラ,1,0,0,1,リゾートトラスト,33,0,33,0,4681",cp932
659,4684,"4684,オービック,1,0,0,1,オービック,31,0,31,1,4684",cp932
660,4686,"4686,ジャストシス,1,0,0,1,ジャストシステム,31,0,31,1,4686",cp932
661,4687,"4687,ＴＤＣソフト,1,0,0,1,ＴＤＣソフト,31,0,31,0,4687",cp932
662,4689,"4689,ＬＩＮＥヤフ,1,0,1,1,ＬＩＮＥヤフー,31,0,31,1,4689",cp932
663,4694,"4694,ビー・エム・,1,0,0,1,ビー・エム・エル,33,0,33,0,4694",cp932
664,4704,"4704,トレンドマイ,1,0,1,1,トレンドマイクロ,31,0,31,1,4704",cp932
665,4709,"4709,ＩＤホールデ,1,0,0,1,ＩＤホールディングス,31,0,31,0,4709",cp932
666,4714,"4714,リソー教育,1,0,0,1,リソー教育,33,0,33,0,4714",cp932
667,4718,"4718,早稲田アカデ,1,0,0,1,早稲田アカデミー,33,0,33,0,4718",cp932
668,4719,"4719,アルファシス,1,0,0,1,アルファシステムズ,31,0,31,0,4719",cp932
669,4722,"4722,フューチャー,1,0,0,1,フューチャー,31,0,31,0,4722",cp932
670,4725,"4725,ＣＡＣ　Ｈｏ,1,0,0,1,ＣＡＣ　Ｈｏｌｄｉｎｇｓ,31,0,31,0,4725",cp932
671,4726,"4726,ＳＢテクノロ,1,0,0,0,ＳＢテクノロジー,33,1,33,0,4726",cp932
672,4732,"4732,ユー・エス・,1,0,0,1,ユー・エス・エス,33,0,33,1,4732",cp932
673,4733,"4733,オービックビ,1,0,0,1,オービックビジネスコンサルタント,31,0,31,0,4733",cp932
674,4743,"4743,アイティフォ,1,0,0,1,アイティフォー,31,0,31,0,4743",cp932
675,4751,"4751,サイバーエー,1,0,1,1,サイバーエージェント,33,0,33,0,4751",cp932
676,4755,"4755,楽天グループ,1,1,0,1,楽天グループ,33,0,33,0,4755",cp932
677,4763,"4763,クリーク・ア,1,0,0,1,クリーク・アンド・リバー社,33,0,33,0,4763",cp932
678,4765,"4765,ＳＢＩグロー,1,0,0,1,ＳＢＩグローバルアセットマネジメント,33,0,33,0,4765",cp932
679,4768,"4768,大塚商会,1,1,0,1,大塚商会,31,0,31,1,4768",cp932
680,4776,"4776,サイボウズ,1,0,0,1,サイボウズ,31,0,31,0,4776",cp932
681,4784,"4784,ＧＭＯインタ,1,0,0,1,ＧＭＯインターネット,33,0,33,0,4784",cp932
682,4792,"4792,山田コンサル,1,0,0,1,山田コンサルティンググループ,33,0,33,0,4792",cp932
683,4801,"4801,セントラルス,1,0,0,1,セントラルスポーツ,33,0,33,0,4801",cp932
684,4809,"4809,パラカ,1,0,0,1,パラカ,26,0,26,0,4809",cp932
685,4812,"4812,電通総研,1,1,0,1,電通総研,31,0,31,1,4812",cp932
686,4813,"4813,ＡＣＣＥＳＳ,1,0,0,1,ＡＣＣＥＳＳ,31,0,31,0,4813",cp932
687,4819,"4819,デジタルガレ,1,0,0,1,デジタルガレージ,31,0,31,1,4819",cp932
688,4820,"4820,イーエムシス,1,0,0,1,イーエムシステムズ,31,0,31,0,4820",cp932
689,4825,"4825,ウェザーニュ,1,0,0,1,ウェザーニューズ,31,0,31,0,4825",cp932
690,4826,"4826,ＣＩＪ,1,0,0,1,ＣＩＪ,31,0,31,0,4826",cp932
691,4828,"4828,ビジネスエン,1,0,0,1,ビジネスエンジニアリング,31,0,31,0,4828",cp932
692,4839,"4839,ＷＯＷＯＷ,1,0,0,1,ＷＯＷＯＷ,31,0,31,0,4839",cp932
693,4847,"4847,インテリジェ,1,0,0,1,インテリジェント　ウェイブ,31,0,31,0,4847",cp932
694,4848,"4848,フルキャスト,1,0,0,1,フルキャストホールディングス,33,0,33,1,4848",cp932
695,4849,"4849,エン・ジャパ,1,0,0,1,エン・ジャパン,33,0,33,1,4849",cp932
696,4886,"4886,あすか製薬ホ,1,0,0,1,あすか製薬ホールディングス,8,0,8,0,4886",cp932
697,4887,"4887,サワイグルー,1,0,0,1,サワイグループホールディングス,8,0,8,1,4887",cp932
698,4901,"4901,富士フイルム,1,0,1,1,富士フイルムホールディングス,7,0,7,1,4901",cp932
699,4902,"4902,コニカミノル,1,0,1,1,コニカミノルタ,16,0,16,0,4902",cp932
700,4911,"4911,資生堂,1,1,1,1,資生堂,7,0,7,1,4911",cp932
701,4912,"4912,ライオン,1,0,0,1,ライオン,7,0,7,1,4912",cp932
702,4914,"4914,高砂香料工業,1,0,0,1,高砂香料工業,7,0,7,0,4914",cp932
703,4917,"4917,マンダム,1,0,0,1,マンダム,7,0,7,0,4917",cp932
704,4919,"4919,ミルボン,1,0,0,1,ミルボン,7,0,7,0,4919",cp932
705,4922,"4922,コーセー,1,0,0,1,コーセー,7,0,7,1,4922",cp932
706,4923,"4923,コタ,1,0,0,1,コタ,7,0,7,0,4923",cp932
707,4927,"4927,ポーラ・オル,1,0,0,1,ポーラ・オルビスホールディングス,7,0,7,1,4927",cp932
708,4928,"4928,ノエビアホー,1,0,0,1,ノエビアホールディングス,7,0,7,0,4928",cp932
709,4931,"4931,新日本製薬,1,0,0,1,新日本製薬,7,0,7,0,4931",cp932
710,4933,"4933,Ｉ－ｎｅ,1,1,0,1,Ｉ－ｎｅ,7,0,7,0,4933",cp932
711,4951,"4951,エステー,1,0,0,1,エステー,7,0,7,0,4951",cp932
712,4956,"4956,コニシ,1,0,0,1,コニシ,7,0,7,0,4956",cp932
713,4958,"4958,長谷川香料,1,0,0,1,長谷川香料,7,0,7,0,4958",cp932
714,4967,"4967,小林製薬,1,0,0,1,小林製薬,7,0,7,1,4967",cp932
715,4968,"4968,荒川化学工業,1,0,0,1,荒川化学工業,7,0,7,0,4968",cp932
716,4971,"4971,メック,1,0,0,1,メック,7,0,7,0,4971",cp932
717,4973,"4973,日本高純度化,1,0,0,1,日本高純度化学,7,0,7,0,4973",cp932
718,4974,"4974,タカラバイオ,1,0,0,1,タカラバイオ,7,0,7,0,4974",cp932
719,4975,"4975,ＪＣＵ,1,0,0,1,ＪＣＵ,7,0,7,0,4975",cp932
720,4980,"4980,デクセリアル,1,0,0,1,デクセリアルズ,7,0,7,0,4980",cp932
721,4985,"4985,アース製薬,1,0,0,1,アース製薬,7,0,7,0,4985",cp932
722,4996,"4996,クミアイ化学,1,0,0,1,クミアイ化学工業,7,0,7,0,4996",cp932
723,4997,"4997,日本農薬,1,0,0,1,日本農薬,7,0,7,0,4997",cp932
724,5011,"5011,ニチレキグル,1,0,0,1,ニチレキグループ,9,0,9,0,5011",cp932
725,5016,"5016,ＪＸ金属,1,1,0,1,ＪＸ金属,14,0,14,0,5016",cp932
726,5017,"5017,富士石油,1,0,0,1,富士石油,9,0,9,0,5017",cp932
727,5019,"5019,出光興産,1,0,1,1,出光興産,9,0,9,1,5019",cp932
728,5020,"5020,ＥＮＥＯＳホ,1,0,1,1,ＥＮＥＯＳホールディングス,9,0,9,1,5020",cp932
729,5021,"5021,コスモエネル,1,0,0,1,コスモエネルギーホールディングス,9,0,9,1,5021",cp932
730,5032,"5032,ＡＮＹＣＯＬ,1,0,0,1,ＡＮＹＣＯＬＯＲ,31,0,31,0,5032",cp932
731,5036,"5036,日本ビジネス,1,0,0,1,日本ビジネスシステムズ,31,0,31,0,5036",cp932
732,5074,"5074,テスホールデ,1,0,0,1,テスホールディングス,3,0,3,0,5074",cp932
733,5076,"5076,インフロニア,1,0,0,1,インフロニア・ホールディングス第１回社債型種類株式,3,0,3,1,5076",cp932
734,5101,"5101,横浜ゴム,1,0,1,1,横浜ゴム,10,0,10,1,5101",cp932
735,5105,"5105,ＴＯＹＯ　Ｔ,1,0,0,1,ＴＯＹＯ　ＴＩＲＥ,10,0,10,1,5105",cp932
736,5108,"5108,ブリヂストン,1,0,1,1,ブリヂストン,10,0,10,1,5108",cp932
737,5110,"5110,住友ゴム工業,1,0,0,1,住友ゴム工業,10,0,10,1,5110",cp932
738,5121,"5121,藤倉コンポジ,1,0,0,1,藤倉コンポジット,10,0,10,0,5121",cp932
739,5122,"5122,オカモト,1,1,0,1,オカモト,10,0,10,0,5122",cp932
740,5142,"5142,アキレス,1,0,0,1,アキレス,7,0,7,0,5142",cp932
741,5185,"5185,フコク,1,0,0,1,フコク,10,0,10,0,5185",cp932
742,5186,"5186,ニッタ,1,0,0,1,ニッタ,10,0,10,0,5186",cp932
743,5191,"5191,住友理工,1,0,0,1,住友理工,10,0,10,0,5191",cp932
744,5192,"5192,三ツ星ベルト,1,1,0,1,三ツ星ベルト,10,0,10,0,5192",cp932
745,5195,"5195,バンドー化学,1,0,0,1,バンドー化学,10,0,10,0,5195",cp932
746,5201,"5201,ＡＧＣ,1,0,1,1,ＡＧＣ,11,0,11,1,5201",cp932
747,5202,"5202,日本板硝子,1,1,1,1,日本板硝子,11,0,11,0,5202",cp932
748,5208,"5208,有沢製作所,1,0,0,1,有沢製作所,7,0,7,0,5208",cp932
749,5214,"5214,日本電気硝子,1,1,1,1,日本電気硝子,11,0,11,0,5214",cp932
750,5232,"5232,住友大阪セメ,1,0,1,1,住友大阪セメント,11,0,11,0,5232",cp932
751,5233,"5233,太平洋セメン,1,0,1,1,太平洋セメント,11,0,11,1,5233",cp932
752,5261,"5261,リソルホール,1,0,0,1,リソルホールディングス,33,0,33,0,5261",cp932
753,5262,"5262,日本ヒューム,1,0,0,1,日本ヒューム,11,0,11,0,5262",cp932
754,5269,"5269,日本コンクリ,1,0,0,1,日本コンクリート工業,11,0,11,0,5269",cp932
755,5288,"5288,アジアパイル,1,0,0,1,アジアパイルホールディングス,11,0,11,0,5288",cp932
756,5301,"5301,東海カーボン,1,0,1,1,東海カーボン,11,0,11,1,5301",cp932
757,5302,"5302,日本カーボン,1,0,0,1,日本カーボン,11,0,11,0,5302",cp932
758,5310,"5310,東洋炭素,1,0,0,1,東洋炭素,11,0,11,0,5310",cp932
759,5331,"5331,ノリタケ,1,0,0,1,ノリタケ,11,0,11,0,5331",cp932
760,5332,"5332,ＴＯＴＯ,1,0,1,1,ＴＯＴＯ,11,0,11,1,5332",cp932
761,5333,"5333,日本碍子,1,1,1,1,日本碍子,11,0,11,1,5333",cp932
762,5334,"5334,日本特殊陶業,1,0,0,1,日本特殊陶業,11,0,11,1,5334",cp932
763,5344,"5344,ＭＡＲＵＷＡ,1,0,0,1,ＭＡＲＵＷＡ,11,0,11,0,5344",cp932
764,5351,"5351,品川リフラク,1,0,0,1,品川リフラクトリーズ,11,0,11,0,5351",cp932
765,5352,"5352,黒崎播磨,1,0,0,1,黒崎播磨,11,0,11,0,5352",cp932
766,5357,"5357,ヨータイ,1,0,0,1,ヨータイ,11,0,11,0,5357",cp932
767,5384,"5384,フジミインコ,1,1,0,1,フジミインコーポレーテッド,11,0,11,0,5384",cp932
768,5393,"5393,ニチアス,1,0,0,1,ニチアス,11,0,11,1,5393",cp932
769,5401,"5401,日本製鉄,1,1,1,1,日本製鉄,12,0,12,0,5401",cp932
770,5406,"5406,神戸製鋼所,1,0,1,1,神戸製鋼所,12,0,12,0,5406",cp932
771,5408,"5408,中山製鋼所,1,0,0,1,中山製鋼所,12,0,12,0,5408",cp932
772,5410,"5410,合同製鐵,1,0,0,1,合同製鐵,12,0,12,0,5410",cp932
773,5411,"5411,ＪＦＥホール,1,0,1,1,ＪＦＥホールディングス,12,0,12,0,5411",cp932
774,5423,"5423,東京製鐵,1,0,0,1,東京製鐵,12,0,12,0,5423",cp932
775,5440,"5440,共英製鋼,1,0,0,1,共英製鋼,12,0,12,0,5440",cp932
776,5444,"5444,大和工業,1,0,0,1,大和工業,12,0,12,0,5444",cp932
777,5445,"5445,東京鐵鋼,1,0,0,1,東京鐵鋼,12,0,12,0,5445",cp932
778,5451,"5451,淀川製鋼所,1,0,0,1,淀川製鋼所,12,0,12,0,5451",cp932
779,5461,"5461,中部鋼鈑,1,1,0,1,中部鋼鈑,12,0,12,0,5461",cp932
780,5463,"5463,丸一鋼管,1,0,0,1,丸一鋼管,12,0,12,0,5463",cp932
781,5471,"5471,大同特殊鋼,1,0,0,1,大同特殊鋼,12,0,12,0,5471",cp932
782,5480,"5480,日本冶金工業,1,0,0,1,日本冶金工業,12,0,12,0,5480",cp932
783,5482,"5482,愛知製鋼,1,0,0,1,愛知製鋼,12,0,12,0,5482",cp932
784,5535,"5535,ミガロホール,1,0,0,1,ミガロホールディングス,26,0,26,0,5535",cp932
785,5541,"5541,大平洋金属,1,1,1,1,大平洋金属,12,0,12,0,5541",cp932
786,5563,"5563,新日本電工,1,0,0,1,新日本電工,12,0,12,0,5563",cp932
787,5602,"5602,栗本鐵工所,1,0,0,1,栗本鐵工所,12,0,12,0,5602",cp932
788,5631,"5631,日本製鋼所,1,0,1,1,日本製鋼所,15,0,15,1,5631",cp932
789,5632,"5632,三菱製鋼,1,0,0,1,三菱製鋼,12,0,12,0,5632",cp932
790,5659,"5659,日本精線,1,1,0,1,日本精線,12,0,12,0,5659",cp932
791,5702,"5702,大紀アルミニ,1,0,0,1,大紀アルミニウム工業所,14,0,14,0,5702",cp932
792,5703,"5703,日本軽金属ホ,1,0,1,1,日本軽金属ホールディングス,14,0,14,0,5703",cp932
793,5706,"5706,三井金属鉱業,1,0,1,1,三井金属鉱業,14,0,14,1,5706",cp932
794,5707,"5707,東邦亜鉛,1,0,1,1,東邦亜鉛,14,0,14,0,5707",cp932
795,5711,"5711,三菱マテリア,1,2,1,1,三菱マテリアル,14,0,14,0,5711",cp932
796,5713,"5713,住友金属鉱山,1,0,1,1,住友金属鉱山,14,0,14,1,5713",cp932
797,5714,"5714,ＤＯＷＡホー,1,0,1,1,ＤＯＷＡホールディングス,14,0,14,0,5714",cp932
798,5715,"5715,古河機械金属,1,1,0,1,古河機械金属,14,0,14,0,5715",cp932
799,5726,"5726,大阪チタニウ,1,0,0,1,大阪チタニウムテクノロジーズ,14,0,14,0,5726",cp932
800,5727,"5727,東邦チタニウ,1,0,0,1,東邦チタニウム,14,0,14,0,5727",cp932
801,5741,"5741,ＵＡＣＪ,1,0,0,1,ＵＡＣＪ,14,0,14,0,5741",cp932
802,5757,"5757,ＣＫサンエツ,1,1,0,1,ＣＫサンエツ,14,0,14,0,5757",cp932
803,5801,"5801,古河電気工業,1,2,1,1,古河電気工業,14,0,14,0,5801",cp932
804,5802,"5802,住友電気工業,1,0,1,1,住友電気工業,14,0,14,1,5802",cp932
805,5803,"5803,フジクラ,1,0,1,1,フジクラ,14,0,14,0,5803",cp932
806,5805,"5805,ＳＷＣＣ,1,0,0,1,ＳＷＣＣ,14,0,14,0,5805",cp932
807,5821,"5821,平河ヒューテ,1,0,0,1,平河ヒューテック,14,0,14,0,5821",cp932
808,5830,"5830,いよぎんホー,1,0,0,1,いよぎんホールディングス,22,0,22,0,5830",cp932
809,5831,"5831,しずおかフィ,1,0,0,1,しずおかフィナンシャルグループ,22,0,22,0,5831",cp932
810,5832,"5832,ちゅうぎんフ,1,0,0,1,ちゅうぎんフィナンシャルグループ,22,0,22,0,5832",cp932
811,5838,"5838,楽天銀行,1,1,0,1,楽天銀行,22,0,22,0,5838",cp932
812,5844,"5844,京都フィナン,1,0,0,1,京都フィナンシャルグループ,22,0,22,0,5844",cp932
813,5851,"5851,リョービ,1,1,0,1,リョービ,14,0,14,0,5851",cp932
814,5852,"5852,アーレスティ,1,0,0,1,アーレスティ,14,0,14,0,5852",cp932
815,5857,"5857,ＡＲＥホール,1,0,0,1,ＡＲＥホールディングス,14,0,14,1,5857",cp932
816,5889,"5889,Ｊａｐａｎ　,1,0,0,1,Ｊａｐａｎ　Ｅｙｅｗｅａｒ　Ｈｏｌｄｉｎｇｓ,21,0,21,0,5889",cp932
817,5901,"5901,東洋製罐グル,1,0,0,1,東洋製罐グループホールディングス,13,0,13,0,5901",cp932
818,5902,"5902,ホッカンホー,1,0,0,1,ホッカンホールディングス,13,0,13,0,5902",cp932
819,5911,"5911,横河ブリッジ,1,0,0,1,横河ブリッジホールディングス,13,0,13,0,5911",cp932
820,5929,"5929,三和ホールデ,1,0,0,1,三和ホールディングス,13,0,13,1,5929",cp932
821,5930,"5930,文化シヤッタ,1,0,0,1,文化シヤッター,13,0,13,0,5930",cp932
822,5932,"5932,三協立山,1,0,0,1,三協立山,13,0,13,0,5932",cp932
823,5933,"5933,アルインコ,1,0,0,1,アルインコ,13,0,13,0,5933",cp932
824,5938,"5938,ＬＩＸＩＬ,1,0,0,1,ＬＩＸＩＬ,13,0,13,0,5938",cp932
825,5943,"5943,ノーリツ,1,1,0,1,ノーリツ,13,0,13,0,5943",cp932
826,5946,"5946,長府製作所,1,0,0,1,長府製作所,13,0,13,0,5946",cp932
827,5947,"5947,リンナイ,1,0,0,1,リンナイ,13,0,13,1,5947",cp932
828,5949,"5949,ユニプレス,1,0,0,1,ユニプレス,17,0,17,0,5949",cp932
829,5957,"5957,日東精工,1,0,0,1,日東精工,13,0,13,0,5957",cp932
830,5959,"5959,岡部,1,0,0,1,岡部,13,0,13,0,5959",cp932
831,5970,"5970,ジーテクト,1,1,0,1,ジーテクト,13,0,13,0,5970",cp932
832,5975,"5975,東プレ,1,0,0,1,東プレ,13,0,13,0,5975",cp932
833,5976,"5976,高周波熱錬,1,0,0,1,高周波熱錬,13,0,13,0,5976",cp932
834,5981,"5981,東京製綱,1,0,0,1,東京製綱,13,0,13,0,5981",cp932
835,5988,"5988,パイオラック,1,0,0,1,パイオラックス,13,0,13,0,5988",cp932
836,5989,"5989,エイチワン,1,0,0,1,エイチワン,13,0,13,0,5989",cp932
837,5991,"5991,日本発條,1,1,0,1,日本発條,13,0,13,0,5991",cp932
838,6005,"6005,三浦工業,1,1,0,1,三浦工業,15,0,15,1,6005",cp932
839,6013,"6013,タクマ,1,1,0,1,タクマ,15,0,15,0,6013",cp932
840,6027,"6027,弁護士ドット,1,0,0,1,弁護士ドットコム,33,0,33,0,6027",cp932
841,6028,"6028,テクノプロ・,1,0,0,1,テクノプロ・ホールディングス,33,0,33,1,6028",cp932
842,6036,"6036,ＫｅｅＰｅｒ,1,0,0,1,ＫｅｅＰｅｒ技研,33,0,33,0,6036",cp932
843,6047,"6047,Ｇｕｎｏｓｙ,1,1,0,1,Ｇｕｎｏｓｙ,33,0,33,0,6047",cp932
844,6050,"6050,イー・ガーデ,1,0,0,1,イー・ガーディアン,33,0,33,0,6050",cp932
845,6055,"6055,ジャパンマテ,1,0,0,1,ジャパンマテリアル,33,0,33,1,6055",cp932
846,6058,"6058,ベクトル,1,0,0,1,ベクトル,33,0,33,0,6058",cp932
847,6062,"6062,チャーム・ケ,1,0,0,1,チャーム・ケア・コーポレーション,33,0,33,0,6062",cp932
848,6070,"6070,キャリアリン,1,0,0,1,キャリアリンク,33,0,33,0,6070",cp932
849,6071,"6071,ＩＢＪ,1,0,0,1,ＩＢＪ,33,0,33,0,6071",cp932
850,6073,"6073,アサンテ,1,1,0,1,アサンテ,33,0,33,0,6073",cp932
851,6078,"6078,バリューＨＲ,1,0,0,1,バリューＨＲ,33,0,33,0,6078",cp932
852,6080,"6080,Ｍ＆Ａキャピ,1,0,0,1,Ｍ＆Ａキャピタルパートナーズ,33,0,33,0,6080",cp932
853,6088,"6088,シグマクシス,1,0,0,1,シグマクシス・ホールディングス,33,0,33,0,6088",cp932
854,6089,"6089,ウィルグルー,1,0,0,1,ウィルグループ,33,0,33,0,6089",cp932
855,6095,"6095,メドピア,1,0,0,1,メドピア,33,0,33,0,6095",cp932
856,6098,"6098,リクルートホ,1,0,1,1,リクルートホールディングス,33,0,33,1,6098",cp932
857,6099,"6099,エラン,1,0,0,1,エラン,33,0,33,0,6099",cp932
858,6101,"6101,ツガミ,1,1,0,1,ツガミ,15,0,15,0,6101",cp932
859,6103,"6103,オークマ,1,1,1,1,オークマ,15,0,15,0,6103",cp932
860,6104,"6104,芝浦機械,1,0,0,1,芝浦機械,15,0,15,0,6104",cp932
861,6113,"6113,アマダ,1,0,1,1,アマダ,15,0,15,1,6113",cp932
862,6118,"6118,アイダエンジ,1,0,0,1,アイダエンジニアリング,15,0,15,0,6118",cp932
863,6134,"6134,ＦＵＪＩ,1,0,0,1,ＦＵＪＩ,15,0,15,1,6134",cp932
864,6135,"6135,牧野フライス,1,0,0,1,牧野フライス製作所,15,0,15,0,6135",cp932
865,6136,"6136,オーエスジー,1,0,0,1,オーエスジー,15,0,15,1,6136",cp932
866,6140,"6140,旭ダイヤモン,1,0,0,1,旭ダイヤモンド工業,15,0,15,0,6140",cp932
867,6141,"6141,ＤＭＧ森精機,1,1,0,1,ＤＭＧ森精機,15,0,15,1,6141",cp932
868,6143,"6143,ソディック,1,0,0,1,ソディック,15,0,15,0,6143",cp932
869,6146,"6146,ディスコ,1,2,0,1,ディスコ,15,0,15,1,6146",cp932
870,6151,"6151,日東工器,1,0,0,1,日東工器,15,0,15,0,6151",cp932
871,6167,"6167,冨士ダイス,1,0,0,1,冨士ダイス,15,0,15,0,6167",cp932
872,6178,"6178,日本郵政,1,0,1,1,日本郵政,33,0,33,0,6178",cp932
873,6183,"6183,ベルシステム,1,0,0,1,ベルシステム２４ホールディングス,33,0,33,1,6183",cp932
874,6184,"6184,鎌倉新書,1,0,0,1,鎌倉新書,33,0,33,0,6184",cp932
875,6191,"6191,エアトリ,1,0,0,1,エアトリ,33,0,33,0,6191",cp932
876,6194,"6194,アトラエ,1,0,0,1,アトラエ,33,0,33,0,6194",cp932
877,6196,"6196,ストライク,1,0,0,1,ストライク,33,0,33,0,6196",cp932
878,6197,"6197,ソラスト,1,1,0,1,ソラスト,33,0,33,0,6197",cp932
879,6200,"6200,インソース,1,0,0,1,インソース,33,0,33,0,6200",cp932
880,6201,"6201,豊田自動織機,1,1,0,1,豊田自動織機,17,0,17,1,6201",cp932
881,6209,"6209,リケンＮＰＲ,1,0,0,1,リケンＮＰＲ,15,0,15,0,6209",cp932
882,6222,"6222,島精機製作所,1,0,0,1,島精機製作所,15,0,15,0,6222",cp932
883,6235,"6235,オプトラン,1,0,0,1,オプトラン,15,0,15,1,6235",cp932
884,6237,"6237,イワキポンプ,1,1,0,1,イワキポンプ,15,0,15,0,6237",cp932
885,6238,"6238,フリュー,1,0,0,1,フリュー,15,0,15,0,6238",cp932
886,6240,"6240,ヤマシンフィ,1,0,0,1,ヤマシンフィルタ,15,0,15,0,6240",cp932
887,6247,"6247,日阪製作所,1,0,0,1,日阪製作所,15,0,15,0,6247",cp932
888,6250,"6250,やまびこ,1,1,0,1,やまびこ,15,0,15,0,6250",cp932
889,6254,"6254,野村マイクロ,1,0,0,1,野村マイクロ・サイエンス,15,0,15,0,6254",cp932
890,6258,"6258,平田機工,1,0,0,1,平田機工,15,0,15,0,6258",cp932
891,6264,"6264,マルマエ,1,0,0,1,マルマエ,15,0,15,0,6264",cp932
892,6266,"6266,タツモ,1,0,0,1,タツモ,15,0,15,0,6266",cp932
893,6268,"6268,ナブテスコ,1,0,0,1,ナブテスコ,15,0,15,1,6268",cp932
894,6269,"6269,三井海洋開発,1,0,0,1,三井海洋開発,15,0,15,0,6269",cp932
895,6272,"6272,レオン自動機,1,1,0,1,レオン自動機,15,0,15,0,6272",cp932
896,6273,"6273,ＳＭＣ,1,0,0,1,ＳＭＣ,15,0,15,1,6273",cp932
897,6277,"6277,ホソカワミク,1,0,0,1,ホソカワミクロン,15,0,15,0,6277",cp932
898,6278,"6278,ユニオンツー,1,0,0,1,ユニオンツール,15,0,15,0,6278",cp932
899,6279,"6279,瑞光,1,0,0,1,瑞光,15,0,15,0,6279",cp932
900,6282,"6282,オイレス工業,1,0,0,1,オイレス工業,15,0,15,0,6282",cp932
901,6284,"6284,日精エー・エ,1,0,0,1,日精エー・エス・ビー機械,15,0,15,0,6284",cp932
902,6287,"6287,サトー,1,0,0,1,サトー,15,0,15,0,6287",cp932
903,6289,"6289,技研製作所,1,0,0,1,技研製作所,15,0,15,0,6289",cp932
904,6293,"6293,日精樹脂工業,1,0,0,1,日精樹脂工業,15,0,15,0,6293",cp932
905,6294,"6294,オカダアイヨ,1,0,0,1,オカダアイヨン,15,0,15,0,6294",cp932
906,6298,"6298,ワイエイシイ,1,0,0,1,ワイエイシイホールディングス,15,0,15,0,6298",cp932
907,6301,"6301,小松製作所,1,0,1,1,小松製作所,15,0,15,1,6301",cp932
908,6302,"6302,住友重機械工,1,0,1,1,住友重機械工業,15,0,15,1,6302",cp932
909,6305,"6305,日立建機,1,1,1,1,日立建機,15,0,15,1,6305",cp932
910,6306,"6306,日工,1,0,0,1,日工,15,0,15,0,6306",cp932
911,6309,"6309,巴工業,1,0,0,1,巴工業,15,0,15,0,6309",cp932
912,6310,"6310,井関農機,1,1,0,1,井関農機,15,0,15,0,6310",cp932
913,6315,"6315,ＴＯＷＡ,1,0,0,1,ＴＯＷＡ,15,0,15,0,6315",cp932
914,6323,"6323,ローツェ,1,0,0,1,ローツェ,15,0,15,0,6323",cp932
915,6324,"6324,ハーモニック,1,0,0,1,ハーモニック・ドライブ・システムズ,15,0,15,0,6324",cp932
916,6326,"6326,クボタ,1,0,1,1,クボタ,15,0,15,1,6326",cp932
917,6328,"6328,荏原実業,1,0,0,1,荏原実業,15,0,15,0,6328",cp932
918,6330,"6330,東洋エンジニ,1,4,0,1,東洋エンジニアリング,3,0,3,0,6330",cp932
919,6331,"6331,三菱化工機,1,1,0,1,三菱化工機,15,0,15,0,6331",cp932
920,6332,"6332,月島ホールデ,1,0,0,1,月島ホールディングス,15,0,15,0,6332",cp932
921,6333,"6333,帝国電機製作,1,0,0,1,帝国電機製作所,15,0,15,0,6333",cp932
922,6339,"6339,新東工業,1,0,0,1,新東工業,15,0,15,0,6339",cp932
923,6340,"6340,澁谷工業,1,0,0,1,澁谷工業,15,0,15,0,6340",cp932
924,6345,"6345,アイチ　コー,1,0,0,1,アイチ　コーポレーション,15,0,15,0,6345",cp932
925,6349,"6349,小森コーポレ,1,0,0,1,小森コーポレーション,15,0,15,0,6349",cp932
926,6351,"6351,鶴見製作所,1,0,0,1,鶴見製作所,15,0,15,0,6351",cp932
927,6358,"6358,酒井重工業,1,0,0,1,酒井重工業,15,0,15,0,6358",cp932
928,6361,"6361,荏原製作所,1,0,1,1,荏原製作所,15,0,15,1,6361",cp932
929,6363,"6363,酉島製作所,1,0,0,1,酉島製作所,15,0,15,0,6363",cp932
930,6364,"6364,ＡＩＲＭＡＮ,1,0,0,1,ＡＩＲＭＡＮ,15,0,15,0,6364",cp932
931,6367,"6367,ダイキン工業,1,0,1,1,ダイキン工業,15,0,15,1,6367",cp932
932,6368,"6368,オルガノ,1,1,0,1,オルガノ,15,0,15,0,6368",cp932
933,6369,"6369,トーヨーカネ,1,0,0,1,トーヨーカネツ,15,0,15,0,6369",cp932
934,6370,"6370,栗田工業,1,0,0,1,栗田工業,15,0,15,0,6370",cp932
935,6371,"6371,椿本チエイン,1,0,0,1,椿本チエイン,15,0,15,0,6371",cp932
936,6376,"6376,日機装,1,1,0,1,日機装,19,0,19,0,6376",cp932
937,6379,"6379,レイズネクス,1,0,0,1,レイズネクスト,3,0,3,0,6379",cp932
938,6381,"6381,アネスト岩田,1,0,0,1,アネスト岩田,15,0,15,0,6381",cp932
939,6383,"6383,ダイフク,1,0,0,1,ダイフク,15,0,15,1,6383",cp932
940,6387,"6387,サムコ,1,0,0,1,サムコ,15,0,15,0,6387",cp932
941,6390,"6390,加藤製作所,1,0,0,1,加藤製作所,15,0,15,0,6390",cp932
942,6395,"6395,タダノ,1,1,0,1,タダノ,15,0,15,0,6395",cp932
943,6406,"6406,フジテック,1,0,0,1,フジテック,15,0,15,0,6406",cp932
944,6407,"6407,ＣＫＤ,1,0,0,1,ＣＫＤ,15,0,15,0,6407",cp932
945,6412,"6412,平和,1,1,0,1,平和,15,0,15,0,6412",cp932
946,6413,"6413,理想科学工業,1,0,0,1,理想科学工業,15,0,15,0,6413",cp932
947,6417,"6417,ＳＡＮＫＹＯ,1,0,0,1,ＳＡＮＫＹＯ,15,0,15,0,6417",cp932
948,6418,"6418,日本金銭機械,1,0,0,1,日本金銭機械,15,0,15,0,6418",cp932
949,6419,"6419,マースグルー,1,0,0,1,マースグループホールディングス,15,0,15,0,6419",cp932
950,6420,"6420,ガリレイ,1,0,0,1,ガリレイ,15,0,15,0,6420",cp932
951,6430,"6430,ダイコク電機,1,1,0,1,ダイコク電機,15,0,15,0,6430",cp932
952,6432,"6432,竹内製作所,1,0,0,1,竹内製作所,15,0,15,1,6432",cp932
953,6436,"6436,アマノ,1,0,0,1,アマノ,15,0,15,0,6436",cp932
954,6440,"6440,ＪＵＫＩ,1,0,0,1,ＪＵＫＩ,15,0,15,0,6440",cp932
955,6445,"6445,ジャノメ,1,0,0,1,ジャノメ,15,0,15,0,6445",cp932
956,6448,"6448,ブラザー工業,1,0,0,1,ブラザー工業,16,0,16,1,6448",cp932
957,6454,"6454,マックス,1,0,0,1,マックス,15,0,15,0,6454",cp932
958,6455,"6455,モリタホール,1,0,0,1,モリタホールディングス,17,0,17,0,6455",cp932
959,6457,"6457,グローリー,1,0,0,1,グローリー,15,0,15,0,6457",cp932
960,6458,"6458,新晃工業,1,0,0,1,新晃工業,15,0,15,0,6458",cp932
961,6459,"6459,大和冷機工業,1,0,0,1,大和冷機工業,15,0,15,0,6459",cp932
962,6460,"6460,セガサミーホ,1,0,0,1,セガサミーホールディングス,15,0,15,0,6460",cp932
963,6463,"6463,ＴＰＲ,1,0,0,1,ＴＰＲ,15,0,15,0,6463",cp932
964,6464,"6464,ツバキ・ナカ,1,0,0,1,ツバキ・ナカシマ,15,0,15,0,6464",cp932
965,6465,"6465,ホシザキ,1,0,0,1,ホシザキ,15,0,15,1,6465",cp932
966,6471,"6471,日本精工,1,0,1,1,日本精工,15,0,15,1,6471",cp932
967,6472,"6472,ＮＴＮ,1,0,1,1,ＮＴＮ,15,0,15,0,6472",cp932
968,6473,"6473,ジェイテクト,1,1,1,1,ジェイテクト,15,0,15,0,6473",cp932
969,6474,"6474,不二越,1,1,0,1,不二越,15,0,15,0,6474",cp932
970,6479,"6479,ミネベアミツ,1,0,1,1,ミネベアミツミ,16,0,16,1,6479",cp932
971,6480,"6480,日本トムソン,1,0,0,1,日本トムソン,15,0,15,0,6480",cp932
972,6481,"6481,ＴＨＫ,1,0,0,1,ＴＨＫ,15,0,15,0,6481",cp932
973,6486,"6486,イーグル工業,1,0,0,1,イーグル工業,15,0,15,0,6486",cp932
974,6490,"6490,ＰＩＬＬＡＲ,1,0,0,1,ＰＩＬＬＡＲ,15,0,15,0,6490",cp932
975,6498,"6498,キッツ,1,0,0,1,キッツ,15,0,15,0,6498",cp932
976,6501,"6501,日立製作所,1,0,1,1,日立製作所,16,0,16,1,6501",cp932
977,6503,"6503,三菱電機,1,1,1,1,三菱電機,16,0,16,1,6503",cp932
978,6504,"6504,富士電機,1,1,1,1,富士電機,16,0,16,1,6504",cp932
979,6506,"6506,安川電機,1,1,1,1,安川電機,16,0,16,1,6506",cp932
980,6507,"6507,シンフォニア,1,0,0,1,シンフォニアテクノロジー,16,0,16,0,6507",cp932
981,6508,"6508,明電舎,1,1,0,1,明電舎,16,0,16,0,6508",cp932
982,6516,"6516,山洋電気,1,1,0,1,山洋電気,16,0,16,0,6516",cp932
983,6517,"6517,デンヨー,1,0,0,1,デンヨー,16,0,16,0,6517",cp932
984,6523,"6523,ＰＨＣホール,1,0,0,1,ＰＨＣホールディングス,16,0,16,0,6523",cp932
985,6525,"6525,ＫＯＫＵＳＡ,1,0,0,1,ＫＯＫＵＳＡＩ　ＥＬＥＣＴＲＩＣ,16,0,16,0,6525",cp932
986,6526,"6526,ソシオネクス,1,0,0,1,ソシオネクスト,16,0,16,0,6526",cp932
987,6532,"6532,ベイカレント,1,1,0,1,ベイカレント,33,0,33,1,6532",cp932
988,6533,"6533,Ｏｒｃｈｅｓ,1,0,0,1,Ｏｒｃｈｅｓｔｒａ　Ｈｏｌｄｉｎｇｓ,33,0,33,0,6533",cp932
989,6535,"6535,アイモバイル,1,0,0,1,アイモバイル,33,0,33,0,6535",cp932
990,6539,"6539,ＭＳ－Ｊａｐ,1,0,0,1,ＭＳ－Ｊａｐａｎ,33,0,33,0,6539",cp932
991,6544,"6544,ジャパンエレ,1,0,0,1,ジャパンエレベーターサービスホールディングス,33,0,33,1,6544",cp932
992,6560,"6560,エル・ティー,1,0,0,1,エル・ティー・エス,33,0,33,0,6560",cp932
993,6564,"6564,ミダックホー,1,0,0,1,ミダックホールディングス,33,0,33,0,6564",cp932
994,6571,"6571,キュービーネ,1,0,0,1,キュービーネットホールディングス,33,0,33,0,6571",cp932
995,6572,"6572,オープングル,1,0,0,1,オープングループ,33,0,33,0,6572",cp932
996,6584,"6584,三櫻工業,1,0,0,1,三櫻工業,17,0,17,0,6584",cp932
997,6586,"6586,マキタ,1,0,0,1,マキタ,15,0,15,1,6586",cp932
998,6588,"6588,東芝テック,1,0,0,1,東芝テック,16,0,16,0,6588",cp932
999,6590,"6590,芝浦メカトロ,1,0,0,1,芝浦メカトロニクス,16,0,16,0,6590",cp932
1000,6592,"6592,マブチモータ,1,0,0,1,マブチモーター,16,0,16,0,6592",cp932
1001,6594,"6594,ニデック,1,3,0,1,ニデック,16,0,16,1,6594",cp932
1002,6615,"6615,ユー・エム・,1,0,0,1,ユー・エム・シー・エレクトロニクス,16,0,16,0,6615",cp932
1003,6616,"6616,トレックス・,1,0,0,1,トレックス・セミコンダクター,16,0,16,0,6616",cp932
1004,6617,"6617,東光高岳,1,0,0,1,東光高岳,16,0,16,0,6617",cp932
1005,6619,"6619,ダブル・スコ,1,0,0,1,ダブル・スコープ,16,0,16,0,6619",cp932
1006,6620,"6620,宮越ホールデ,1,0,0,1,宮越ホールディングス,26,0,26,0,6620",cp932
1007,6622,"6622,ダイヘン,1,0,0,1,ダイヘン,16,0,16,0,6622",cp932
1008,6630,"6630,ヤーマン,1,0,0,1,ヤーマン,16,0,16,0,6630",cp932
1009,6632,"6632,ＪＶＣケンウ,1,0,0,1,ＪＶＣケンウッド,16,0,16,0,6632",cp932
1010,6638,"6638,ミマキエンジ,1,0,0,1,ミマキエンジニアリング,16,0,16,0,6638",cp932
1011,6644,"6644,大崎電気工業,1,0,0,1,大崎電気工業,16,0,16,0,6644",cp932
1012,6645,"6645,オムロン,1,0,1,1,オムロン,16,0,16,1,6645",cp932
1013,6651,"6651,日東工業,1,3,0,1,日東工業,16,0,16,0,6651",cp932
1014,6652,"6652,ＩＤＥＣ,1,0,0,1,ＩＤＥＣ,16,0,16,0,6652",cp932
1015,6653,"6653,正興電機製作,1,0,0,1,正興電機製作所,16,0,16,0,6653",cp932
1016,6674,"6674,ジーエス・ユ,1,0,1,1,ジーエス・ユアサ　コーポレーション,16,0,16,0,6674",cp932
1017,6701,"6701,日本電気,1,5,1,1,日本電気,16,0,16,1,6701",cp932
1018,6702,"6702,富士通,1,2,1,1,富士通,16,0,16,1,6702",cp932
1019,6703,"6703,沖電気工業,1,6,1,1,沖電気工業,16,0,16,0,6703",cp932
1020,6706,"6706,電気興業,1,6,0,1,電気興業,16,0,16,0,6706",cp932
1021,6707,"6707,サンケン電気,1,1,0,1,サンケン電気,16,0,16,0,6707",cp932
1022,6718,"6718,アイホン,1,0,0,1,アイホン,16,0,16,0,6718",cp932
1023,6723,"6723,ルネサスエレ,1,0,0,1,ルネサスエレクトロニクス,16,0,16,1,6723",cp932
1024,6724,"6724,セイコーエプ,1,0,1,1,セイコーエプソン,16,0,16,1,6724",cp932
1025,6727,"6727,ワコム,1,0,0,1,ワコム,16,0,16,1,6727",cp932
1026,6728,"6728,アルバック,1,0,0,1,アルバック,16,0,16,1,6728",cp932
1027,6737,"6737,ＥＩＺＯ,1,0,0,1,ＥＩＺＯ,16,0,16,0,6737",cp932
1028,6740,"6740,ジャパンディ,1,0,0,1,ジャパンディスプレイ,16,0,16,0,6740",cp932
1029,6741,"6741,日本信号,1,0,0,1,日本信号,16,0,16,0,6741",cp932
1030,6742,"6742,京三製作所,1,0,0,1,京三製作所,16,0,16,0,6742",cp932
1031,6744,"6744,能美防災,1,0,0,1,能美防災,16,0,16,0,6744",cp932
1032,6745,"6745,ホーチキ,1,0,0,1,ホーチキ,16,0,16,0,6745",cp932
1033,6750,"6750,エレコム,1,0,0,1,エレコム,16,0,16,1,6750",cp932
1034,6752,"6752,パナソニック,1,0,1,1,パナソニック　ホールディングス,16,0,16,1,6752",cp932
1035,6753,"6753,シャープ,1,1,1,1,シャープ,16,0,16,0,6753",cp932
1036,6754,"6754,アンリツ,1,1,0,1,アンリツ,16,0,16,1,6754",cp932
1037,6755,"6755,富士通ゼネラ,1,0,0,1,富士通ゼネラル,16,0,16,0,6755",cp932
1038,6758,"6758,ソニーグルー,1,0,1,1,ソニーグループ,16,0,16,1,6758",cp932
1039,6762,"6762,ＴＤＫ,1,0,1,1,ＴＤＫ,16,0,16,1,6762",cp932
1040,6763,"6763,帝国通信工業,1,0,0,1,帝国通信工業,16,0,16,0,6763",cp932
1041,6768,"6768,タムラ製作所,1,0,0,1,タムラ製作所,16,0,16,0,6768",cp932
1042,6770,"6770,アルプスアル,1,3,1,1,アルプスアルパイン,16,0,16,0,6770",cp932
1043,6779,"6779,日本電波工業,1,0,0,1,日本電波工業,16,0,16,0,6779",cp932
1044,6785,"6785,鈴木,1,0,0,1,鈴木,16,0,16,0,6785",cp932
1045,6787,"6787,メイコー,1,0,0,1,メイコー,16,0,16,0,6787",cp932
1046,6788,"6788,日本トリム,1,0,0,1,日本トリム,16,0,16,0,6788",cp932
1047,6789,"6789,ローランド　,1,0,0,0,ローランド　ディー．ジー．,15,1,15,0,6789",cp932
1048,6794,"6794,フォスター電,1,0,0,1,フォスター電機,16,0,16,0,6794",cp932
1049,6798,"6798,ＳＭＫ,1,0,0,1,ＳＭＫ,16,0,16,0,6798",cp932
1050,6800,"6800,ヨコオ,1,0,0,1,ヨコオ,16,0,16,0,6800",cp932
1051,6804,"6804,ホシデン,1,0,0,1,ホシデン,16,0,16,0,6804",cp932
1052,6806,"6806,ヒロセ電機,1,1,0,1,ヒロセ電機,16,0,16,0,6806",cp932
1053,6807,"6807,日本航空電子,1,0,0,1,日本航空電子工業,16,0,16,0,6807",cp932
1054,6809,"6809,ＴＯＡ,1,0,0,1,ＴＯＡ,16,0,16,0,6809",cp932
1055,6810,"6810,マクセル,1,0,0,1,マクセル,16,0,16,0,6810",cp932
1056,6814,"6814,古野電気,1,1,0,1,古野電気,16,0,16,0,6814",cp932
1057,6817,"6817,スミダコーポ,1,0,0,1,スミダコーポレーション,16,0,16,0,6817",cp932
1058,6820,"6820,アイコム,1,0,0,1,アイコム,16,0,16,0,6820",cp932
1059,6823,"6823,リオン,1,0,0,1,リオン,16,0,16,0,6823",cp932
1060,6841,"6841,横河電機,1,1,1,1,横河電機,16,0,16,1,6841",cp932
1061,6844,"6844,新電元工業,1,0,0,1,新電元工業,16,0,16,0,6844",cp932
1062,6845,"6845,アズビル,1,0,0,1,アズビル,16,0,16,1,6845",cp932
1063,6849,"6849,日本光電工業,1,0,0,1,日本光電工業,16,0,16,1,6849",cp932
1064,6850,"6850,チノー,1,0,0,1,チノー,16,0,16,0,6850",cp932
1065,6856,"6856,堀場製作所,1,0,0,1,堀場製作所,16,0,16,1,6856",cp932
1066,6857,"6857,アドバンテス,1,1,1,1,アドバンテスト,16,0,16,1,6857",cp932
1067,6859,"6859,エスペック,1,0,0,1,エスペック,16,0,16,0,6859",cp932
1068,6861,"6861,キーエンス,1,0,1,1,キーエンス,16,0,16,1,6861",cp932
1069,6866,"6866,日置電機,1,1,0,1,日置電機,16,0,16,0,6866",cp932
1070,6869,"6869,シスメックス,1,0,0,1,シスメックス,16,0,16,1,6869",cp932
1071,6871,"6871,日本マイクロ,1,0,0,1,日本マイクロニクス,16,0,16,0,6871",cp932
1072,6875,"6875,メガチップス,1,0,0,1,メガチップス,16,0,16,0,6875",cp932
1073,6879,"6879,ＩＭＡＧＩＣ,1,0,0,0,ＩＭＡＧＩＣＡ　ＧＲＯＵＰ,31,0,31,0,6879",cp932
1074,6902,"6902,デンソー,1,0,1,1,デンソー,17,0,17,1,6902",cp932
1075,6905,"6905,コーセル,1,0,0,1,コーセル,16,0,16,0,6905",cp932
1076,6908,"6908,イリソ電子工,1,0,0,1,イリソ電子工業,16,0,16,0,6908",cp932
1077,6914,"6914,オプテックス,1,0,0,1,オプテックスグループ,16,0,16,0,6914",cp932
1078,6920,"6920,レーザーテッ,1,0,0,1,レーザーテック,16,0,16,1,6920",cp932
1079,6923,"6923,スタンレー電,1,0,0,1,スタンレー電気,16,0,16,1,6923",cp932
1080,6925,"6925,ウシオ電機,1,2,0,1,ウシオ電機,16,0,16,0,6925",cp932
1081,6929,"6929,日本セラミッ,1,0,0,1,日本セラミック,16,0,16,0,6929",cp932
1082,6937,"6937,古河電池,1,0,0,1,古河電池,16,0,16,0,6937",cp932
1083,6941,"6941,山一電機,1,1,0,1,山一電機,16,0,16,0,6941",cp932
1084,6947,"6947,図研,1,1,0,1,図研,16,0,16,0,6947",cp932
1085,6951,"6951,日本電子,1,1,0,1,日本電子,16,0,16,0,6951",cp932
1086,6952,"6952,カシオ計算機,1,1,1,1,カシオ計算機,16,0,16,1,6952",cp932
1087,6954,"6954,ファナック,1,0,1,1,ファナック,16,0,16,1,6954",cp932
1088,6958,"6958,日本シイエム,1,1,0,1,日本シイエムケイ,16,0,16,0,6958",cp932
1089,6961,"6961,エンプラス,1,0,0,1,エンプラス,16,0,16,0,6961",cp932
1090,6962,"6962,大真空,1,0,0,1,大真空,16,0,16,0,6962",cp932
1091,6963,"6963,ローム,1,0,0,1,ローム,16,0,16,0,6963",cp932
1092,6965,"6965,浜松ホトニク,1,0,0,1,浜松ホトニクス,16,0,16,1,6965",cp932
1093,6966,"6966,三井ハイテッ,1,0,0,1,三井ハイテック,16,0,16,0,6966",cp932
1094,6971,"6971,京セラ,1,0,1,1,京セラ,16,0,16,1,6971",cp932
1095,6976,"6976,太陽誘電,1,1,1,1,太陽誘電,16,0,16,1,6976",cp932
1096,6981,"6981,村田製作所,1,1,1,1,村田製作所,16,0,16,1,6981",cp932
1097,6986,"6986,双葉電子工業,1,0,0,1,双葉電子工業,16,0,16,0,6986",cp932
1098,6988,"6988,日東電工,1,0,1,1,日東電工,7,0,7,1,6988",cp932
1099,6995,"6995,東海理化電機,1,0,0,1,東海理化電機製作所,17,0,17,0,6995",cp932
1100,6996,"6996,ニチコン,1,0,0,1,ニチコン,16,0,16,0,6996",cp932
1101,6997,"6997,日本ケミコン,1,0,0,1,日本ケミコン,16,0,16,0,6997",cp932
1102,6999,"6999,ＫＯＡ,1,0,0,1,ＫＯＡ,16,0,16,0,6999",cp932
1103,7003,"7003,三井Ｅ＆Ｓ,1,0,1,1,三井Ｅ＆Ｓ,15,0,15,0,7003",cp932
1104,7004,"7004,カナデビア,1,0,1,1,カナデビア,15,0,15,0,7004",cp932
1105,7011,"7011,三菱重工業,1,0,1,1,三菱重工業,15,0,15,1,7011",cp932
1106,7012,"7012,川崎重工業,1,0,1,1,川崎重工業,17,0,17,0,7012",cp932
1107,7013,"7013,ＩＨＩ,1,4,1,1,ＩＨＩ,15,0,15,1,7013",cp932
1108,7033,"7033,マネジメント,1,0,0,1,マネジメントソリューションズ,33,0,33,0,7033",cp932
1109,7034,"7034,プロレド・パ,1,0,0,1,プロレド・パートナーズ,33,0,33,0,7034",cp932
1110,7038,"7038,フロンティア,1,0,0,1,フロンティア・マネジメント,33,0,33,0,7038",cp932
1111,7059,"7059,コプロ・ホー,1,0,0,1,コプロ・ホールディングス,33,0,33,0,7059",cp932
1112,7071,"7071,アンビスホー,1,0,0,1,アンビスホールディングス,33,0,33,0,7071",cp932
1113,7085,"7085,カーブスホー,1,0,0,1,カーブスホールディングス,33,0,33,0,7085",cp932
1114,7088,"7088,フォーラムエ,1,0,0,1,フォーラムエンジニアリング,33,0,33,0,7088",cp932
1115,7092,"7092,Ｆａｓｔ　Ｆ,1,0,0,0,Ｆａｓｔ　Ｆｉｔｎｅｓｓ　Ｊａｐａｎ,33,0,33,0,7092",cp932
1116,7095,"7095,Ｍａｃｂｅｅ,1,0,0,1,Ｍａｃｂｅｅ　Ｐｌａｎｅｔ,33,0,33,0,7095",cp932
1117,7102,"7102,日本車輌製造,1,0,0,1,日本車輌製造,17,0,17,0,7102",cp932
1118,7128,"7128,フルサト・マ,1,0,0,1,フルサト・マルカホールディングス,20,0,20,0,7128",cp932
1119,7130,"7130,ヤマエグルー,1,0,0,1,ヤマエグループホールディングス,20,0,20,0,7130",cp932
1120,7148,"7148,ＦＰＧ,1,0,0,1,ＦＰＧ,24,0,24,1,7148",cp932
1121,7157,"7157,ライフネット,1,0,0,1,ライフネット生命保険,25,0,25,0,7157",cp932
1122,7164,"7164,全国保証,1,0,0,1,全国保証,23,0,23,1,7164",cp932
1123,7167,"7167,めぶきフィナ,1,0,0,1,めぶきフィナンシャルグループ,22,0,22,1,7167",cp932
1124,7172,"7172,ジャパンイン,1,0,0,1,ジャパンインベストメントアドバイザー,24,0,24,0,7172",cp932
1125,7173,"7173,東京きらぼし,1,0,0,1,東京きらぼしフィナンシャルグループ,22,0,22,0,7173",cp932
1126,7180,"7180,九州フィナン,1,0,0,1,九州フィナンシャルグループ,22,0,22,0,7180",cp932
1127,7181,"7181,かんぽ生命保,1,0,0,1,かんぽ生命保険,25,0,25,0,7181",cp932
1128,7182,"7182,ゆうちょ銀行,1,1,0,1,ゆうちょ銀行,22,0,22,0,7182",cp932
1129,7184,"7184,富山第一銀行,1,1,0,1,富山第一銀行,22,0,22,0,7184",cp932
1130,7186,"7186,コンコルディ,1,0,1,1,コンコルディア・フィナンシャルグループ,22,0,22,1,7186",cp932
1131,7187,"7187,ジェイリース,1,0,0,1,ジェイリース,23,0,23,0,7187",cp932
1132,7189,"7189,西日本フィナ,1,0,0,1,西日本フィナンシャルホールディングス,22,0,22,0,7189",cp932
1133,7198,"7198,ＳＢＩアルヒ,1,1,0,1,ＳＢＩアルヒ,23,0,23,0,7198",cp932
1134,7199,"7199,プレミアグル,1,0,0,1,プレミアグループ,23,0,23,0,7199",cp932
1135,7201,"7201,日産自動車,1,1,1,1,日産自動車,17,0,17,0,7201",cp932
1136,7202,"7202,いすゞ自動車,1,1,1,1,いすゞ自動車,17,0,17,1,7202",cp932
1137,7203,"7203,トヨタ自動車,1,1,1,1,トヨタ自動車,17,0,17,1,7203",cp932
1138,7205,"7205,日野自動車,1,1,1,1,日野自動車,17,0,17,1,7205",cp932
1139,7211,"7211,三菱自動車工,1,0,1,1,三菱自動車工業,17,0,17,0,7211",cp932
1140,7220,"7220,武蔵精密工業,1,0,0,1,武蔵精密工業,17,0,17,0,7220",cp932
1141,7224,"7224,新明和工業,1,0,0,1,新明和工業,17,0,17,0,7224",cp932
1142,7226,"7226,極東開発工業,1,0,0,1,極東開発工業,17,0,17,0,7226",cp932
1143,7231,"7231,トピー工業,1,0,0,1,トピー工業,17,0,17,0,7231",cp932
1144,7236,"7236,ティラド,1,1,0,1,ティラド,17,0,17,0,7236",cp932
1145,7238,"7238,曙ブレーキ工,1,0,0,1,曙ブレーキ工業,17,0,17,0,7238",cp932
1146,7239,"7239,タチエス,1,0,0,1,タチエス,17,0,17,0,7239",cp932
1147,7240,"7240,ＮＯＫ,1,0,0,1,ＮＯＫ,17,0,17,0,7240",cp932
1148,7241,"7241,フタバ産業,1,0,0,1,フタバ産業,17,0,17,0,7241",cp932
1149,7242,"7242,カヤバ,1,1,0,1,カヤバ,17,0,17,0,7242",cp932
1150,7244,"7244,市光工業,1,0,0,1,市光工業,16,0,16,0,7244",cp932
1151,7245,"7245,大同メタル工,1,0,0,1,大同メタル工業,17,0,17,0,7245",cp932
1152,7246,"7246,プレス工業,1,0,0,1,プレス工業,17,0,17,0,7246",cp932
1153,7250,"7250,太平洋工業,1,0,0,1,太平洋工業,17,0,17,0,7250",cp932
1154,7259,"7259,アイシン,1,0,0,1,アイシン,17,0,17,1,7259",cp932
1155,7261,"7261,マツダ,1,0,1,1,マツダ,17,0,17,0,7261",cp932
1156,7267,"7267,本田技研工業,1,0,1,1,本田技研工業,17,0,17,1,7267",cp932
1157,7269,"7269,スズキ,1,0,1,1,スズキ,17,0,17,1,7269",cp932
1158,7270,"7270,ＳＵＢＡＲＵ,1,0,1,1,ＳＵＢＡＲＵ,17,0,17,1,7270",cp932
1159,7272,"7272,ヤマハ発動機,1,1,1,1,ヤマハ発動機,17,0,17,1,7272",cp932
1160,7276,"7276,小糸製作所,1,0,0,1,小糸製作所,16,0,16,1,7276",cp932
1161,7278,"7278,エクセディ,1,0,0,1,エクセディ,17,0,17,0,7278",cp932
1162,7280,"7280,ミツバ,1,1,0,1,ミツバ,16,0,16,0,7280",cp932
1163,7282,"7282,豊田合成,1,0,0,1,豊田合成,17,0,17,1,7282",cp932
1164,7283,"7283,愛三工業,1,0,0,1,愛三工業,17,0,17,0,7283",cp932
1165,7294,"7294,ヨロズ,1,0,0,1,ヨロズ,17,0,17,0,7294",cp932
1166,7296,"7296,エフ・シー・,1,0,0,1,エフ・シー・シー,17,0,17,0,7296",cp932
1167,7309,"7309,シマノ,1,0,0,1,シマノ,17,0,17,1,7309",cp932
1168,7313,"7313,テイ・エス　,1,0,0,1,テイ・エス　テック,17,0,17,1,7313",cp932
1169,7322,"7322,三十三フィナ,1,0,0,1,三十三フィナンシャルグループ,22,0,22,0,7322",cp932
1170,7327,"7327,第四北越フィ,1,0,0,1,第四北越フィナンシャルグループ,22,0,22,0,7327",cp932
1171,7337,"7337,ひろぎんホー,1,0,0,1,ひろぎんホールディングス,22,0,22,0,7337",cp932
1172,7347,"7347,マーキュリア,1,0,0,1,マーキュリアホールディングス,24,0,24,0,7347",cp932
1173,7350,"7350,おきなわフィ,1,0,0,1,おきなわフィナンシャルグループ,22,0,22,0,7350",cp932
1174,7366,"7366,ＬＩＴＡＬＩ,1,0,0,1,ＬＩＴＡＬＩＣＯ,33,0,33,0,7366",cp932
1175,7380,"7380,十六フィナン,1,0,0,1,十六フィナンシャルグループ,22,0,22,0,7380",cp932
1176,7381,"7381,北國フィナン,1,0,0,1,北國フィナンシャルホールディングス,22,0,22,0,7381",cp932
1177,7383,"7383,ネットプロテ,1,0,0,1,ネットプロテクションズホールディングス,23,0,23,0,7383",cp932
1178,7384,"7384,プロクレアホ,1,0,0,1,プロクレアホールディングス,22,0,22,0,7384",cp932
1179,7388,"7388,ＦＰパートナ,1,0,0,1,ＦＰパートナー,25,0,25,0,7388",cp932
1180,7389,"7389,あいちフィナ,1,0,0,1,あいちフィナンシャルグループ,22,0,22,0,7389",cp932
1181,7408,"7408,ジャムコ,1,0,0,1,ジャムコ,17,0,17,0,7408",cp932
1182,7414,"7414,小野建,1,0,0,1,小野建,20,0,20,0,7414",cp932
1183,7419,"7419,ノジマ,1,1,0,1,ノジマ,21,0,21,1,7419",cp932
1184,7420,"7420,佐鳥電機,1,1,0,1,佐鳥電機,20,0,20,0,7420",cp932
1185,7421,"7421,カッパ・クリ,1,0,0,1,カッパ・クリエイト,21,0,21,0,7421",cp932
1186,7433,"7433,伯東,1,0,0,1,伯東,20,0,20,0,7433",cp932
1187,7438,"7438,コンドーテッ,1,0,0,1,コンドーテック,20,0,20,0,7438",cp932
1188,7447,"7447,ナガイレーベ,1,0,0,1,ナガイレーベン,20,0,20,0,7447",cp932
1189,7453,"7453,良品計画,1,0,0,1,良品計画,21,0,21,1,7453",cp932
1190,7456,"7456,松田産業,1,0,0,1,松田産業,20,0,20,0,7456",cp932
1191,7458,"7458,第一興商,1,0,0,1,第一興商,20,0,20,0,7458",cp932
1192,7459,"7459,メディパルホ,1,0,0,1,メディパルホールディングス,20,0,20,1,7459",cp932
1193,7466,"7466,ＳＰＫ,1,0,0,1,ＳＰＫ,20,0,20,0,7466",cp932
1194,7467,"7467,萩原電気ホー,1,0,0,1,萩原電気ホールディングス,20,0,20,0,7467",cp932
1195,7475,"7475,アルビス,1,0,0,1,アルビス,21,0,21,0,7475",cp932
1196,7476,"7476,アズワン,1,0,0,1,アズワン,20,0,20,0,7476",cp932
1197,7482,"7482,シモジマ,1,1,0,1,シモジマ,20,0,20,0,7482",cp932
1198,7483,"7483,ドウシシャ,1,0,0,1,ドウシシャ,20,0,20,0,7483",cp932
1199,7504,"7504,高速,1,1,0,1,高速,20,0,20,0,7504",cp932
1200,7508,"7508,Ｇ‐７ホール,1,0,0,1,Ｇ‐７ホールディングス,21,0,21,0,7508",cp932
1201,7510,"7510,たけびし,1,1,0,1,たけびし,20,0,20,0,7510",cp932
1202,7513,"7513,コジマ,1,1,0,1,コジマ,21,0,21,0,7513",cp932
1203,7516,"7516,コーナン商事,1,1,0,1,コーナン商事,21,0,21,1,7516",cp932
1204,7520,"7520,エコス,1,0,0,1,エコス,21,0,21,0,7520",cp932
1205,7522,"7522,ワタミ,1,1,0,1,ワタミ,21,0,21,0,7522",cp932
1206,7525,"7525,リックス,1,0,0,1,リックス,20,0,20,0,7525",cp932
1207,7532,"7532,パン・パシフ,1,0,0,0,パン・パシフィック・インターナショナルホールディングス,21,0,21,1,7532",cp932
1208,7537,"7537,丸文,1,1,0,1,丸文,20,0,20,0,7537",cp932
1209,7545,"7545,西松屋チェー,1,0,0,1,西松屋チェーン,21,0,21,0,7545",cp932
1210,7550,"7550,ゼンショーホ,1,0,0,1,ゼンショーホールディングス,21,0,21,1,7550",cp932
1211,7552,"7552,ハピネット,1,1,0,1,ハピネット,20,0,20,0,7552",cp932
1212,7554,"7554,幸楽苑,1,1,0,1,幸楽苑,21,0,21,0,7554",cp932
1213,7575,"7575,日本ライフラ,1,0,0,1,日本ライフライン,20,0,20,1,7575",cp932
1214,7581,"7581,サイゼリヤ,1,0,0,1,サイゼリヤ,21,0,21,0,7581",cp932
1215,7593,"7593,ＶＴホールデ,1,0,0,1,ＶＴホールディングス,21,0,21,0,7593",cp932
1216,7595,"7595,アルゴグラフ,1,0,0,1,アルゴグラフィックス,31,0,31,0,7595",cp932
1217,7596,"7596,魚力,1,0,0,1,魚力,21,0,21,0,7596",cp932
1218,7599,"7599,ＩＤＯＭ,1,0,0,1,ＩＤＯＭ,20,0,20,0,7599",cp932
1219,7600,"7600,日本エム・デ,1,0,0,1,日本エム・ディ・エム,19,0,19,0,7600",cp932
1220,7605,"7605,フジ・コーポ,1,0,0,1,フジ・コーポレーション,21,0,21,0,7605",cp932
1221,7606,"7606,ユナイテッド,1,0,0,1,ユナイテッドアローズ,21,0,21,0,7606",cp932
1222,7607,"7607,進和,1,1,0,1,進和,20,0,20,0,7607",cp932
1223,7609,"7609,ダイトロン,1,0,0,1,ダイトロン,20,0,20,0,7609",cp932
1224,7611,"7611,ハイデイ日高,1,1,0,1,ハイデイ日高,21,0,21,0,7611",cp932
1225,7613,"7613,シークス,1,0,0,1,シークス,20,0,20,0,7613",cp932
1226,7616,"7616,コロワイド,1,1,0,1,コロワイド,21,0,21,0,7616",cp932
1227,7628,"7628,オーハシテク,1,0,0,1,オーハシテクニカ,20,0,20,0,7628",cp932
1228,7630,"7630,壱番屋,1,1,0,1,壱番屋,21,0,21,0,7630",cp932
1229,7637,"7637,白銅,1,1,0,1,白銅,20,0,20,0,7637",cp932
1230,7649,"7649,スギホールデ,1,0,0,1,スギホールディングス,21,0,21,1,7649",cp932
1231,7679,"7679,薬王堂ホール,1,0,0,1,薬王堂ホールディングス,21,0,21,0,7679",cp932
1232,7683,"7683,ダブルエー,1,0,0,1,ダブルエー,21,0,21,0,7683",cp932
1233,7701,"7701,島津製作所,1,0,0,1,島津製作所,19,0,19,1,7701",cp932
1234,7715,"7715,長野計器,1,0,0,1,長野計器,19,0,19,0,7715",cp932
1235,7717,"7717,ブイ・テクノ,1,0,0,1,ブイ・テクノロジー,19,0,19,1,7717",cp932
1236,7718,"7718,スター精密,1,1,0,1,スター精密,15,0,15,0,7718",cp932
1237,7721,"7721,東京計器,1,0,0,1,東京計器,19,0,19,0,7721",cp932
1238,7723,"7723,愛知時計電機,1,1,0,1,愛知時計電機,19,0,19,0,7723",cp932
1239,7725,"7725,インターアク,1,0,0,1,インターアクション,19,0,19,0,7725",cp932
1240,7729,"7729,東京精密,1,1,0,1,東京精密,19,0,19,1,7729",cp932
1241,7730,"7730,マニー,1,0,0,1,マニー,19,0,19,0,7730",cp932
1242,7731,"7731,ニコン,1,0,1,1,ニコン,19,0,19,0,7731",cp932
1243,7732,"7732,トプコン,1,0,0,1,トプコン,19,0,19,0,7732",cp932
1244,7733,"7733,オリンパス,1,0,1,1,オリンパス,19,0,19,1,7733",cp932
1245,7734,"7734,理研計器,1,0,0,1,理研計器,19,0,19,0,7734",cp932
1246,7735,"7735,ＳＣＲＥＥＮ,1,0,1,1,ＳＣＲＥＥＮホールディングス,16,0,16,1,7735",cp932
1247,7739,"7739,キヤノン電子,1,1,0,1,キヤノン電子,16,0,16,0,7739",cp932
1248,7740,"7740,タムロン,1,1,0,1,タムロン,19,0,19,0,7740",cp932
1249,7741,"7741,ＨＯＹＡ,1,0,0,1,ＨＯＹＡ,19,0,19,1,7741",cp932
1250,7744,"7744,ノーリツ鋼機,1,1,0,1,ノーリツ鋼機,19,0,19,0,7744",cp932
1251,7745,"7745,Ａ＆Ｄホロン,1,0,0,1,Ａ＆Ｄホロンホールディングス,19,0,19,0,7745",cp932
1252,7747,"7747,朝日インテッ,1,0,0,1,朝日インテック,19,0,19,1,7747",cp932
1253,7751,"7751,キヤノン,1,0,1,1,キヤノン,16,0,16,0,7751",cp932
1254,7752,"7752,リコー,1,0,1,1,リコー,16,0,16,0,7752",cp932
1255,7762,"7762,シチズン時計,1,1,1,1,シチズン時計,19,0,19,0,7762",cp932
1256,7769,"7769,リズム,1,8,0,1,リズム,19,0,19,0,7769",cp932
1257,7780,"7780,メニコン,1,0,0,1,メニコン,19,0,19,0,7780",cp932
1258,7817,"7817,パラマウント,1,0,0,1,パラマウントベッドホールディングス,18,0,18,0,7817",cp932
1259,7818,"7818,トランザクシ,1,0,0,1,トランザクション,18,0,18,0,7818",cp932
1260,7820,"7820,ニホンフラッ,1,0,0,1,ニホンフラッシュ,18,0,18,0,7820",cp932
1261,7821,"7821,前田工繊,1,1,0,1,前田工繊,18,0,18,0,7821",cp932
1262,7826,"7826,フルヤ金属,1,1,0,1,フルヤ金属,18,0,18,0,7826",cp932
1263,7832,"7832,バンダイナム,1,0,1,1,バンダイナムコホールディングス,18,0,18,1,7832",cp932
1264,7839,"7839,ＳＨＯＥＩ,1,0,0,1,ＳＨＯＥＩ,18,0,18,0,7839",cp932
1265,7840,"7840,フランスベッ,1,0,0,1,フランスベッドホールディングス,18,0,18,0,7840",cp932
1266,7844,"7844,マーベラス,1,0,0,1,マーベラス,31,0,31,0,7844",cp932
1267,7846,"7846,パイロットコ,1,0,0,1,パイロットコーポレーション,18,0,18,1,7846",cp932
1268,7856,"7856,萩原工業,1,0,0,1,萩原工業,18,0,18,0,7856",cp932
1269,7860,"7860,エイベックス,1,0,0,1,エイベックス,31,0,31,0,7860",cp932
1270,7864,"7864,フジシールイ,1,0,0,1,フジシールインターナショナル,18,0,18,0,7864",cp932
1271,7867,"7867,タカラトミー,1,0,0,1,タカラトミー,18,0,18,0,7867",cp932
1272,7868,"7868,広済堂ホール,1,0,0,1,広済堂ホールディングス,18,0,18,0,7868",cp932
1273,7874,"7874,レック,1,0,0,1,レック,7,0,7,0,7874",cp932
1274,7888,"7888,三光合成,1,0,0,1,三光合成,7,0,7,0,7888",cp932
1275,7893,"7893,プロネクサス,1,0,0,1,プロネクサス,18,0,18,0,7893",cp932
1276,7911,"7911,ＴＯＰＰＡＮ,1,0,1,1,ＴＯＰＰＡＮホールディングス,18,0,18,0,7911",cp932
1277,7912,"7912,大日本印刷,1,0,1,1,大日本印刷,18,0,18,0,7912",cp932
1278,7914,"7914,共同印刷,1,0,0,1,共同印刷,18,0,18,0,7914",cp932
1279,7915,"7915,ＮＩＳＳＨＡ,1,0,0,1,ＮＩＳＳＨＡ,18,0,18,0,7915",cp932
1280,7917,"7917,ＺＡＣＲＯＳ,1,0,0,1,ＺＡＣＲＯＳ,7,0,7,0,7917",cp932
1281,7921,"7921,ＴＡＫＡＲＡ,1,0,0,1,ＴＡＫＡＲＡ　＆　ＣＯＭＰＡＮＹ,18,0,18,0,7921",cp932
1282,7925,"7925,前澤化成工業,1,0,0,1,前澤化成工業,7,0,7,0,7925",cp932
1283,7931,"7931,未来工業,1,0,0,1,未来工業,7,0,7,0,7931",cp932
1284,7936,"7936,アシックス,1,0,0,1,アシックス,18,0,18,0,7936",cp932
1285,7942,"7942,ＪＳＰ,1,0,0,1,ＪＳＰ,7,0,7,0,7942",cp932
1286,7943,"7943,ニチハ,1,1,0,1,ニチハ,11,0,11,0,7943",cp932
1287,7944,"7944,ローランド,1,2,0,1,ローランド,18,0,18,0,7944",cp932
1288,7947,"7947,エフピコ,1,0,0,1,エフピコ,7,0,7,1,7947",cp932
1289,7949,"7949,小松ウオール,1,0,0,1,小松ウオール工業,18,0,18,0,7949",cp932
1290,7951,"7951,ヤマハ,1,0,1,1,ヤマハ,18,0,18,1,7951",cp932
1291,7952,"7952,河合楽器製作,1,0,0,1,河合楽器製作所,18,0,18,0,7952",cp932
1292,7955,"7955,クリナップ,1,1,0,1,クリナップ,18,0,18,0,7955",cp932
1293,7956,"7956,ピジョン,1,0,0,1,ピジョン,18,0,18,1,7956",cp932
1294,7958,"7958,天馬,1,0,0,1,天馬,7,0,7,0,7958",cp932
1295,7962,"7962,キングジム,1,0,0,1,キングジム,18,0,18,0,7962",cp932
1296,7965,"7965,象印マホービ,1,0,0,1,象印マホービン,16,0,16,0,7965",cp932
1297,7966,"7966,リンテック,1,0,0,1,リンテック,18,0,18,0,7966",cp932
1298,7970,"7970,信越ポリマー,1,0,0,1,信越ポリマー,7,0,7,0,7970",cp932
1299,7972,"7972,イトーキ,1,0,0,1,イトーキ,18,0,18,0,7972",cp932
1300,7974,"7974,任天堂,1,1,1,1,任天堂,18,0,18,1,7974",cp932
1301,7976,"7976,三菱鉛筆,1,1,0,1,三菱鉛筆,18,0,18,0,7976",cp932
1302,7979,"7979,松風,1,0,0,1,松風,19,0,19,0,7979",cp932
1303,7981,"7981,タカラスタン,1,0,0,1,タカラスタンダード,18,0,18,0,7981",cp932
1304,7984,"7984,コクヨ,1,0,0,1,コクヨ,18,0,18,0,7984",cp932
1305,7988,"7988,ニフコ,1,0,0,1,ニフコ,7,0,7,1,7988",cp932
1306,7989,"7989,立川ブライン,1,0,0,1,立川ブラインド工業,13,0,13,0,7989",cp932
1307,7990,"7990,グローブライ,1,0,0,1,グローブライド,18,0,18,0,7990",cp932
1308,7994,"7994,オカムラ,1,0,0,1,オカムラ,18,0,18,0,7994",cp932
1309,7995,"7995,バルカー,1,0,0,1,バルカー,7,0,7,0,7995",cp932
1310,8001,"8001,伊藤忠商事,1,1,1,1,伊藤忠商事,20,0,20,1,8001",cp932
1311,8002,"8002,丸紅,1,1,1,1,丸紅,20,0,20,1,8002",cp932
1312,8005,"8005,スクロール,1,0,0,1,スクロール,21,0,21,0,8005",cp932
1313,8007,"8007,高島,1,0,0,1,高島,20,0,20,0,8007",cp932
1314,8008,"8008,ヨンドシーホ,1,0,0,1,ヨンドシーホールディングス,21,0,21,0,8008",cp932
1315,8011,"8011,三陽商会,1,1,0,1,三陽商会,5,0,5,0,8011",cp932
1316,8012,"8012,長瀬産業,1,0,0,1,長瀬産業,20,0,20,0,8012",cp932
1317,8014,"8014,蝶理,1,1,0,1,蝶理,20,0,20,0,8014",cp932
1318,8015,"8015,豊田通商,1,0,1,1,豊田通商,20,0,20,1,8015",cp932
1319,8016,"8016,オンワードホ,1,0,0,1,オンワードホールディングス,5,0,5,0,8016",cp932
1320,8020,"8020,兼松,1,0,0,1,兼松,20,0,20,1,8020",cp932
1321,8022,"8022,美津濃,1,1,0,1,美津濃,18,0,18,0,8022",cp932
1322,8031,"8031,三井物産,1,0,1,1,三井物産,20,0,20,1,8031",cp932
1323,8032,"8032,日本紙パルプ,1,0,0,1,日本紙パルプ商事,20,0,20,0,8032",cp932
1324,8035,"8035,東京エレクト,1,0,1,1,東京エレクトロン,16,0,16,1,8035",cp932
1325,8037,"8037,カメイ,1,0,0,1,カメイ,20,0,20,0,8037",cp932
1326,8043,"8043,スターゼン,1,0,0,1,スターゼン,20,0,20,0,8043",cp932
1327,8050,"8050,セイコーグル,1,0,0,1,セイコーグループ,19,0,19,0,8050",cp932
1328,8051,"8051,山善,1,1,0,1,山善,20,0,20,0,8051",cp932
1329,8052,"8052,椿本興業,1,0,0,1,椿本興業,20,0,20,0,8052",cp932
1330,8053,"8053,住友商事,1,1,1,1,住友商事,20,0,20,1,8053",cp932
1331,8056,"8056,ＢＩＰＲＯＧ,1,0,0,1,ＢＩＰＲＯＧＹ,31,0,31,1,8056",cp932
1332,8057,"8057,内田洋行,1,1,0,1,内田洋行,20,0,20,0,8057",cp932
1333,8058,"8058,三菱商事,1,1,1,1,三菱商事,20,0,20,1,8058",cp932
1334,8059,"8059,第一実業,1,0,0,1,第一実業,20,0,20,0,8059",cp932
1335,8060,"8060,キヤノンマー,1,0,0,1,キヤノンマーケティングジャパン,20,0,20,0,8060",cp932
1336,8061,"8061,西華産業,1,0,0,1,西華産業,20,0,20,0,8061",cp932
1337,8065,"8065,佐藤商事,1,1,0,1,佐藤商事,20,0,20,0,8065",cp932
1338,8068,"8068,菱洋エレクト,1,0,0,0,菱洋エレクトロ,21,1,21,0,8068",cp932
1339,8070,"8070,東京産業,1,0,0,1,東京産業,20,0,20,0,8070",cp932
1340,8074,"8074,ユアサ商事,1,1,0,1,ユアサ商事,20,0,20,0,8074",cp932
1341,8075,"8075,神鋼商事,1,1,0,1,神鋼商事,20,0,20,0,8075",cp932
1342,8078,"8078,阪和興業,1,0,0,1,阪和興業,20,0,20,0,8078",cp932
1343,8079,"8079,正栄食品工業,1,0,0,1,正栄食品工業,20,0,20,0,8079",cp932
1344,8081,"8081,カナデン,1,0,0,1,カナデン,20,0,20,0,8081",cp932
1345,8084,"8084,ＲＹＯＤＥＮ,1,0,0,1,ＲＹＯＤＥＮ,20,0,20,0,8084",cp932
1346,8086,"8086,ニプロ,1,0,0,1,ニプロ,19,0,19,0,8086",cp932
1347,8088,"8088,岩谷産業,1,0,0,1,岩谷産業,20,0,20,1,8088",cp932
1348,8091,"8091,ニチモウ,1,0,0,1,ニチモウ,20,0,20,0,8091",cp932
1349,8093,"8093,極東貿易,1,1,0,1,極東貿易,20,0,20,0,8093",cp932
1350,8095,"8095,アステナホー,1,0,0,1,アステナホールディングス,20,0,20,0,8095",cp932
1351,8097,"8097,三愛オブリ,1,0,0,1,三愛オブリ,20,0,20,0,8097",cp932
1352,8098,"8098,稲畑産業,1,0,0,1,稲畑産業,20,0,20,0,8098",cp932
1353,8101,"8101,ＧＳＩクレオ,1,0,0,1,ＧＳＩクレオス,20,0,20,0,8101",cp932
1354,8103,"8103,明和産業,1,0,0,1,明和産業,20,0,20,0,8103",cp932
1355,8111,"8111,ゴールドウイ,1,0,0,1,ゴールドウイン,5,0,5,1,8111",cp932
1356,8113,"8113,ユニ・チャー,1,0,0,1,ユニ・チャーム,7,0,7,1,8113",cp932
1357,8125,"8125,ワキタ,1,0,0,1,ワキタ,20,0,20,0,8125",cp932
1358,8129,"8129,東邦ホールデ,1,0,0,1,東邦ホールディングス,20,0,20,0,8129",cp932
1359,8130,"8130,サンゲツ,1,1,0,1,サンゲツ,20,0,20,0,8130",cp932
1360,8132,"8132,シナネンホー,1,0,0,1,シナネンホールディングス,20,0,20,0,8132",cp932
1361,8133,"8133,伊藤忠エネク,1,0,0,1,伊藤忠エネクス,20,0,20,0,8133",cp932
1362,8136,"8136,サンリオ,1,0,0,1,サンリオ,20,0,20,0,8136",cp932
1363,8137,"8137,サンワテクノ,1,0,0,1,サンワテクノス,20,0,20,0,8137",cp932
1364,8140,"8140,リョーサン,1,0,0,0,リョーサン,21,1,21,0,8140",cp932
1365,8141,"8141,新光商事,1,1,0,1,新光商事,20,0,20,0,8141",cp932
1366,8142,"8142,トーホー,1,0,0,1,トーホー,20,0,20,0,8142",cp932
1367,8150,"8150,三信電気,1,1,0,1,三信電気,20,0,20,0,8150",cp932
1368,8151,"8151,東陽テクニカ,1,0,0,1,東陽テクニカ,20,0,20,0,8151",cp932
1369,8153,"8153,モスフードサ,1,0,0,1,モスフードサービス,20,0,20,0,8153",cp932
1370,8154,"8154,加賀電子,1,1,0,1,加賀電子,20,0,20,0,8154",cp932
1371,8157,"8157,都築電気,1,1,0,1,都築電気,31,0,31,0,8157",cp932
1372,8158,"8158,ソーダニッカ,1,0,0,1,ソーダニッカ,20,0,20,0,8158",cp932
1373,8159,"8159,立花エレテッ,1,0,0,1,立花エレテック,20,0,20,0,8159",cp932
1374,8160,"8160,木曽路,1,0,0,1,木曽路,21,0,21,0,8160",cp932
1375,8163,"8163,ＳＲＳホール,1,0,0,1,ＳＲＳホールディングス,21,0,21,0,8163",cp932
1376,8167,"8167,リテールパー,1,0,0,1,リテールパートナーズ,21,0,21,0,8167",cp932
1377,8173,"8173,上新電機,1,1,0,1,上新電機,21,0,21,0,8173",cp932
1378,8174,"8174,日本瓦斯,1,0,0,1,日本瓦斯,21,0,21,0,8174",cp932
1379,8179,"8179,ロイヤルホー,1,0,0,1,ロイヤルホールディングス,21,0,21,0,8179",cp932
1380,8185,"8185,チヨダ,1,0,0,1,チヨダ,21,0,21,0,8185",cp932
1381,8194,"8194,ライフコーポ,1,0,0,1,ライフコーポレーション,21,0,21,1,8194",cp932
1382,8200,"8200,リンガーハッ,1,0,0,1,リンガーハット,21,0,21,0,8200",cp932
1383,8203,"8203,ＭｒＭａｘＨ,1,0,0,1,ＭｒＭａｘＨＤ,21,0,21,0,8203",cp932
1384,8214,"8214,ＡＯＫＩホー,1,0,0,1,ＡＯＫＩホールディングス,21,0,21,0,8214",cp932
1385,8217,"8217,オークワ,1,0,0,1,オークワ,21,0,21,0,8217",cp932
1386,8218,"8218,コメリ,1,0,0,1,コメリ,21,0,21,0,8218",cp932
1387,8219,"8219,青山商事,1,1,0,1,青山商事,21,0,21,0,8219",cp932
1388,8227,"8227,しまむら,1,1,0,1,しまむら,21,0,21,0,8227",cp932
1389,8233,"8233,高島屋,1,1,1,1,高島屋,21,0,21,0,8233",cp932
1390,8237,"8237,松屋,1,1,0,1,松屋,21,0,21,0,8237",cp932
1391,8242,"8242,エイチ・ツー,1,0,0,1,エイチ・ツー・オー　リテイリング,21,0,21,0,8242",cp932
1392,8252,"8252,丸井グループ,1,1,1,1,丸井グループ,21,0,21,1,8252",cp932
1393,8253,"8253,クレディセゾ,1,0,1,1,クレディセゾン,23,0,23,0,8253",cp932
1394,8255,"8255,アクシアル　,1,0,0,1,アクシアル　リテイリング,21,0,21,0,8255",cp932
1395,8267,"8267,イオン,1,0,1,1,イオン,21,0,21,0,8267",cp932
1396,8273,"8273,イズミ,1,1,0,1,イズミ,21,0,21,1,8273",cp932
1397,8276,"8276,平和堂,1,1,0,1,平和堂,21,0,21,0,8276",cp932
1398,8278,"8278,フジ,1,0,0,1,フジ,21,0,21,0,8278",cp932
1399,8279,"8279,ヤオコー,1,0,0,1,ヤオコー,21,0,21,1,8279",cp932
1400,8281,"8281,ゼビオホール,1,0,0,1,ゼビオホールディングス,21,0,21,0,8281",cp932
1401,8282,"8282,ケーズホール,1,0,0,1,ケーズホールディングス,21,0,21,1,8282",cp932
1402,8283,"8283,ＰＡＬＴＡＣ,1,0,0,1,ＰＡＬＴＡＣ,20,0,20,1,8283",cp932
1403,8303,"8303,ＳＢＩ新生銀,1,0,1,1,ＳＢＩ新生銀行,23,0,23,1,8303",cp932
1404,8304,"8304,あおぞら銀行,1,1,1,1,あおぞら銀行,22,0,22,1,8304",cp932
1405,8306,"8306,三菱ＵＦＪフ,1,0,1,1,三菱ＵＦＪフィナンシャル・グループ,22,0,22,1,8306",cp932
1406,8308,"8308,りそなホール,1,0,1,1,りそなホールディングス,22,0,22,1,8308",cp932
1407,8309,"8309,三井住友トラ,1,0,1,1,三井住友トラストグループ,22,0,22,1,8309",cp932
1408,8316,"8316,三井住友フィ,1,0,1,1,三井住友フィナンシャルグループ,22,0,22,1,8316",cp932
1409,8331,"8331,千葉銀行,1,1,1,1,千葉銀行,22,0,22,1,8331",cp932
1410,8334,"8334,群馬銀行,1,1,0,1,群馬銀行,22,0,22,0,8334",cp932
1411,8336,"8336,武蔵野銀行,1,1,0,1,武蔵野銀行,22,0,22,0,8336",cp932
1412,8337,"8337,千葉興業銀行,1,1,0,1,千葉興業銀行,22,0,22,0,8337",cp932
1413,8338,"8338,筑波銀行,1,1,0,1,筑波銀行,22,0,22,0,8338",cp932
1414,8341,"8341,七十七銀行,1,1,0,1,七十七銀行,22,0,22,0,8341",cp932
1415,8343,"8343,秋田銀行,1,1,0,1,秋田銀行,22,0,22,0,8343",cp932
1416,8344,"8344,山形銀行,1,1,0,1,山形銀行,22,0,22,0,8344",cp932
1417,8345,"8345,岩手銀行,1,1,0,1,岩手銀行,22,0,22,0,8345",cp932
1418,8346,"8346,東邦銀行,1,1,0,1,東邦銀行,22,0,22,0,8346",cp932
1419,8354,"8354,ふくおかフィ,1,0,1,1,ふくおかフィナンシャルグループ,22,0,22,1,8354",cp932
1420,8358,"8358,スルガ銀行,1,1,0,1,スルガ銀行,22,0,22,0,8358",cp932
1421,8359,"8359,八十二銀行,1,1,0,1,八十二銀行,22,0,22,0,8359",cp932
1422,8360,"8360,山梨中央銀行,1,1,0,1,山梨中央銀行,22,0,22,0,8360",cp932
1423,8361,"8361,大垣共立銀行,1,1,0,1,大垣共立銀行,22,0,22,0,8361",cp932
1424,8362,"8362,福井銀行,1,1,0,1,福井銀行,22,0,22,0,8362",cp932
1425,8364,"8364,清水銀行,1,1,0,1,清水銀行,22,0,22,0,8364",cp932
1426,8366,"8366,滋賀銀行,1,1,0,1,滋賀銀行,22,0,22,0,8366",cp932
1427,8367,"8367,南都銀行,1,1,0,1,南都銀行,22,0,22,0,8367",cp932
1428,8368,"8368,百五銀行,1,1,0,1,百五銀行,22,0,22,0,8368",cp932
1429,8370,"8370,紀陽銀行,1,1,0,1,紀陽銀行,22,0,22,0,8370",cp932
1430,8377,"8377,ほくほくフィ,1,0,0,1,ほくほくフィナンシャルグループ,22,0,22,0,8377",cp932
1431,8381,"8381,山陰合同銀行,1,1,0,1,山陰合同銀行,22,0,22,0,8381",cp932
1432,8386,"8386,百十四銀行,1,1,0,1,百十四銀行,22,0,22,0,8386",cp932
1433,8387,"8387,四国銀行,1,1,0,1,四国銀行,22,0,22,0,8387",cp932
1434,8388,"8388,阿波銀行,1,1,0,1,阿波銀行,22,0,22,0,8388",cp932
1435,8392,"8392,大分銀行,1,1,0,1,大分銀行,22,0,22,0,8392",cp932
1436,8393,"8393,宮崎銀行,1,1,0,1,宮崎銀行,22,0,22,0,8393",cp932
1437,8395,"8395,佐賀銀行,1,1,0,1,佐賀銀行,22,0,22,0,8395",cp932
1438,8399,"8399,琉球銀行,1,1,0,1,琉球銀行,22,0,22,0,8399",cp932
1439,8410,"8410,セブン銀行,1,1,0,1,セブン銀行,22,0,22,1,8410",cp932
1440,8411,"8411,みずほフィナ,1,0,1,1,みずほフィナンシャルグループ,22,0,22,1,8411",cp932
1441,8418,"8418,山口フィナン,1,0,0,1,山口フィナンシャルグループ,22,0,22,0,8418",cp932
1442,8424,"8424,芙蓉総合リー,1,0,0,1,芙蓉総合リース,23,0,23,1,8424",cp932
1443,8425,"8425,みずほリース,1,0,0,1,みずほリース,23,0,23,1,8425",cp932
1444,8439,"8439,東京センチュ,1,0,0,1,東京センチュリー,23,0,23,1,8439",cp932
1445,8473,"8473,ＳＢＩホール,1,0,0,1,ＳＢＩホールディングス,24,0,24,1,8473",cp932
1446,8511,"8511,日本証券金融,1,0,0,1,日本証券金融,23,0,23,0,8511",cp932
1447,8515,"8515,アイフル,1,0,0,1,アイフル,23,0,23,0,8515",cp932
1448,8522,"8522,名古屋銀行,1,1,0,1,名古屋銀行,22,0,22,0,8522",cp932
1449,8524,"8524,北洋銀行,1,1,0,1,北洋銀行,22,0,22,0,8524",cp932
1450,8541,"8541,愛媛銀行,1,1,0,1,愛媛銀行,22,0,22,0,8541",cp932
1451,8544,"8544,京葉銀行,1,1,0,1,京葉銀行,22,0,22,0,8544",cp932
1452,8550,"8550,栃木銀行,1,1,0,1,栃木銀行,22,0,22,0,8550",cp932
1453,8551,"8551,北日本銀行,1,1,0,1,北日本銀行,22,0,22,0,8551",cp932
1454,8558,"8558,東和銀行,1,1,0,1,東和銀行,22,0,22,0,8558",cp932
1455,8566,"8566,リコーリース,1,0,0,1,リコーリース,23,0,23,0,8566",cp932
1456,8570,"8570,イオンフィナ,1,0,0,1,イオンフィナンシャルサービス,23,0,23,1,8570",cp932
1457,8584,"8584,ジャックス,1,5,0,1,ジャックス,23,0,23,0,8584",cp932
1458,8585,"8585,オリエントコ,1,0,0,1,オリエントコーポレーション,23,0,23,1,8585",cp932
1459,8591,"8591,オリックス,1,2,0,1,オリックス,23,0,23,1,8591",cp932
1460,8593,"8593,三菱ＨＣキャ,1,0,0,1,三菱ＨＣキャピタル,23,0,23,1,8593",cp932
1461,8595,"8595,ジャフコ　グ,1,0,0,1,ジャフコ　グループ,24,0,24,1,8595",cp932
1462,8600,"8600,トモニホール,1,0,0,1,トモニホールディングス,22,0,22,0,8600",cp932
1463,8601,"8601,大和証券グル,1,0,1,1,大和証券グループ本社,24,0,24,1,8601",cp932
1464,8604,"8604,野村ホールデ,1,0,1,1,野村ホールディングス,24,0,24,1,8604",cp932
1465,8609,"8609,岡三証券グル,1,0,0,1,岡三証券グループ,24,0,24,0,8609",cp932
1466,8613,"8613,丸三証券,1,0,0,1,丸三証券,24,0,24,0,8613",cp932
1467,8614,"8614,東洋証券,1,0,0,1,東洋証券,24,0,24,0,8614",cp932
1468,8616,"8616,東海東京フィ,1,0,0,1,東海東京フィナンシャル・ホールディングス,24,0,24,0,8616",cp932
1469,8622,"8622,水戸証券,1,0,0,1,水戸証券,24,0,24,0,8622",cp932
1470,8624,"8624,いちよし証券,1,0,0,1,いちよし証券,24,0,24,0,8624",cp932
1471,8628,"8628,松井証券,1,0,1,1,松井証券,24,0,24,0,8628",cp932
1472,8630,"8630,ＳＯＭＰＯホ,1,0,1,1,ＳＯＭＰＯホールディングス,25,0,25,1,8630",cp932
1473,8697,"8697,日本取引所グ,1,0,1,1,日本取引所グループ,23,0,23,1,8697",cp932
1474,8698,"8698,マネックスグ,1,0,0,1,マネックスグループ,24,0,24,0,8698",cp932
1475,8706,"8706,極東証券,1,0,0,1,極東証券,24,0,24,0,8706",cp932
1476,8707,"8707,岩井コスモホ,1,0,0,1,岩井コスモホールディングス,24,0,24,0,8707",cp932
1477,8708,"8708,アイザワ証券,1,0,0,1,アイザワ証券グループ,24,0,24,0,8708",cp932
1478,8713,"8713,フィデアホー,1,0,0,1,フィデアホールディングス,22,0,22,0,8713",cp932
1479,8714,"8714,池田泉州ホー,1,0,0,1,池田泉州ホールディングス,22,0,22,0,8714",cp932
1480,8715,"8715,アニコム　ホ,1,0,0,1,アニコム　ホールディングス,25,0,25,0,8715",cp932
1481,8725,"8725,ＭＳ＆ＡＤイ,1,0,1,0,ＭＳ＆ＡＤインシュアランスグループホールディングス,25,0,25,1,8725",cp932
1482,8729,"8729,ソニーフィナ,1,0,0,1,ソニーフィナンシャルグループ,0,0,0,0,8729",cp932
1483,8739,"8739,スパークス・,1,0,0,1,スパークス・グループ,24,0,24,0,8739",cp932
1484,8750,"8750,第一生命ホー,1,0,1,1,第一生命ホールディングス,25,0,25,1,8750",cp932
1485,8766,"8766,東京海上ホー,1,0,1,1,東京海上ホールディングス,25,0,25,1,8766",cp932
1486,8771,"8771,イー・ギャラ,1,0,0,1,イー・ギャランティ,23,0,23,0,8771",cp932
1487,8793,"8793,ＮＥＣキャピ,1,0,0,1,ＮＥＣキャピタルソリューション,23,0,23,0,8793",cp932
1488,8795,"8795,Ｔ＆Ｄホール,1,0,1,1,Ｔ＆Ｄホールディングス,25,0,25,1,8795",cp932
1489,8798,"8798,アドバンスク,1,0,0,1,アドバンスクリエイト,25,0,25,0,8798",cp932
1490,8801,"8801,三井不動産,1,0,1,1,三井不動産,26,0,26,1,8801",cp932
1491,8802,"8802,三菱地所,1,0,1,1,三菱地所,26,0,26,1,8802",cp932
1492,8803,"8803,平和不動産,1,0,0,1,平和不動産,26,0,26,0,8803",cp932
1493,8804,"8804,東京建物,1,0,1,1,東京建物,26,0,26,1,8804",cp932
1494,8818,"8818,京阪神ビルデ,1,0,0,1,京阪神ビルディング,26,0,26,0,8818",cp932
1495,8830,"8830,住友不動産,1,0,1,1,住友不動産,26,0,26,1,8830",cp932
1496,8848,"8848,レオパレス２,1,0,0,1,レオパレス２１,26,0,26,0,8848",cp932
1497,8850,"8850,スターツコー,1,0,0,1,スターツコーポレーション,26,0,26,1,8850",cp932
1498,8860,"8860,フジ住宅,1,1,0,1,フジ住宅,26,0,26,0,8860",cp932
1499,8876,"8876,リログループ,1,1,0,1,リログループ,33,0,33,1,8876",cp932
1500,8877,"8877,エスリード,1,1,0,1,エスリード,26,0,26,0,8877",cp932
1501,8881,"8881,日神グループ,1,0,0,1,日神グループホールディングス,26,0,26,0,8881",cp932
1502,8892,"8892,エスコン,1,0,0,1,エスコン,26,0,26,1,8892",cp932
1503,8897,"8897,ＭＩＲＡＲＴ,1,0,0,1,ＭＩＲＡＲＴＨホールディングス,26,0,26,0,8897",cp932
1504,8905,"8905,イオンモール,1,0,0,1,イオンモール,26,0,26,1,8905",cp932
1505,8919,"8919,カチタス,1,0,0,1,カチタス,26,0,26,1,8919",cp932
1506,8923,"8923,トーセイ,1,0,0,1,トーセイ,26,0,26,0,8923",cp932
1507,8934,"8934,サンフロンテ,1,0,0,1,サンフロンティア不動産,26,0,26,0,8934",cp932
1508,8935,"8935,ＦＪネクスト,1,0,0,1,ＦＪネクストホールディングス,26,0,26,0,8935",cp932
1509,8999,"8999,グランディハ,1,0,0,1,グランディハウス,26,0,26,0,8999",cp932
1510,9001,"9001,東武鉄道,1,0,1,1,東武鉄道,27,0,27,0,9001",cp932
1511,9003,"9003,相鉄ホールデ,1,0,0,1,相鉄ホールディングス,27,0,27,0,9003",cp932
1512,9005,"9005,東急,1,0,1,1,東急,27,0,27,0,9005",cp932
1513,9006,"9006,京浜急行電鉄,1,1,0,1,京浜急行電鉄,27,0,27,0,9006",cp932
1514,9007,"9007,小田急電鉄,1,1,1,1,小田急電鉄,27,0,27,0,9007",cp932
1515,9008,"9008,京王電鉄,1,1,1,1,京王電鉄,27,0,27,0,9008",cp932
1516,9009,"9009,京成電鉄,1,1,1,1,京成電鉄,27,0,27,0,9009",cp932
1517,9010,"9010,富士急行,1,1,0,1,富士急行,27,0,27,0,9010",cp932
1518,9020,"9020,東日本旅客鉄,1,0,1,1,東日本旅客鉄道,27,0,27,0,9020",cp932
1519,9021,"9021,西日本旅客鉄,1,0,1,1,西日本旅客鉄道,27,0,27,0,9021",cp932
1520,9022,"9022,東海旅客鉄道,1,0,1,1,東海旅客鉄道,27,0,27,1,9022",cp932
1521,9023,"9023,東京地下鉄,1,0,0,1,東京地下鉄,27,0,27,0,9023",cp932
1522,9024,"9024,西武ホールデ,1,0,0,1,西武ホールディングス,27,0,27,0,9024",cp932
1523,9025,"9025,鴻池運輸,1,0,0,1,鴻池運輸,27,0,27,0,9025",cp932
1524,9031,"9031,西日本鉄道,1,0,0,1,西日本鉄道,27,0,27,0,9031",cp932
1525,9037,"9037,ハマキョウレ,1,0,0,1,ハマキョウレックス,27,0,27,0,9037",cp932
1526,9039,"9039,サカイ引越セ,1,0,0,1,サカイ引越センター,27,0,27,0,9039",cp932
1527,9041,"9041,近鉄グループ,1,0,0,1,近鉄グループホールディングス,27,0,27,0,9041",cp932
1528,9042,"9042,阪急阪神ホー,1,0,0,1,阪急阪神ホールディングス,27,0,27,1,9042",cp932
1529,9044,"9044,南海電気鉄道,1,1,0,1,南海電気鉄道,27,0,27,0,9044",cp932
1530,9045,"9045,京阪ホールデ,1,0,0,1,京阪ホールディングス,27,0,27,0,9045",cp932
1531,9046,"9046,神戸電鉄,1,1,0,1,神戸電鉄,27,0,27,0,9046",cp932
1532,9048,"9048,名古屋鉄道,1,1,0,1,名古屋鉄道,27,0,27,0,9048",cp932
1533,9052,"9052,山陽電気鉄道,1,1,0,1,山陽電気鉄道,27,0,27,0,9052",cp932
1534,9064,"9064,ヤマトホール,1,0,1,1,ヤマトホールディングス,27,0,27,1,9064",cp932
1535,9065,"9065,山九,1,1,0,1,山九,27,0,27,1,9065",cp932
1536,9066,"9066,日新,1,0,0,1,日新,30,0,30,0,9066",cp932
1537,9068,"9068,丸全昭和運輸,1,0,0,1,丸全昭和運輸,27,0,27,0,9068",cp932
1538,9069,"9069,センコーグル,1,0,0,1,センコーグループホールディングス,27,0,27,1,9069",cp932
1539,9072,"9072,ニッコンホー,1,0,0,1,ニッコンホールディングス,27,0,27,0,9072",cp932
1540,9075,"9075,福山通運,1,0,0,1,福山通運,27,0,27,0,9075",cp932
1541,9076,"9076,セイノーホー,1,0,0,1,セイノーホールディングス,27,0,27,0,9076",cp932
1542,9081,"9081,神奈川中央交,1,0,0,1,神奈川中央交通,27,0,27,0,9081",cp932
1543,9090,"9090,ＡＺ－ＣＯＭ,1,0,0,1,ＡＺ－ＣＯＭ丸和ホールディングス,27,0,27,1,9090",cp932
1544,9099,"9099,Ｃ＆Ｆロジホ,1,0,0,0,Ｃ＆Ｆロジホールディングス,29,1,29,0,9099",cp932
1545,9101,"9101,日本郵船,1,0,1,1,日本郵船,28,0,28,1,9101",cp932
1546,9104,"9104,商船三井,1,5,1,1,商船三井,28,0,28,1,9104",cp932
1547,9107,"9107,川崎汽船,1,0,1,1,川崎汽船,28,0,28,0,9107",cp932
1548,9110,"9110,ＮＳユナイテ,1,0,0,1,ＮＳユナイテッド海運,28,0,28,0,9110",cp932
1549,9119,"9119,飯野海運,1,1,0,1,飯野海運,28,0,28,0,9119",cp932
1550,9142,"9142,九州旅客鉄道,1,0,0,1,九州旅客鉄道,27,0,27,1,9142",cp932
1551,9143,"9143,ＳＧホールデ,1,0,0,1,ＳＧホールディングス,27,0,27,1,9143",cp932
1552,9147,"9147,ＮＩＰＰＯＮ,1,0,0,1,ＮＩＰＰＯＮ　ＥＸＰＲＥＳＳホールディングス,27,0,27,1,9147",cp932
1553,9201,"9201,日本航空,1,0,0,1,日本航空,29,0,29,0,9201",cp932
1554,9202,"9202,ＡＮＡホール,1,0,1,1,ＡＮＡホールディングス,29,0,29,0,9202",cp932
1555,9216,"9216,ビーウィズ,1,0,0,1,ビーウィズ,33,0,33,0,9216",cp932
1556,9229,"9229,サンウェルズ,1,0,0,1,サンウェルズ,33,0,33,0,9229",cp932
1557,9247,"9247,ＴＲＥホール,1,0,0,1,ＴＲＥホールディングス,33,0,33,0,9247",cp932
1558,9260,"9260,西本Ｗｉｓｍ,1,0,0,1,西本Ｗｉｓｍｅｔｔａｃホールディングス,20,0,20,0,9260",cp932
1559,9267,"9267,Ｇｅｎｋｙ　,1,0,0,1,Ｇｅｎｋｙ　ＤｒｕｇＳｔｏｒｅｓ,21,0,21,0,9267",cp932
1560,9273,"9273,コーア商事ホ,1,0,0,1,コーア商事ホールディングス,20,0,20,0,9273",cp932
1561,9274,"9274,ＫＰＰグルー,1,0,0,1,ＫＰＰグループホールディングス,20,0,20,0,9274",cp932
1562,9278,"9278,ブックオフグ,1,0,0,1,ブックオフグループホールディングス,21,0,21,0,9278",cp932
1563,9279,"9279,ギフトホール,1,0,0,1,ギフトホールディングス,21,0,21,0,9279",cp932
1564,9301,"9301,三菱倉庫,1,0,0,1,三菱倉庫,30,0,30,0,9301",cp932
1565,9302,"9302,三井倉庫ホー,1,0,0,1,三井倉庫ホールディングス,30,0,30,0,9302",cp932
1566,9303,"9303,住友倉庫,1,0,0,1,住友倉庫,30,0,30,0,9303",cp932
1567,9304,"9304,澁澤倉庫,1,0,0,1,澁澤倉庫,30,0,30,0,9304",cp932
1568,9305,"9305,ヤマタネ,1,1,0,1,ヤマタネ,20,0,20,0,9305",cp932
1569,9310,"9310,日本トランス,1,0,0,1,日本トランスシティ,30,0,30,0,9310",cp932
1570,9319,"9319,中央倉庫,1,0,0,1,中央倉庫,30,0,30,0,9319",cp932
1571,9324,"9324,安田倉庫,1,0,0,1,安田倉庫,30,0,30,0,9324",cp932
1572,9332,"9332,ＮＩＳＳＯホ,1,0,0,1,ＮＩＳＳＯホールディングス,33,0,33,0,9332",cp932
1573,9336,"9336,大栄環境,1,1,0,1,大栄環境,33,0,33,0,9336",cp932
1574,9341,"9341,ＧＥＮＯＶＡ,1,0,0,1,ＧＥＮＯＶＡ,33,0,33,0,9341",cp932
1575,9347,"9347,日本管財ホー,1,0,0,1,日本管財ホールディングス,33,0,33,0,9347",cp932
1576,9364,"9364,上組,1,1,0,1,上組,30,0,30,0,9364",cp932
1577,9381,"9381,エーアイテイ,1,0,0,1,エーアイテイー,30,0,30,0,9381",cp932
1578,9384,"9384,内外トランス,1,0,0,1,内外トランスライン,30,0,30,0,9384",cp932
1579,9386,"9386,日本コンセプ,1,0,0,1,日本コンセプト,30,0,30,0,9386",cp932
1580,9401,"9401,ＴＢＳホール,1,0,0,1,ＴＢＳホールディングス,31,0,31,0,9401",cp932
1581,9404,"9404,日本テレビホ,1,0,0,1,日本テレビホールディングス,31,0,31,0,9404",cp932
1582,9405,"9405,朝日放送グル,1,0,0,1,朝日放送グループホールディングス,31,0,31,0,9405",cp932
1583,9409,"9409,テレビ朝日ホ,1,0,0,1,テレビ朝日ホールディングス,31,0,31,0,9409",cp932
1584,9412,"9412,スカパーＪＳ,1,0,0,1,スカパーＪＳＡＴホールディングス,31,0,31,0,9412",cp932
1585,9413,"9413,テレビ東京ホ,1,0,0,1,テレビ東京ホールディングス,31,0,31,0,9413",cp932
1586,9416,"9416,ビジョン,1,0,0,1,ビジョン,31,0,31,0,9416",cp932
1587,9418,"9418,Ｕ－ＮＥＸＴ,1,0,0,1,Ｕ－ＮＥＸＴ　ＨＯＬＤＩＮＧＳ,31,0,31,0,9418",cp932
1588,9424,"9424,日本通信,1,0,0,1,日本通信,31,0,31,0,9424",cp932
1589,9432,"9432,ＮＴＴ,1,0,0,1,ＮＴＴ,31,0,31,0,9432",cp932
1590,9433,"9433,ＫＤＤＩ,1,0,0,1,ＫＤＤＩ,31,0,31,0,9433",cp932
1591,9434,"9434,ソフトバンク,1,0,0,1,ソフトバンク第２回社債型種類株式,31,0,31,0,9434",cp932
1592,9435,"9435,光通信,1,0,0,1,光通信,31,0,31,0,9435",cp932
1593,9438,"9438,エムティーア,1,0,0,1,エムティーアイ,31,0,31,0,9438",cp932
1594,9449,"9449,ＧＭＯインタ,1,0,0,1,ＧＭＯインターネットグループ,31,0,31,0,9449",cp932
1595,9468,"9468,ＫＡＤＯＫＡ,1,0,0,1,ＫＡＤＯＫＡＷＡ,31,0,31,0,9468",cp932
1596,9470,"9470,学研ホールデ,1,0,0,1,学研ホールディングス,31,0,31,0,9470",cp932
1597,9474,"9474,ゼンリン,1,0,0,1,ゼンリン,31,0,31,0,9474",cp932
1598,9501,"9501,東京電力ホー,1,0,0,1,東京電力ホールディングス,32,0,32,0,9501",cp932
1599,9502,"9502,中部電力,1,1,0,1,中部電力,32,0,32,0,9502",cp932
1600,9503,"9503,関西電力,1,1,0,1,関西電力,32,0,32,0,9503",cp932
1601,9504,"9504,中国電力,1,1,0,1,中国電力,32,0,32,0,9504",cp932
1602,9505,"9505,北陸電力,1,1,0,1,北陸電力,32,0,32,0,9505",cp932
1603,9506,"9506,東北電力,1,1,0,1,東北電力,32,0,32,0,9506",cp932
1604,9507,"9507,四国電力,1,1,0,1,四国電力,32,0,32,0,9507",cp932
1605,9508,"9508,九州電力,1,1,0,1,九州電力,32,0,32,0,9508",cp932
1606,9509,"9509,北海道電力,1,1,0,1,北海道電力,32,0,32,0,9509",cp932
1607,9511,"9511,沖縄電力,1,1,0,1,沖縄電力,32,0,32,0,9511",cp932
1608,9513,"9513,電源開発,1,0,0,1,電源開発,32,0,32,0,9513",cp932
1609,9517,"9517,イーレックス,1,0,0,1,イーレックス,32,0,32,0,9517",cp932
1610,9519,"9519,レノバ,1,0,0,1,レノバ,32,0,32,0,9519",cp932
1611,9531,"9531,東京瓦斯,1,0,0,1,東京瓦斯,32,0,32,0,9531",cp932
1612,9532,"9532,大阪瓦斯,1,0,0,1,大阪瓦斯,32,0,32,0,9532",cp932
1613,9533,"9533,東邦瓦斯,1,0,0,1,東邦瓦斯,32,0,32,0,9533",cp932
1614,9534,"9534,北海道瓦斯,1,0,0,1,北海道瓦斯,32,0,32,0,9534",cp932
1615,9535,"9535,広島ガス,1,0,0,1,広島ガス,32,0,32,0,9535",cp932
1616,9536,"9536,西部ガスホー,1,0,0,1,西部ガスホールディングス,32,0,32,0,9536",cp932
1617,9543,"9543,静岡ガス,1,0,0,1,静岡ガス,32,0,32,0,9543",cp932
1618,9551,"9551,メタウォータ,1,0,0,1,メタウォーター,32,0,32,0,9551",cp932
1619,9552,"9552,Ｍ＆Ａ総研ホ,1,0,0,1,Ｍ＆Ａ総研ホールディングス,33,0,33,0,9552",cp932
1620,9600,"9600,アイネット,1,1,0,1,アイネット,31,0,31,0,9600",cp932
1621,9601,"9601,松竹,1,0,0,1,松竹,31,0,31,0,9601",cp932
1622,9602,"9602,東宝,1,1,0,1,東宝,31,0,31,0,9602",cp932
1623,9603,"9603,エイチ・アイ,1,1,0,1,エイチ・アイ・エス,33,0,33,0,9603",cp932
1624,9605,"9605,東映,1,0,0,1,東映,31,0,31,0,9605",cp932
1625,9612,"9612,ラックランド,1,1,0,1,ラックランド,33,0,33,0,9612",cp932
1626,9613,"9613,ＮＴＴデータ,1,0,0,1,ＮＴＴデータグループ,31,0,31,0,9613",cp932
1627,9616,"9616,共立メンテナ,1,0,0,1,共立メンテナンス,33,0,33,0,9616",cp932
1628,9619,"9619,イチネンホー,1,0,0,1,イチネンホールディングス,33,0,33,0,9619",cp932
1629,9621,"9621,建設技術研究,1,0,0,1,建設技術研究所,33,0,33,0,9621",cp932
1630,9622,"9622,スペース,1,0,0,1,スペース,33,0,33,0,9622",cp932
1631,9627,"9627,アインホール,1,0,0,1,アインホールディングス,21,0,21,0,9627",cp932
1632,9628,"9628,燦ホールディ,1,0,0,1,燦ホールディングス,33,0,33,0,9628",cp932
1633,9629,"9629,ピー・シー・,1,0,0,1,ピー・シー・エー,31,0,31,0,9629",cp932
1634,9644,"9644,タナベコンサ,1,0,0,1,タナベコンサルティンググループ,33,0,33,0,9644",cp932
1635,9658,"9658,ビジネスブレ,1,0,0,1,ビジネスブレイン太田昭和,31,0,31,0,9658",cp932
1636,9663,"9663,ナガワ,1,0,0,1,ナガワ,33,0,33,0,9663",cp932
1637,9672,"9672,東京都競馬,1,0,0,1,東京都競馬,33,0,33,0,9672",cp932
1638,9678,"9678,カナモト,1,1,0,1,カナモト,33,0,33,0,9678",cp932
1639,9682,"9682,ＤＴＳ,1,0,0,1,ＤＴＳ,31,0,31,0,9682",cp932
1640,9684,"9684,スクウェア・,1,0,0,1,スクウェア・エニックス・ホールディングス,31,0,31,0,9684",cp932
1641,9692,"9692,シーイーシー,1,0,0,1,シーイーシー,31,0,31,0,9692",cp932
1642,9697,"9697,カプコン,1,0,0,1,カプコン,31,0,31,0,9697",cp932
1643,9699,"9699,ニシオホール,1,0,0,1,ニシオホールディングス,33,0,33,0,9699",cp932
1644,9702,"9702,アイ・エス・,1,0,0,1,アイ・エス・ビー,31,0,31,0,9702",cp932
1645,9706,"9706,日本空港ビル,1,0,0,1,日本空港ビルデング,26,0,26,0,9706",cp932
1646,9715,"9715,トランス・コ,1,0,0,1,トランス・コスモス,33,0,33,0,9715",cp932
1647,9716,"9716,乃村工藝社,1,0,0,1,乃村工藝社,33,0,33,0,9716",cp932
1648,9717,"9717,ジャステック,1,0,0,1,ジャステック,33,1,33,0,9717",cp932
1649,9719,"9719,ＳＣＳＫ,1,0,0,1,ＳＣＳＫ,31,0,31,0,9719",cp932
1650,9722,"9722,藤田観光,1,1,0,1,藤田観光,33,0,33,0,9722",cp932
1651,9729,"9729,トーカイ,1,0,0,1,トーカイ,33,0,33,0,9729",cp932
1652,9735,"9735,セコム,1,0,0,1,セコム,33,0,33,0,9735",cp932
1653,9739,"9739,ＮＳＷ,1,0,0,1,ＮＳＷ,31,0,31,0,9739",cp932
1654,9740,"9740,セントラル警,1,0,0,1,セントラル警備保障,33,0,33,0,9740",cp932
1655,9742,"9742,アイネス,1,0,0,1,アイネス,31,0,31,0,9742",cp932
1656,9743,"9743,丹青社,1,0,0,1,丹青社,33,0,33,0,9743",cp932
1657,9744,"9744,メイテックグ,1,0,0,1,メイテックグループホールディングス,33,0,33,0,9744",cp932
1658,9746,"9746,ＴＫＣ,1,0,0,1,ＴＫＣ,31,0,31,0,9746",cp932
1659,9755,"9755,応用地質,1,0,0,1,応用地質,33,0,33,0,9755",cp932
1660,9757,"9757,船井総研ホー,1,0,0,1,船井総研ホールディングス,33,0,33,0,9757",cp932
1661,9759,"9759,ＮＳＤ,1,0,0,1,ＮＳＤ,31,0,31,0,9759",cp932
1662,9765,"9765,オオバ,1,1,0,1,オオバ,33,0,33,0,9765",cp932
1663,9766,"9766,コナミグルー,1,0,0,1,コナミグループ,31,0,31,0,9766",cp932
1664,9769,"9769,学究社,1,0,0,1,学究社,33,0,33,0,9769",cp932
1665,9787,"9787,イオンディラ,1,0,0,1,イオンディライト,33,0,33,0,9787",cp932
1666,9788,"9788,ナック,1,0,0,1,ナック,33,0,33,0,9788",cp932
1667,9790,"9790,福井コンピュ,1,0,0,1,福井コンピュータホールディングス,31,0,31,0,9790",cp932
1668,9793,"9793,ダイセキ,1,0,0,1,ダイセキ,33,0,33,0,9793",cp932
1669,9795,"9795,ステップ,1,1,0,1,ステップ,33,0,33,0,9795",cp932
1670,9824,"9824,泉州電業,1,0,0,1,泉州電業,20,0,20,0,9824",cp932
1671,9830,"9830,トラスコ中山,1,0,0,1,トラスコ中山,20,0,20,0,9830",cp932
1672,9831,"9831,ヤマダホール,1,0,0,1,ヤマダホールディングス,21,0,21,0,9831",cp932
1673,9832,"9832,オートバック,1,0,0,1,オートバックスセブン,20,0,20,0,9832",cp932
1674,9837,"9837,モリト,1,1,0,1,モリト,20,0,20,0,9837",cp932
1675,9842,"9842,アークランズ,1,0,0,1,アークランズ,21,0,21,0,9842",cp932
1676,9843,"9843,ニトリホール,1,0,0,1,ニトリホールディングス,21,0,21,0,9843",cp932
1677,9850,"9850,グルメ杵屋,1,1,0,1,グルメ杵屋,21,0,21,0,9850",cp932
1678,9861,"9861,吉野家ホール,1,0,0,1,吉野家ホールディングス,21,0,21,0,9861",cp932
1679,9869,"9869,加藤産業,1,0,0,1,加藤産業,20,0,20,0,9869",cp932
1680,9880,"9880,イノテック,1,2,0,1,イノテック,16,0,16,0,9880",cp932
1681,9882,"9882,イエローハッ,1,0,0,1,イエローハット,20,0,20,0,9882",cp932
1682,9887,"9887,松屋フーズホ,1,0,0,1,松屋フーズホールディングス,21,0,21,0,9887",cp932
1683,9889,"9889,ＪＢＣＣホー,1,0,0,1,ＪＢＣＣホールディングス,31,0,31,0,9889",cp932
1684,9900,"9900,サガミホール,1,0,0,1,サガミホールディングス,21,0,21,0,9900",cp932
1685,9902,"9902,日伝,1,1,0,1,日伝,20,0,20,0,9902",cp932
1686,9928,"9928,ミロク情報サ,1,0,0,1,ミロク情報サービス,31,0,31,0,9928",cp932
1687,9932,"9932,杉本商事,1,1,0,1,杉本商事,20,0,20,0,9932",cp932
1688,9934,"9934,因幡電機産業,1,0,0,1,因幡電機産業,20,0,20,0,9934",cp932
1689,9936,"9936,王将フードサ,1,0,0,1,王将フードサービス,21,0,21,0,9936",cp932
1690,9946,"9946,ミニストップ,1,1,0,1,ミニストップ,21,0,21,0,9946",cp932
1691,9948,"9948,アークス,1,0,0,1,アークス,21,0,21,0,9948",cp932
1692,9956,"9956,バローホール,1,0,0,1,バローホールディングス,21,0,21,0,9956",cp932
1693,9960,"9960,東テク,1,0,0,1,東テク,20,0,20,0,9960",cp932
1694,9962,"9962,ミスミグルー,1,0,0,1,ミスミグループ本社,20,0,20,0,9962",cp932
1695,9974,"9974,ベルク,1,0,0,1,ベルク,21,0,21,0,9974",cp932
1696,9983,"9983,ファーストリ,1,0,0,1,ファーストリテイリング,21,0,21,0,9983",cp932
1697,9984,"9984,ソフトバンク,1,1,0,1,ソフトバンクグループ,31,0,31,0,9984",cp932
1698,9987,"9987,スズケン,1,0,0,1,スズケン,20,0,20,0,9987",cp932
1699,9989,"9989,サンドラッグ,1,0,0,1,サンドラッグ,21,0,21,0,9989",cp932
1700,9990,"9990,サックスバー,1,0,0,1,サックスバー　ホールディングス,21,0,21,0,9990",cp932
1701,9991,"9991,ジェコス,1,0,0,1,ジェコス,20,0,20,0,9991",cp932
1702,9997,"9997,ベルーナ,1,1,0,1,ベルーナ,21,0,21,0,9997",cp932
1703,1001,"10014,リョーサン菱,1,0,0,1,リョーサン菱洋ホールディングス,20,0,20,0,167A",cp932
1704,1004,"10040,フィットイー,1,0,0,1,フィットイージー,33,0,33,0,212A",cp932
1705,1006,"10062,サムティホー,1,0,0,1,サムティホールディングス,26,0,26,0,187A",cp932
1706,1011,"10110,リガク・ホー,1,0,0,1,リガク・ホールディングス,19,0,19,0,268A",cp932
1707,1011,"10113,インターメス,1,0,0,1,インターメスティック,21,0,21,0,262A",cp932
1708,1012,"10122,飛島ホールデ,1,0,0,1,飛島ホールディングス,3,0,3,0,256A",cp932
1709,1015,"10153,キオクシアホ,1,0,0,1,キオクシアホールディングス,16,0,16,0,285A",cp932
1710,1016,"10160,グロービング,1,0,0,1,グロービング,33,0,33,0,277A",cp932
1711,1021,"10216,テクセンドフ,1,0,0,1,テクセンドフォトマスク,0,0,0,0,429A",cp932
1712,1022,"10228,ブルーゾーン,1,0,0,1,ブルーゾーンホールディングス,0,0,0,0,417A",cp932
1713,1023,"10234,ＮＳグループ,1,0,0,1,ＮＳグループ,0,0,0,0,471A",cp932
1714,1024,"10244,オリオンビー,1,0,0,1,オリオンビール,0,0,0,0,409A",cp932
1715,1024,"10247,北里コーポレ,1,0,0,1,北里コーポレーション,0,0,0,0,368A",cp932
1716,1026,"10262,ＡＲＣＨＩＯ,1,0,0,1,ＡＲＣＨＩＯＮ,0,0,0,0,543A",cp932
1717,1026,"10263,ＧＭＳグルー,1,0,0,1,ＧＭＳグループ,0,0,0,0,544A",cp932
1718,1026,"10264,トランヴィア,1,0,0,1,トランヴィア,0,0,0,0,545A",cp932
1719,1026,"10265,ムニノバホー,1,0,0,1,ムニノバホールディングス,0,0,0,0,547A",cp932
1720,1376,"1376,カネコ種苗,2,2,0,1,カネコ種苗,1,0,1,0,1376",cp932
1721,1380,"1380,秋川牧園,2,2,0,1,秋川牧園,1,0,1,0,1380",cp932
1722,1381,"1381,アクシーズ,2,0,0,1,アクシーズ,1,0,1,0,1381",cp932
1723,1382,"1382,ホーブ,2,2,0,1,ホーブ,1,0,1,0,1382",cp932
1724,1383,"1383,ベルグアース,2,0,0,1,ベルグアース,1,0,1,0,1383",cp932
1725,1384,"1384,ホクリヨウ,2,0,0,1,ホクリヨウ,1,0,1,0,1384",cp932
1726,1407,"1407,ウエストホー,2,0,0,1,ウエストホールディングス,3,0,3,0,1407",cp932
1727,1418,"1418,インターライ,2,0,0,1,インターライフホールディングス,3,0,3,0,1418",cp932
1728,1420,"1420,サンヨーホー,2,0,0,1,サンヨーホームズ,3,0,3,0,1420",cp932
1729,1430,"1430,ファーストコ,2,0,0,1,ファーストコーポレーション,3,0,3,0,1430",cp932
1730,1434,"1434,ＪＥＳＣＯホ,2,0,0,1,ＪＥＳＣＯホールディングス,3,0,3,0,1434",cp932
1731,1435,"1435,ｒｏｂｏｔ　,2,0,0,1,ｒｏｂｏｔ　ｈｏｍｅ,26,0,26,0,1435",cp932
1732,1438,"1438,岐阜造園,2,2,0,1,岐阜造園,3,0,3,0,1438",cp932
1733,1439,"1439,安江工務店,2,0,0,1,安江工務店,3,0,3,0,1439",cp932
1734,1443,"1443,技研ホールデ,2,0,0,1,技研ホールディングス,3,0,3,0,1443",cp932
1735,1446,"1446,キャンディル,2,0,0,1,キャンディル,3,0,3,0,1446",cp932
1736,1450,"1450,ＴＡＮＡＫＥ,2,0,0,1,ＴＡＮＡＫＥＮ,3,0,3,0,1450",cp932
1737,1491,"1491,中外鉱業,2,0,0,1,中外鉱業,14,0,14,0,1491",cp932
1738,1514,"1514,住石ホールデ,2,0,0,1,住石ホールディングス,2,0,2,0,1514",cp932
1739,1711,"1711,ＳＤＳホール,2,0,0,1,ＳＤＳホールディングス,3,0,3,0,1711",cp932
1740,1712,"1712,ダイセキ環境,2,0,0,1,ダイセキ環境ソリューション,3,0,3,0,1712",cp932
1741,1716,"1716,第一カッター,2,0,0,1,第一カッター興業,3,0,3,0,1716",cp932
1742,1717,"1717,明豊ファシリ,2,0,0,1,明豊ファシリティワークス,33,0,33,0,1717",cp932
1743,1718,"1718,美樹工業,2,0,0,1,美樹工業,3,0,3,0,1718",cp932
1744,1723,"1723,日本電技,2,0,0,1,日本電技,3,0,3,0,1723",cp932
1745,1724,"1724,シンクレイヤ,2,0,0,1,シンクレイヤ,3,0,3,0,1724",cp932
1746,1736,"1736,オーテック,2,0,0,1,オーテック,3,0,3,0,1736",cp932
1747,1743,"1743,コーアツ工業,2,0,0,1,コーアツ工業,3,0,3,0,1743",cp932
1748,1757,"1757,創建エース,2,0,0,1,創建エース,3,0,3,0,1757",cp932
1749,1758,"1758,太洋基礎工業,2,0,0,1,太洋基礎工業,3,0,3,0,1758",cp932
1750,1764,"1764,工藤建設,2,0,0,1,工藤建設,3,0,3,0,1764",cp932
1751,1768,"1768,ソネック,2,0,0,1,ソネック,3,0,3,0,1768",cp932
1752,1770,"1770,藤田エンジニ,2,0,0,1,藤田エンジニアリング,3,0,3,0,1770",cp932
1753,1776,"1776,三井住建道路,2,0,0,1,三井住建道路,3,0,3,0,1776",cp932
1754,1783,"1783,ｆａｎｔａｓ,2,0,0,1,ｆａｎｔａｓｉｓｔａ,26,0,26,0,1783",cp932
1755,1787,"1787,ナカボーテッ,2,0,0,1,ナカボーテック,3,0,3,0,1787",cp932
1756,1788,"1788,三東工業社,2,0,0,1,三東工業社,3,0,3,0,1788",cp932
1757,1789,"1789,ＥＴＳホール,2,0,0,0,ＥＴＳホールディングス,3,1,3,0,1789",cp932
1758,1793,"1793,大本組,2,2,0,1,大本組,3,0,3,0,1793",cp932
1759,1795,"1795,マサル,2,0,0,1,マサル,3,0,3,0,1795",cp932
1760,1798,"1798,守谷商会,2,2,0,1,守谷商会,3,0,3,0,1798",cp932
1761,1799,"1799,第一建設工業,2,0,0,1,第一建設工業,3,0,3,0,1799",cp932
1762,1807,"1807,佐藤渡辺,2,0,0,1,佐藤渡辺,3,0,3,0,1807",cp932
1763,1810,"1810,松井建設,2,0,0,1,松井建設,3,0,3,0,1810",cp932
1764,1811,"1811,錢高組,2,2,0,1,錢高組,3,0,3,0,1811",cp932
1765,1822,"1822,大豊建設,2,0,0,1,大豊建設,3,0,3,0,1822",cp932
1766,1826,"1826,佐田建設,2,0,0,1,佐田建設,3,0,3,0,1826",cp932
1767,1827,"1827,ナカノフドー,2,0,0,1,ナカノフドー建設,3,0,3,0,1827",cp932
1768,1828,"1828,田辺工業,2,0,0,1,田辺工業,3,0,3,0,1828",cp932
1769,1840,"1840,土屋ホールデ,2,0,0,1,土屋ホールディングス,3,0,3,0,1840",cp932
1770,1841,"1841,サンユー建設,2,0,0,1,サンユー建設,3,0,3,0,1841",cp932
1771,1844,"1844,大盛工業,2,0,0,1,大盛工業,3,0,3,0,1844",cp932
1772,1847,"1847,イチケン,2,0,0,1,イチケン,3,0,3,0,1847",cp932
1773,1848,"1848,富士ピー・エ,2,0,0,1,富士ピー・エス,3,0,3,0,1848",cp932
1774,1850,"1850,南海辰村建設,2,0,0,1,南海辰村建設,3,0,3,0,1850",cp932
1775,1853,"1853,森組,2,2,0,1,森組,3,0,3,0,1853",cp932
1776,1866,"1866,北野建設,2,0,0,1,北野建設,3,0,3,0,1866",cp932
1777,1867,"1867,植木組,2,2,0,1,植木組,3,0,3,0,1867",cp932
1778,1897,"1897,金下建設,2,0,0,1,金下建設,3,0,3,0,1897",cp932
1779,1904,"1904,大成温調,2,0,0,1,大成温調,3,0,3,0,1904",cp932
1780,1905,"1905,テノックス,2,0,0,1,テノックス,3,0,3,0,1905",cp932
1781,1909,"1909,日本ドライケ,2,0,0,1,日本ドライケミカル,15,0,15,0,1909",cp932
1782,1914,"1914,日本基礎技術,2,2,0,1,日本基礎技術,3,0,3,0,1914",cp932
1783,1921,"1921,巴コーポレー,2,0,0,1,巴コーポレーション,3,0,3,0,1921",cp932
1784,1948,"1948,弘電社,2,0,0,1,弘電社,3,0,3,0,1948",cp932
1785,1960,"1960,サンテック,2,0,0,1,サンテック,3,0,3,0,1960",cp932
1786,1965,"1965,テクノ菱和,2,2,0,1,テクノ菱和,3,0,3,0,1965",cp932
1787,1966,"1966,高田工業所,2,0,0,1,高田工業所,3,0,3,0,1966",cp932
1788,1967,"1967,ヤマト,2,0,0,1,ヤマト,3,0,3,0,1967",cp932
1789,1972,"1972,三晃金属工業,2,0,0,1,三晃金属工業,3,0,3,0,1972",cp932
1790,1981,"1981,協和日成,2,2,0,1,協和日成,3,0,3,0,1981",cp932
1791,1992,"1992,神田通信機,2,2,0,1,神田通信機,3,0,3,0,1992",cp932
1792,1994,"1994,高橋カーテン,2,0,0,1,高橋カーテンウォール工業,3,0,3,0,1994",cp932
1793,1997,"1997,暁飯島工業,2,0,0,1,暁飯島工業,3,0,3,0,1997",cp932
1794,2003,"2003,日東富士製粉,2,2,0,1,日東富士製粉,4,0,4,0,2003",cp932
1795,2009,"2009,鳥越製粉,2,2,0,1,鳥越製粉,4,0,4,0,2009",cp932
1796,2055,"2055,日和産業,2,0,0,1,日和産業,4,0,4,0,2055",cp932
1797,2112,"2112,塩水港精糖,2,2,0,1,塩水港精糖,4,0,4,0,2112",cp932
1798,2114,"2114,フジ日本,2,0,0,1,フジ日本,4,0,4,0,2114",cp932
1799,2122,"2122,インタースペ,2,0,0,1,インタースペース,33,0,33,0,2122",cp932
1800,2134,"2134,北浜キャピタ,2,0,0,1,北浜キャピタルパートナーズ,33,0,33,0,2134",cp932
1801,2136,"2136,ヒップ,2,2,0,1,ヒップ,33,0,33,0,2136",cp932
1802,2138,"2138,クルーズ,2,0,0,1,クルーズ,31,0,31,0,2138",cp932
1803,2139,"2139,中広,2,2,0,1,中広,33,0,33,0,2139",cp932
1804,2152,"2152,幼児活動研究,2,0,0,1,幼児活動研究会,33,0,33,0,2152",cp932
1805,2156,"2156,セーラー広告,2,0,0,1,セーラー広告,33,0,33,0,2156",cp932
1806,2162,"2162,ｎｍｓ　ホー,2,0,0,1,ｎｍｓ　ホールディングス,33,0,33,0,2162",cp932
1807,2164,"2164,地域新聞社,2,1,0,1,地域新聞社,33,0,33,0,2164",cp932
1808,2169,"2169,ＣＤＳ,2,0,0,1,ＣＤＳ,33,0,33,0,2169",cp932
1809,2179,"2179,成学社,2,0,0,1,成学社,33,0,33,0,2179",cp932
1810,2180,"2180,サニーサイド,2,0,0,1,サニーサイドアップグループ,33,0,33,0,2180",cp932
1811,2183,"2183,リニカル,2,0,0,1,リニカル,33,0,33,0,2183",cp932
1812,2185,"2185,シイエム・シ,2,0,0,1,シイエム・シイ,33,0,33,0,2185",cp932
1813,2186,"2186,ソーバル,2,0,0,1,ソーバル,33,0,33,0,2186",cp932
1814,2193,"2193,クックパッド,2,2,0,1,クックパッド,33,0,33,0,2193",cp932
1815,2196,"2196,エスクリ,2,0,0,1,エスクリ,33,0,33,0,2196",cp932
1816,2204,"2204,中村屋,2,2,0,1,中村屋,4,0,4,0,2204",cp932
1817,2208,"2208,ブルボン,2,0,0,1,ブルボン,4,0,4,0,2208",cp932
1818,2215,"2215,第一屋製パン,2,0,0,1,第一屋製パン,4,0,4,0,2215",cp932
1819,2216,"2216,カンロ,2,0,0,1,カンロ,4,0,4,0,2216",cp932
1820,2221,"2221,岩塚製菓,2,2,0,1,岩塚製菓,4,0,4,0,2221",cp932
1821,2224,"2224,コモ,2,0,0,1,コモ,4,0,4,0,2224",cp932
1822,2226,"2226,湖池屋,2,2,0,1,湖池屋,4,0,4,0,2226",cp932
1823,2268,"2268,Ｂ－Ｒ　サー,2,0,0,1,Ｂ－Ｒ　サーティワン　アイスクリーム,4,0,4,0,2268",cp932
1824,2286,"2286,林兼産業,2,0,0,1,林兼産業,4,0,4,0,2286",cp932
1825,2291,"2291,福留ハム,2,0,0,1,福留ハム,4,0,4,0,2291",cp932
1826,2293,"2293,滝沢ハム,2,0,0,1,滝沢ハム,4,0,4,0,2293",cp932
1827,2300,"2300,きょくとう,2,2,0,1,きょくとう,33,0,33,0,2300",cp932
1828,2303,"2303,ドーン,2,0,0,1,ドーン,31,0,31,0,2303",cp932
1829,2304,"2304,ＣＳＳホール,2,0,0,1,ＣＳＳホールディングス,33,0,33,0,2304",cp932
1830,2305,"2305,スタジオアリ,2,0,0,1,スタジオアリス,33,0,33,0,2305",cp932
1831,2311,"2311,エプコ,2,0,0,1,エプコ,33,0,33,0,2311",cp932
1832,2315,"2315,ＣＡＩＣＡ　,2,0,0,1,ＣＡＩＣＡ　ＤＩＧＩＴＡＬ,31,0,31,0,2315",cp932
1833,2323,"2323,ｆｏｎｆｕｎ,2,2,0,1,ｆｏｎｆｕｎ,31,0,31,0,2323",cp932
1834,2329,"2329,東北新社,2,0,0,1,東北新社,31,0,31,0,2329",cp932
1835,2330,"2330,フォーサイド,2,2,0,1,フォーサイド,31,0,31,0,2330",cp932
1836,2332,"2332,クエスト,2,2,0,1,クエスト,31,0,31,0,2332",cp932
1837,2338,"2338,クオンタムソ,2,0,0,1,クオンタムソリューションズ,31,0,31,0,2338",cp932
1838,2340,"2340,極楽湯ホール,2,0,0,1,極楽湯ホールディングス,33,0,33,0,2340",cp932
1839,2341,"2341,アルバイトタ,2,0,0,1,アルバイトタイムス,33,0,33,0,2341",cp932
1840,2342,"2342,トランスジェ,2,0,0,1,トランスジェニックグループ,33,0,33,0,2342",cp932
1841,2344,"2344,平安レイサー,2,0,0,1,平安レイサービス,33,0,33,0,2344",cp932
1842,2345,"2345,クシム,2,0,0,1,クシム,31,0,31,0,2345",cp932
1843,2349,"2349,エヌアイデイ,2,0,0,1,エヌアイデイ,31,0,31,0,2349",cp932
1844,2351,"2351,ＡＳＪ,2,0,0,1,ＡＳＪ,31,0,31,0,2351",cp932
1845,2354,"2354,ＹＥ　ＤＩＧ,2,0,0,1,ＹＥ　ＤＩＧＩＴＡＬ,31,0,31,0,2354",cp932
1846,2373,"2373,ケア２１,2,2,0,1,ケア２１,33,0,33,0,2373",cp932
1847,2375,"2375,ギグワークス,2,0,0,1,ギグワークス,33,0,33,0,2375",cp932
1848,2376,"2376,サイネックス,2,0,0,1,サイネックス,33,0,33,0,2376",cp932
1849,2391,"2391,プラネット,2,2,0,1,プラネット,33,0,33,0,2391",cp932
1850,2393,"2393,日本ケアサプ,2,0,0,1,日本ケアサプライ,33,0,33,0,2393",cp932
1851,2404,"2404,鉄人化ホール,2,0,0,1,鉄人化ホールディングス,33,0,33,0,2404",cp932
1852,2408,"2408,ＫＧ情報,2,0,0,1,ＫＧ情報,33,0,33,0,2408",cp932
1853,2411,"2411,ゲンダイエー,2,0,0,1,ゲンダイエージェンシー,31,0,31,0,2411",cp932
1854,2415,"2415,ヒューマンホ,2,0,0,1,ヒューマンホールディングス,33,0,33,0,2415",cp932
1855,2418,"2418,ツカダ・グロ,2,0,0,1,ツカダ・グローバルホールディング,33,0,33,0,2418",cp932
1856,2424,"2424,ブラス,2,0,0,1,ブラス,33,0,33,0,2424",cp932
1857,2425,"2425,ケアサービス,2,0,0,1,ケアサービス,33,0,33,0,2425",cp932
1858,2428,"2428,ウェルネット,2,2,0,1,ウェルネット,33,0,33,0,2428",cp932
1859,2435,"2435,シダー,2,0,0,1,シダー,33,0,33,0,2435",cp932
1860,2436,"2436,共同ピーアー,2,0,0,1,共同ピーアール,33,0,33,0,2436",cp932
1861,2437,"2437,Ｓｈｉｎｗａ,2,0,0,1,Ｓｈｉｎｗａ　Ｗｉｓｅ　Ｈｏｌｄｉｎｇｓ,33,0,33,0,2437",cp932
1862,2440,"2440,ぐるなび,2,0,0,1,ぐるなび,33,0,33,0,2440",cp932
1863,2445,"2445,タカミヤ,2,0,0,1,タカミヤ,33,0,33,0,2445",cp932
1864,2449,"2449,プラップジャ,2,0,0,1,プラップジャパン,33,0,33,0,2449",cp932
1865,2454,"2454,オールアバウ,2,0,0,1,オールアバウト,33,0,33,0,2454",cp932
1866,2459,"2459,アウンコンサ,2,0,0,1,アウンコンサルティング,33,0,33,0,2459",cp932
1867,2464,"2464,Ａｏｂａ‐Ｂ,2,0,0,1,Ａｏｂａ‐ＢＢＴ,33,0,33,0,2464",cp932
1868,2468,"2468,フュートレッ,2,0,0,0,フュートレック,36,1,36,0,2468",cp932
1869,2469,"2469,ヒビノ,2,2,0,1,ヒビノ,33,0,33,0,2469",cp932
1870,2477,"2477,手間いらず,2,2,0,1,手間いらず,31,0,31,0,2477",cp932
1871,2479,"2479,ジェイテック,2,0,0,1,ジェイテック,33,0,33,0,2479",cp932
1872,2480,"2480,システム・ロ,2,0,0,1,システム・ロケーション,31,0,31,0,2480",cp932
1873,2481,"2481,タウンニュー,2,0,0,1,タウンニュース社,33,0,33,0,2481",cp932
1874,2483,"2483,翻訳センター,2,0,0,1,翻訳センター,33,0,33,0,2483",cp932
1875,2484,"2484,出前館,2,0,0,1,出前館,31,0,31,0,2484",cp932
1876,2485,"2485,ティア,2,0,0,1,ティア,33,0,33,0,2485",cp932
1877,2488,"2488,ＪＴＰ,2,0,0,1,ＪＴＰ,33,0,33,0,2488",cp932
1878,2489,"2489,アドウェイズ,2,0,0,1,アドウェイズ,33,0,33,0,2489",cp932
1879,2493,"2493,イーサポート,2,0,0,1,イーサポートリンク,33,0,33,0,2493",cp932
1880,2498,"2498,オリエンタル,2,0,0,1,オリエンタルコンサルタンツホールディングス,33,0,33,0,2498",cp932
1881,2499,"2499,日本和装ホー,2,0,0,1,日本和装ホールディングス,33,0,33,0,2499",cp932
1882,2573,"2573,北海道コカ・,2,0,0,1,北海道コカ・コーラボトリング,4,0,4,0,2573",cp932
1883,2588,"2588,プレミアムウ,2,0,0,1,プレミアムウォーターホールディングス,4,0,4,0,2588",cp932
1884,2597,"2597,ユニカフェ,2,0,0,1,ユニカフェ,4,0,4,0,2597",cp932
1885,2599,"2599,ジャパンフー,2,0,0,0,ジャパンフーズ,4,1,4,0,2599",cp932
1886,2612,"2612,かどや製油,2,0,0,1,かどや製油,4,0,4,0,2612",cp932
1887,2652,"2652,まんだらけ,2,0,0,1,まんだらけ,21,0,21,0,2652",cp932
1888,2653,"2653,イオン九州,2,2,0,1,イオン九州,21,0,21,0,2653",cp932
1889,2654,"2654,アスモ,2,0,0,1,アスモ,21,0,21,0,2654",cp932
1890,2656,"2656,ベクターホー,2,0,0,1,ベクターホールディングス,21,0,21,0,2656",cp932
1891,2666,"2666,オートウェー,2,0,0,1,オートウェーブ,21,0,21,0,2666",cp932
1892,2667,"2667,イメージ　ワ,2,0,0,1,イメージ　ワン,20,0,20,0,2667",cp932
1893,2668,"2668,タビオ,2,0,0,1,タビオ,20,0,20,0,2668",cp932
1894,2669,"2669,カネ美食品,2,0,0,1,カネ美食品,21,0,21,0,2669",cp932
1895,2673,"2673,夢みつけ隊,2,0,0,1,夢みつけ隊,21,0,21,0,2673",cp932
1896,2683,"2683,魚喜,2,0,0,1,魚喜,21,0,21,0,2683",cp932
1897,2686,"2686,ジーフット,2,2,0,1,ジーフット,21,0,21,0,2686",cp932
1898,2687,"2687,シー・ヴイ・,2,0,0,1,シー・ヴイ・エス・ベイエリア,21,0,21,0,2687",cp932
1899,2689,"2689,オルバヘルス,2,0,0,1,オルバヘルスケアホールディングス,20,0,20,0,2689",cp932
1900,2693,"2693,ＹＫＴ,2,0,0,1,ＹＫＴ,20,0,20,0,2693",cp932
1901,2694,"2694,焼肉坂井ホー,2,0,0,1,焼肉坂井ホールディングス,21,0,21,0,2694",cp932
1902,2698,"2698,キャンドゥ,2,0,0,1,キャンドゥ,21,0,21,0,2698",cp932
1903,2700,"2700,木徳神糧,2,0,0,1,木徳神糧,20,0,20,0,2700",cp932
1904,2702,"2702,日本マクドナ,2,0,0,1,日本マクドナルドホールディングス,21,0,21,1,2702",cp932
1905,2705,"2705,大戸屋ホール,2,0,0,1,大戸屋ホールディングス,21,0,21,0,2705",cp932
1906,2708,"2708,久世,2,2,0,1,久世,20,0,20,0,2708",cp932
1907,2721,"2721,ジェイホール,2,0,0,1,ジェイホールディングス,20,0,20,0,2721",cp932
1908,2722,"2722,ＩＫホールデ,2,0,0,1,ＩＫホールディングス,21,0,21,0,2722",cp932
1909,2735,"2735,ワッツ,2,0,0,1,ワッツ,21,0,21,0,2735",cp932
1910,2736,"2736,フェスタリア,2,0,0,1,フェスタリアホールディングス,21,0,21,0,2736",cp932
1911,2743,"2743,ピクセルカン,2,0,0,1,ピクセルカンパニーズ,20,0,20,0,2743",cp932
1912,2747,"2747,北雄ラッキー,2,0,0,1,北雄ラッキー,21,0,21,0,2747",cp932
1913,2750,"2750,石光商事,2,2,0,1,石光商事,20,0,20,0,2750",cp932
1914,2751,"2751,テンポスホー,2,0,0,1,テンポスホールディングス,20,0,20,0,2751",cp932
1915,2762,"2762,ＳＡＮＫＯ　,2,0,0,1,ＳＡＮＫＯ　ＭＡＲＫＥＴＩＮＧ　ＦＯＯＤＳ,21,0,21,0,2762",cp932
1916,2763,"2763,エフティグル,2,0,0,1,エフティグループ,20,0,20,0,2763",cp932
1917,2764,"2764,ひらまつ,2,0,0,1,ひらまつ,21,0,21,0,2764",cp932
1918,2769,"2769,ヴィレッジヴ,2,0,0,1,ヴィレッジヴァンガードコーポレーション,21,0,21,0,2769",cp932
1919,2776,"2776,新都ホールデ,2,0,0,1,新都ホールディングス,20,0,20,0,2776",cp932
1920,2778,"2778,パレモ・ホー,2,0,0,1,パレモ・ホールディングス,21,0,21,0,2778",cp932
1921,2780,"2780,コメ兵ホール,2,0,0,1,コメ兵ホールディングス,21,0,21,0,2780",cp932
1922,2782,"2782,セリア,2,0,0,1,セリア,21,0,21,1,2782",cp932
1923,2788,"2788,アップルイン,2,0,0,1,アップルインターナショナル,20,0,20,0,2788",cp932
1924,2789,"2789,カルラ,2,0,0,1,カルラ,21,0,21,0,2789",cp932
1925,2790,"2790,ナフコ,2,0,0,1,ナフコ,21,0,21,0,2790",cp932
1926,2795,"2795,日本プリメッ,2,0,0,1,日本プリメックス,20,0,20,0,2795",cp932
1927,2796,"2796,ファーマライ,2,0,0,1,ファーマライズホールディングス,21,0,21,0,2796",cp932
1928,2798,"2798,ワイズテーブ,2,0,0,1,ワイズテーブルコーポレーション,21,0,21,0,2798",cp932
1929,2805,"2805,ヱスビー食品,2,0,0,1,ヱスビー食品,4,0,4,0,2805",cp932
1930,2806,"2806,ユタカフーズ,2,0,0,1,ユタカフーズ,4,0,4,0,2806",cp932
1931,2813,"2813,和弘食品,2,0,0,1,和弘食品,4,0,4,0,2813",cp932
1932,2814,"2814,佐藤食品工業,2,0,0,1,佐藤食品工業,4,0,4,0,2814",cp932
1933,2816,"2816,ダイショー,2,0,0,1,ダイショー,4,0,4,0,2816",cp932
1934,2818,"2818,ピエトロ,2,0,0,1,ピエトロ,4,0,4,0,2818",cp932
1935,2819,"2819,エバラ食品工,2,0,0,1,エバラ食品工業,4,0,4,0,2819",cp932
1936,2820,"2820,やまみ,2,0,0,1,やまみ,4,0,4,0,2820",cp932
1937,2830,"2830,アヲハタ,2,0,0,1,アヲハタ,4,0,4,0,2830",cp932
1938,2831,"2831,はごろもフー,2,0,0,1,はごろもフーズ,4,0,4,0,2831",cp932
1939,2872,"2872,セイヒョー,2,0,0,1,セイヒョー,4,0,4,0,2872",cp932
1940,2876,"2876,デルソーレ,2,0,0,1,デルソーレ,4,0,4,0,2876",cp932
1941,2877,"2877,日東ベスト,2,2,0,1,日東ベスト,4,0,4,0,2877",cp932
1942,2883,"2883,大冷,2,0,0,1,大冷,4,0,4,0,2883",cp932
1943,2892,"2892,日本食品化工,2,0,0,1,日本食品化工,4,0,4,0,2892",cp932
1944,2894,"2894,石井食品,2,0,0,1,石井食品,4,0,4,0,2894",cp932
1945,2901,"2901,ウェルディッ,2,0,0,1,ウェルディッシュ,4,0,4,0,2901",cp932
1946,2903,"2903,シノブフーズ,2,0,0,1,シノブフーズ,4,0,4,0,2903",cp932
1947,2904,"2904,一正蒲鉾,2,0,0,1,一正蒲鉾,4,0,4,0,2904",cp932
1948,2907,"2907,あじかん,2,0,0,1,あじかん,4,0,4,0,2907",cp932
1949,2911,"2911,旭松食品,2,0,0,1,旭松食品,4,0,4,0,2911",cp932
1950,2916,"2916,仙波糖化工業,2,0,0,1,仙波糖化工業,4,0,4,0,2916",cp932
1951,2917,"2917,大森屋,2,2,0,1,大森屋,4,0,4,0,2917",cp932
1952,2923,"2923,サトウ食品,2,0,0,1,サトウ食品,4,0,4,0,2923",cp932
1953,2924,"2924,イフジ産業,2,0,0,1,イフジ産業,4,0,4,0,2924",cp932
1954,2926,"2926,篠崎屋,2,2,0,1,篠崎屋,4,0,4,0,2926",cp932
1955,2927,"2927,ＡＦＣ－ＨＤ,2,0,0,1,ＡＦＣ－ＨＤアムスライフサイエンス,4,0,4,0,2927",cp932
1956,2932,"2932,ＳＴＩフード,2,0,0,1,ＳＴＩフードホールディングス,4,0,4,0,2932",cp932
1957,2938,"2938,オカムラ食品,2,0,0,1,オカムラ食品工業,4,0,4,0,2938",cp932
1958,2961,"2961,日本調理機,2,2,0,1,日本調理機,13,0,13,0,2961",cp932
1959,2962,"2962,テクニスコ,2,0,0,1,テクニスコ,13,0,13,0,2962",cp932
1960,2970,"2970,グッドライフ,2,0,0,1,グッドライフカンパニー,26,0,26,0,2970",cp932
1961,2984,"2984,ヤマイチエス,2,0,0,1,ヤマイチエステート,26,0,26,0,2984",cp932
1962,2991,"2991,ランドネット,2,0,0,1,ランドネット,26,0,26,0,2991",cp932
1963,2993,"2993,長栄,2,2,0,1,長栄,26,0,26,0,2993",cp932
1964,2999,"2999,ホームポジシ,2,0,0,1,ホームポジション,26,0,26,0,2999",cp932
1965,3001,"3001,片倉工業,2,0,0,1,片倉工業,5,0,5,0,3001",cp932
1966,3004,"3004,神栄,2,2,0,1,神栄,20,0,20,0,3004",cp932
1967,3010,"3010,ポラリス・ホ,2,4,0,1,ポラリス・ホールディングス,33,0,33,0,3010",cp932
1968,3011,"3011,バナーズ,2,0,0,1,バナーズ,21,0,21,0,3011",cp932
1969,3020,"3020,アプライド,2,2,0,1,アプライド,21,0,21,0,3020",cp932
1970,3021,"3021,パシフィック,2,0,0,1,パシフィックネット,33,0,33,0,3021",cp932
1971,3023,"3023,ラサ商事,2,2,0,1,ラサ商事,20,0,20,0,3023",cp932
1972,3024,"3024,クリエイト,2,2,0,1,クリエイト,20,0,20,0,3024",cp932
1973,3030,"3030,ハブ,2,0,0,1,ハブ,21,0,21,0,3030",cp932
1974,3035,"3035,ケイティケイ,2,0,0,1,ケイティケイ,20,0,20,0,3035",cp932
1975,3041,"3041,ビューティカ,2,0,0,1,ビューティカダンホールディングス,20,0,20,0,3041",cp932
1976,3042,"3042,セキュアヴェ,2,0,0,1,セキュアヴェイル,31,0,31,0,3042",cp932
1977,3045,"3045,カワサキ,2,0,0,1,カワサキ,20,0,20,0,3045",cp932
1978,3053,"3053,ペッパーフー,2,0,0,1,ペッパーフードサービス,21,0,21,0,3053",cp932
1979,3054,"3054,ハイパー,2,0,0,1,ハイパー,20,0,20,0,3054",cp932
1980,3058,"3058,三洋堂ホール,2,0,0,1,三洋堂ホールディングス,21,0,21,0,3058",cp932
1981,3059,"3059,ヒラキ,2,0,0,1,ヒラキ,21,0,21,0,3059",cp932
1982,3065,"3065,ライフフーズ,2,0,0,1,ライフフーズ,21,0,21,0,3065",cp932
1983,3067,"3067,東京一番フー,2,0,0,1,東京一番フーズ,21,0,21,0,3067",cp932
1984,3068,"3068,ＷＤＩ,2,0,0,1,ＷＤＩ,21,0,21,0,3068",cp932
1985,3069,"3069,ＪＦＬＡホー,2,0,0,1,ＪＦＬＡホールディングス,4,0,4,0,3069",cp932
1986,3071,"3071,ストリーム,2,0,0,1,ストリーム,21,0,21,0,3071",cp932
1987,3075,"3075,銚子丸,2,0,0,1,銚子丸,21,0,21,0,3075",cp932
1988,3077,"3077,ホリイフード,2,0,0,1,ホリイフードサービス,21,0,21,0,3077",cp932
1989,3079,"3079,ディーブイエ,2,0,0,1,ディーブイエックス,20,0,20,0,3079",cp932
1990,3080,"3080,ジェーソン,2,0,0,1,ジェーソン,21,0,21,0,3080",cp932
1991,3082,"3082,きちりホール,2,0,0,1,きちりホールディングス,21,0,21,0,3082",cp932
1992,3083,"3083,スターシーズ,2,0,0,1,スターシーズ,21,0,21,0,3083",cp932
1993,3089,"3089,テクノアルフ,2,0,0,1,テクノアルファ,20,0,20,0,3089",cp932
1994,3094,"3094,スーパーバリ,2,0,0,1,スーパーバリュー,21,0,21,0,3094",cp932
1995,3096,"3096,オーシャンシ,2,0,0,1,オーシャンシステム,21,0,21,0,3096",cp932
1996,3103,"3103,ユニチカ,2,0,1,1,ユニチカ,5,0,5,0,3103",cp932
1997,3111,"3111,オーミケンシ,2,0,0,1,オーミケンシ,5,0,5,0,3111",cp932
1998,3113,"3113,ＵＮＩＶＡ・,2,0,0,1,ＵＮＩＶＡ・Ｏａｋホールディングス,24,0,24,0,3113",cp932
1999,3121,"3121,マーチャント,2,0,0,1,マーチャント・バンカーズ,33,0,33,0,3121",cp932
2000,3123,"3123,サイボー,2,0,0,1,サイボー,5,0,5,0,3123",cp932
