"Path","Name","Extension","Kind","Category","Priority","根拠","確度","Phase2必要性"
"C:\fchart\0005.hk.csv","0005.hk.csv",".csv","File","設定・定義候補",,"ファイル名・拡張子・配置のみ","メタ情報候補","個別承認後に評価"
"C:\fchart\adbe.csv","adbe.csv",".csv","File","設定・定義候補",,"ファイル名・拡張子・配置のみ","メタ情報候補","個別承認後に評価"
"C:\fchart\amat.csv","amat.csv",".csv","File","設定・定義候補",,"ファイル名・拡張子・配置のみ","メタ情報候補","個別承認後に評価"
"C:\fchart\amzn.csv","amzn.csv",".csv","File","設定・定義候補",,"ファイル名・拡張子・配置のみ","メタ情報候補","個別承認後に評価"
"C:\fchart\c.csv","c.csv",".csv","File","設定・定義候補",,"ファイル名・拡張子・配置のみ","メタ情報候補","個別承認後に評価"
"C:\fchart\CALCSISU.INI","CALCSISU.INI",".INI","File","設定・定義候補",,"ファイル名・拡張子・配置のみ","メタ情報候補","個別承認後に評価"
"C:\fchart\COMMENT.LST","COMMENT.LST",".LST","File","設定・定義候補",,"ファイル名・拡張子・配置のみ","メタ情報候補","個別承認後に評価"
"C:\fchart\csco.csv","csco.csv",".csv","File","設定・定義候補",,"ファイル名・拡張子・配置のみ","メタ情報候補","個別承認後に評価"
"C:\fchart\DATAPRO.INI","DATAPRO.INI",".INI","File","設定・定義候補",,"ファイル名・拡張子・配置のみ","メタ情報候補","個別承認後に評価"
"C:\fchart\Defalt.ini","Defalt.ini",".ini","File","設定・定義候補",,"ファイル名・拡張子・配置のみ","メタ情報候補","個別承認後に評価"
"C:\fchart\Defalt2.ini","Defalt2.ini",".ini","File","設定・定義候補",,"ファイル名・拡張子・配置のみ","メタ情報候補","個別承認後に評価"
"C:\fchart\dell.csv","dell.csv",".csv","File","設定・定義候補",,"ファイル名・拡張子・配置のみ","メタ情報候補","個別承認後に評価"
"C:\fchart\ETF.lst","ETF.lst",".lst","File","設定・定義候補",,"ファイル名・拡張子・配置のみ","メタ情報候補","個別承認後に評価"
"C:\fchart\fb.csv","fb.csv",".csv","File","設定・定義候補",,"ファイル名・拡張子・配置のみ","メタ情報候補","個別承認後に評価"
"C:\fchart\Fchart.ini","Fchart.ini",".ini","File","設定・定義候補",,"ファイル名・拡張子・配置のみ","メタ情報候補","個別承認後に評価"
"C:\fchart\Fchart.inibak","Fchart.inibak",".inibak","File","旧版・バックアップ候補",,"ファイル名・拡張子・配置のみ","メタ情報候補","個別承認後に評価"
"C:\fchart\Fchart2.ini","Fchart2.ini",".ini","File","設定・定義候補",,"ファイル名・拡張子・配置のみ","メタ情報候補","個別承認後に評価"
"C:\fchart\fdata.ini","fdata.ini",".ini","File","設定・定義候補",,"ファイル名・拡張子・配置のみ","メタ情報候補","個別承認後に評価"
"C:\fchart\fugo.cfg","fugo.cfg",".cfg","File","設定・定義候補",,"ファイル名・拡張子・配置のみ","メタ情報候補","個別承認後に評価"
"C:\fchart\gyokucho.ini","gyokucho.ini",".ini","File","設定・定義候補",,"ファイル名・拡張子・配置のみ","メタ情報候補","個別承認後に評価"
"C:\fchart\gyoshu.lst","gyoshu.lst",".lst","File","設定・定義候補",,"ファイル名・拡張子・配置のみ","メタ情報候補","個別承認後に評価"
"C:\fchart\hgsi.csv","hgsi.csv",".csv","File","設定・定義候補",,"ファイル名・拡張子・配置のみ","メタ情報候補","個別承認後に評価"
"C:\fchart\himawari.cfg","himawari.cfg",".cfg","File","設定・定義候補",,"ファイル名・拡張子・配置のみ","メタ情報候補","個別承認後に評価"
"C:\fchart\holiday.txt","holiday.txt",".txt","File","設定・定義候補",,"ファイル名・拡張子・配置のみ","メタ情報候補","個別承認後に評価"
"C:\fchart\HowToUsa.txt","HowToUsa.txt",".txt","File","設定・定義候補",,"ファイル名・拡張子・配置のみ","メタ情報候補","個別承認後に評価"
"C:\fchart\ibm.csv","ibm.csv",".csv","File","設定・定義候補",,"ファイル名・拡張子・配置のみ","メタ情報候補","個別承認後に評価"
"C:\fchart\infor.txt","infor.txt",".txt","File","設定・定義候補",,"ファイル名・拡張子・配置のみ","メタ情報候補","個別承認後に評価"
"C:\fchart\intc.csv","intc.csv",".csv","File","設定・定義候補",,"ファイル名・拡張子・配置のみ","メタ情報候補","個別承認後に評価"
"C:\fchart\kabu.lst","kabu.lst",".lst","File","銘柄マスター・コード候補",,"ファイル名・拡張子・配置のみ","メタ情報候補","個別承認後に評価"
"C:\fchart\kabu2.lst","kabu2.lst",".lst","File","銘柄マスター・コード候補",,"ファイル名・拡張子・配置のみ","メタ情報候補","個別承認後に評価"
"C:\fchart\Kabujoho.ket","Kabujoho.ket",".ket","File","銘柄マスター・コード候補",,"ファイル名・拡張子・配置のみ","メタ情報候補","個別承認後に評価"
"C:\fchart\kabuto.ket","kabuto.ket",".ket","File","銘柄マスター・コード候補",,"ファイル名・拡張子・配置のみ","メタ情報候補","個別承認後に評価"
"C:\fchart\Kaso.ini","Kaso.ini",".ini","File","設定・定義候補",,"ファイル名・拡張子・配置のみ","メタ情報候補","個別承認後に評価"
"C:\fchart\kenri.ini","kenri.ini",".ini","File","コーポレートアクション候補",,"ファイル名・拡張子・配置のみ","メタ情報候補","個別承認後に評価"
"C:\fchart\line.txt","line.txt",".txt","File","設定・定義候補",,"ファイル名・拡張子・配置のみ","メタ情報候補","個別承認後に評価"
"C:\fchart\mdgy.csv","mdgy.csv",".csv","File","設定・定義候補",,"ファイル名・拡張子・配置のみ","メタ情報候補","個別承認後に評価"
"C:\fchart\mot.csv","mot.csv",".csv","File","設定・定義候補",,"ファイル名・拡張子・配置のみ","メタ情報候補","個別承認後に評価"
"C:\fchart\msft.csv","msft.csv",".csv","File","設定・定義候補",,"ファイル名・拡張子・配置のみ","メタ情報候補","個別承認後に評価"
"C:\fchart\msftddd.csv","msftddd.csv",".csv","File","設定・定義候補",,"ファイル名・拡張子・配置のみ","メタ情報候補","個別承認後に評価"
"C:\fchart\ntap.csv","ntap.csv",".csv","File","設定・定義候補",,"ファイル名・拡張子・配置のみ","メタ情報候補","個別承認後に評価"
"C:\fchart\oosaka.cfg","oosaka.cfg",".cfg","File","設定・定義候補",,"ファイル名・拡張子・配置のみ","メタ情報候補","個別承認後に評価"
"C:\fchart\pan.cfg","pan.cfg",".cfg","File","設定・定義候補",,"ファイル名・拡張子・配置のみ","メタ情報候補","個別承認後に評価"
"C:\fchart\pdftos2.txt","pdftos2.txt",".txt","File","設定・定義候補",,"ファイル名・拡張子・配置のみ","メタ情報候補","個別承認後に評価"
"C:\fchart\Priod.ini","Priod.ini",".ini","File","設定・定義候補",,"ファイル名・拡張子・配置のみ","メタ情報候補","個別承認後に評価"
"C:\fchart\Rank.ini","Rank.ini",".ini","File","設定・定義候補",,"ファイル名・拡張子・配置のみ","メタ情報候補","個別承認後に評価"
"C:\fchart\README.TXT","README.TXT",".TXT","File","設定・定義候補",,"ファイル名・拡張子・配置のみ","メタ情報候補","個別承認後に評価"
"C:\fchart\REIT.lst","REIT.lst",".lst","File","設定・定義候補",,"ファイル名・拡張子・配置のみ","メタ情報候補","個別承認後に評価"
"C:\fchart\Ritc.cfg","Ritc.cfg",".cfg","File","設定・定義候補",,"ファイル名・拡張子・配置のみ","メタ情報候補","個別承認後に評価"
"C:\fchart\Shohin.ini","Shohin.ini",".ini","File","設定・定義候補",,"ファイル名・拡張子・配置のみ","メタ情報候補","個別承認後に評価"
"C:\fchart\Shohin.lst","Shohin.lst",".lst","File","設定・定義候補",,"ファイル名・拡張子・配置のみ","メタ情報候補","個別承認後に評価"
"C:\fchart\Shohin2.ini","Shohin2.ini",".ini","File","設定・定義候補",,"ファイル名・拡張子・配置のみ","メタ情報候補","個別承認後に評価"
"C:\fchart\Shohin2.lst","Shohin2.lst",".lst","File","設定・定義候補",,"ファイル名・拡張子・配置のみ","メタ情報候補","個別承認後に評価"
"C:\fchart\Sim.txt","Sim.txt",".txt","File","設定・定義候補",,"ファイル名・拡張子・配置のみ","メタ情報候補","個別承認後に評価"
"C:\fchart\SONEKI.INI","SONEKI.INI",".INI","File","設定・定義候補",,"ファイル名・拡張子・配置のみ","メタ情報候補","個別承認後に評価"
"C:\fchart\Taisei.cfg","Taisei.cfg",".cfg","File","設定・定義候補",,"ファイル名・拡張子・配置のみ","メタ情報候補","個別承認後に評価"
"C:\fchart\Textfile.lst","Textfile.lst",".lst","File","設定・定義候補",,"ファイル名・拡張子・配置のみ","メタ情報候補","個別承認後に評価"
"C:\fchart\textkabu.lst","textkabu.lst",".lst","File","銘柄マスター・コード候補",,"ファイル名・拡張子・配置のみ","メタ情報候補","個別承認後に評価"
"C:\fchart\Usa - コピー.Lst","Usa - コピー.Lst",".Lst","File","設定・定義候補",,"ファイル名・拡張子・配置のみ","メタ情報候補","個別承認後に評価"
"C:\fchart\Usa.Lst","Usa.Lst",".Lst","File","設定・定義候補",,"ファイル名・拡張子・配置のみ","メタ情報候補","個別承認後に評価"
"C:\fchart\Userkabu.ini","Userkabu.ini",".ini","File","銘柄マスター・コード候補",,"ファイル名・拡張子・配置のみ","メタ情報候補","個別承認後に評価"
"C:\fchart\Verup.lst","Verup.lst",".lst","File","設定・定義候補",,"ファイル名・拡張子・配置のみ","メタ情報候補","個別承認後に評価"
"C:\fchart\VERUP50.TXT","VERUP50.TXT",".TXT","File","設定・定義候補",,"ファイル名・拡張子・配置のみ","メタ情報候補","個別承認後に評価"
"C:\fchart\xFchart.ini","xFchart.ini",".ini","File","設定・定義候補",,"ファイル名・拡張子・配置のみ","メタ情報候補","個別承認後に評価"
"C:\fchart\xPriod.ini","xPriod.ini",".ini","File","設定・定義候補",,"ファイル名・拡張子・配置のみ","メタ情報候補","個別承認後に評価"
"C:\fchart\yhoo.csv","yhoo.csv",".csv","File","設定・定義候補",,"ファイル名・拡張子・配置のみ","メタ情報候補","個別承認後に評価"
"C:\fchart\^dji.csv","^dji.csv",".csv","File","設定・定義候補",,"ファイル名・拡張子・配置のみ","メタ情報候補","個別承認後に評価"
"C:\fchart\^fchi.csv","^fchi.csv",".csv","File","設定・定義候補",,"ファイル名・拡張子・配置のみ","メタ情報候補","個別承認後に評価"
"C:\fchart\^gdaxi.csv","^gdaxi.csv",".csv","File","設定・定義候補",,"ファイル名・拡張子・配置のみ","メタ情報候補","個別承認後に評価"
"C:\fchart\^gspc.csv","^gspc.csv",".csv","File","設定・定義候補",,"ファイル名・拡張子・配置のみ","メタ情報候補","個別承認後に評価"
"C:\fchart\^hsi.csv","^hsi.csv",".csv","File","設定・定義候補",,"ファイル名・拡張子・配置のみ","メタ情報候補","個別承認後に評価"
"C:\fchart\^ixic.csv","^ixic.csv",".csv","File","設定・定義候補",,"ファイル名・拡張子・配置のみ","メタ情報候補","個別承認後に評価"
"C:\fchart\^rut.csv","^rut.csv",".csv","File","設定・定義候補",,"ファイル名・拡張子・配置のみ","メタ情報候補","個別承認後に評価"
"C:\fchart\^ssec.csv","^ssec.csv",".csv","File","設定・定義候補",,"ファイル名・拡張子・配置のみ","メタ情報候補","個別承認後に評価"
"C:\fchart\検索結果.TXT","検索結果.TXT",".TXT","File","設定・定義候補",,"ファイル名・拡張子・配置のみ","メタ情報候補","個別承認後に評価"
"C:\fchart\配布データ.txt","配布データ.txt",".txt","File","設定・定義候補",,"ファイル名・拡張子・配置のみ","メタ情報候補","個別承認後に評価"
"C:\fchart\Back up\CALCSISU.INI","CALCSISU.INI",".INI","File","設定・定義候補",,"ファイル名・拡張子・配置のみ","メタ情報候補","個別承認後に評価"
"C:\fchart\Back up\COMMENT.LST","COMMENT.LST",".LST","File","設定・定義候補",,"ファイル名・拡張子・配置のみ","メタ情報候補","個別承認後に評価"
"C:\fchart\Back up\DATAPRO.INI","DATAPRO.INI",".INI","File","設定・定義候補",,"ファイル名・拡張子・配置のみ","メタ情報候補","個別承認後に評価"
"C:\fchart\Back up\FCHART.INI","FCHART.INI",".INI","File","設定・定義候補",,"ファイル名・拡張子・配置のみ","メタ情報候補","個別承認後に評価"
"C:\fchart\Back up\GYOKUCHO.INI","GYOKUCHO.INI",".INI","File","設定・定義候補",,"ファイル名・拡張子・配置のみ","メタ情報候補","個別承認後に評価"
"C:\fchart\Back up\Kabu2.lst","Kabu2.lst",".lst","File","銘柄マスター・コード候補",,"ファイル名・拡張子・配置のみ","メタ情報候補","個別承認後に評価"
"C:\fchart\Back up\PAN.CFG","PAN.CFG",".CFG","File","設定・定義候補",,"ファイル名・拡張子・配置のみ","メタ情報候補","個別承認後に評価"
"C:\fchart\Back up\RANK.INI","RANK.INI",".INI","File","設定・定義候補",,"ファイル名・拡張子・配置のみ","メタ情報候補","個別承認後に評価"
"C:\fchart\Back up\RITC.CFG","RITC.CFG",".CFG","File","設定・定義候補",,"ファイル名・拡張子・配置のみ","メタ情報候補","個別承認後に評価"
"C:\fchart\Back up\SHOHIN.INI","SHOHIN.INI",".INI","File","設定・定義候補",,"ファイル名・拡張子・配置のみ","メタ情報候補","個別承認後に評価"
"C:\fchart\Back up\Shohin.lst","Shohin.lst",".lst","File","設定・定義候補",,"ファイル名・拡張子・配置のみ","メタ情報候補","個別承認後に評価"
"C:\fchart\Back up\SONEKI.INI","SONEKI.INI",".INI","File","設定・定義候補",,"ファイル名・拡張子・配置のみ","メタ情報候補","個別承認後に評価"
"C:\fchart\Back up\TEXTFILE.LST","TEXTFILE.LST",".LST","File","設定・定義候補",,"ファイル名・拡張子・配置のみ","メタ情報候補","個別承認後に評価"
"C:\fchart\Back up\TEXTKABU.LST","TEXTKABU.LST",".LST","File","銘柄マスター・コード候補",,"ファイル名・拡張子・配置のみ","メタ情報候補","個別承認後に評価"
"C:\fchart\Back up\Userkabu.ini","Userkabu.ini",".ini","File","銘柄マスター・コード候補",,"ファイル名・拡張子・配置のみ","メタ情報候補","個別承認後に評価"
"C:\fchart\chokan\2013-04-29_all.csv","2013-04-29_all.csv",".csv","File","設定・定義候補",,"ファイル名・拡張子・配置のみ","メタ情報候補","個別承認後に評価"
"C:\fchart\chokan\2013-04-30_all.csv","2013-04-30_all.csv",".csv","File","設定・定義候補",,"ファイル名・拡張子・配置のみ","メタ情報候補","個別承認後に評価"
"C:\fchart\chokan\2013-05-16_all.csv","2013-05-16_all.csv",".csv","File","設定・定義候補",,"ファイル名・拡張子・配置のみ","メタ情報候補","個別承認後に評価"
"C:\fchart\chokan\2013-05-17_all.csv","2013-05-17_all.csv",".csv","File","設定・定義候補",,"ファイル名・拡張子・配置のみ","メタ情報候補","個別承認後に評価"
"C:\fchart\chokan\2013-07-15.csv","2013-07-15.csv",".csv","File","設定・定義候補",,"ファイル名・拡張子・配置のみ","メタ情報候補","個別承認後に評価"
"C:\fchart\chokan\2013-07-16.csv","2013-07-16.csv",".csv","File","設定・定義候補",,"ファイル名・拡張子・配置のみ","メタ情報候補","個別承認後に評価"
"C:\fchart\chokan\2013-07-17.csv","2013-07-17.csv",".csv","File","設定・定義候補",,"ファイル名・拡張子・配置のみ","メタ情報候補","個別承認後に評価"
"C:\fchart\chokan\2013-07-18.csv","2013-07-18.csv",".csv","File","設定・定義候補",,"ファイル名・拡張子・配置のみ","メタ情報候補","個別承認後に評価"
"C:\fchart\chokan\2013-07-19.csv","2013-07-19.csv",".csv","File","設定・定義候補",,"ファイル名・拡張子・配置のみ","メタ情報候補","個別承認後に評価"
"C:\fchart\chokan\2013-07-22.csv","2013-07-22.csv",".csv","File","設定・定義候補",,"ファイル名・拡張子・配置のみ","メタ情報候補","個別承認後に評価"
"C:\fchart\chokan\2013-07-23.csv","2013-07-23.csv",".csv","File","設定・定義候補",,"ファイル名・拡張子・配置のみ","メタ情報候補","個別承認後に評価"
"C:\fchart\chokan\2013-07-24.csv","2013-07-24.csv",".csv","File","設定・定義候補",,"ファイル名・拡張子・配置のみ","メタ情報候補","個別承認後に評価"
"C:\fchart\chokan\2013-07-25.csv","2013-07-25.csv",".csv","File","設定・定義候補",,"ファイル名・拡張子・配置のみ","メタ情報候補","個別承認後に評価"
"C:\fchart\chokan\2013-07-26.csv","2013-07-26.csv",".csv","File","設定・定義候補",,"ファイル名・拡張子・配置のみ","メタ情報候補","個別承認後に評価"
"C:\fchart\chokan\2013-07-29.csv","2013-07-29.csv",".csv","File","設定・定義候補",,"ファイル名・拡張子・配置のみ","メタ情報候補","個別承認後に評価"
"C:\fchart\chokan\2013-07-30.csv","2013-07-30.csv",".csv","File","設定・定義候補",,"ファイル名・拡張子・配置のみ","メタ情報候補","個別承認後に評価"
"C:\fchart\chokan\2013-07-31.csv","2013-07-31.csv",".csv","File","設定・定義候補",,"ファイル名・拡張子・配置のみ","メタ情報候補","個別承認後に評価"
"C:\fchart\chokan\2013-08-01.csv","2013-08-01.csv",".csv","File","設定・定義候補",,"ファイル名・拡張子・配置のみ","メタ情報候補","個別承認後に評価"
"C:\fchart\chokan\2013-08-02.csv","2013-08-02.csv",".csv","File","設定・定義候補",,"ファイル名・拡張子・配置のみ","メタ情報候補","個別承認後に評価"
"C:\fchart\chokan\2013-08-05.csv","2013-08-05.csv",".csv","File","設定・定義候補",,"ファイル名・拡張子・配置のみ","メタ情報候補","個別承認後に評価"
"C:\fchart\chokan\2013-08-06.csv","2013-08-06.csv",".csv","File","設定・定義候補",,"ファイル名・拡張子・配置のみ","メタ情報候補","個別承認後に評価"
"C:\fchart\chokan\2013-08-07.csv","2013-08-07.csv",".csv","File","設定・定義候補",,"ファイル名・拡張子・配置のみ","メタ情報候補","個別承認後に評価"
"C:\fchart\chokan\2013-08-08.csv","2013-08-08.csv",".csv","File","設定・定義候補",,"ファイル名・拡張子・配置のみ","メタ情報候補","個別承認後に評価"
"C:\fchart\chokan\2013-08-09.csv","2013-08-09.csv",".csv","File","設定・定義候補",,"ファイル名・拡張子・配置のみ","メタ情報候補","個別承認後に評価"
"C:\fchart\chokan\2013-08-12.csv","2013-08-12.csv",".csv","File","設定・定義候補",,"ファイル名・拡張子・配置のみ","メタ情報候補","個別承認後に評価"
"C:\fchart\chokan\2013-08-13.csv","2013-08-13.csv",".csv","File","設定・定義候補",,"ファイル名・拡張子・配置のみ","メタ情報候補","個別承認後に評価"
"C:\fchart\chokan\2013-08-14.csv","2013-08-14.csv",".csv","File","設定・定義候補",,"ファイル名・拡張子・配置のみ","メタ情報候補","個別承認後に評価"
"C:\fchart\chokan\2013-08-15.csv","2013-08-15.csv",".csv","File","設定・定義候補",,"ファイル名・拡張子・配置のみ","メタ情報候補","個別承認後に評価"
"C:\fchart\chokan\2013-08-16.csv","2013-08-16.csv",".csv","File","設定・定義候補",,"ファイル名・拡張子・配置のみ","メタ情報候補","個別承認後に評価"
"C:\fchart\chokan\2013-08-19.csv","2013-08-19.csv",".csv","File","設定・定義候補",,"ファイル名・拡張子・配置のみ","メタ情報候補","個別承認後に評価"
"C:\fchart\chokan\2013-08-20.csv","2013-08-20.csv",".csv","File","設定・定義候補",,"ファイル名・拡張子・配置のみ","メタ情報候補","個別承認後に評価"
"C:\fchart\chokan\2013-08-21.csv","2013-08-21.csv",".csv","File","設定・定義候補",,"ファイル名・拡張子・配置のみ","メタ情報候補","個別承認後に評価"
"C:\fchart\chokan\2013-08-22.csv","2013-08-22.csv",".csv","File","設定・定義候補",,"ファイル名・拡張子・配置のみ","メタ情報候補","個別承認後に評価"
"C:\fchart\chokan\2013-08-23.csv","2013-08-23.csv",".csv","File","設定・定義候補",,"ファイル名・拡張子・配置のみ","メタ情報候補","個別承認後に評価"
"C:\fchart\chokan\2013-08-26.csv","2013-08-26.csv",".csv","File","設定・定義候補",,"ファイル名・拡張子・配置のみ","メタ情報候補","個別承認後に評価"
"C:\fchart\chokan\2013-09-09_all.csv","2013-09-09_all.csv",".csv","File","設定・定義候補",,"ファイル名・拡張子・配置のみ","メタ情報候補","個別承認後に評価"
"C:\fchart\chokan\2013-10-07_all.csv","2013-10-07_all.csv",".csv","File","設定・定義候補",,"ファイル名・拡張子・配置のみ","メタ情報候補","個別承認後に評価"
"C:\fchart\chokan\2013-10-08_all.csv","2013-10-08_all.csv",".csv","File","設定・定義候補",,"ファイル名・拡張子・配置のみ","メタ情報候補","個別承認後に評価"
"C:\fchart\chokan\2013-10-11_all.csv","2013-10-11_all.csv",".csv","File","設定・定義候補",,"ファイル名・拡張子・配置のみ","メタ情報候補","個別承認後に評価"
"C:\fchart\chokan\2013-10-14_all.csv","2013-10-14_all.csv",".csv","File","設定・定義候補",,"ファイル名・拡張子・配置のみ","メタ情報候補","個別承認後に評価"
"C:\fchart\chokan\2013-12-16_all.csv","2013-12-16_all.csv",".csv","File","設定・定義候補",,"ファイル名・拡張子・配置のみ","メタ情報候補","個別承認後に評価"
"C:\fchart\chokan\2013-12-17_all.csv","2013-12-17_all.csv",".csv","File","設定・定義候補",,"ファイル名・拡張子・配置のみ","メタ情報候補","個別承認後に評価"
"C:\fchart\chokan\2013-12-18_all.csv","2013-12-18_all.csv",".csv","File","設定・定義候補",,"ファイル名・拡張子・配置のみ","メタ情報候補","個別承認後に評価"
"C:\fchart\chokan\2013-12-19_all.csv","2013-12-19_all.csv",".csv","File","設定・定義候補",,"ファイル名・拡張子・配置のみ","メタ情報候補","個別承認後に評価"
"C:\fchart\chokan\2014-05-09.csv","2014-05-09.csv",".csv","File","設定・定義候補",,"ファイル名・拡張子・配置のみ","メタ情報候補","個別承認後に評価"
"C:\fchart\chokan\2014-09-15.csv","2014-09-15.csv",".csv","File","設定・定義候補",,"ファイル名・拡張子・配置のみ","メタ情報候補","個別承認後に評価"
"C:\fchart\chokan\2014-09-16.csv","2014-09-16.csv",".csv","File","設定・定義候補",,"ファイル名・拡張子・配置のみ","メタ情報候補","個別承認後に評価"
"C:\fchart\chokan\2015-01-27.csv","2015-01-27.csv",".csv","File","設定・定義候補",,"ファイル名・拡張子・配置のみ","メタ情報候補","個別承認後に評価"
"C:\fchart\chokan\2015-09-15.csv","2015-09-15.csv",".csv","File","設定・定義候補",,"ファイル名・拡張子・配置のみ","メタ情報候補","個別承認後に評価"
"C:\fchart\chokan\2015-10-05.csv","2015-10-05.csv",".csv","File","設定・定義候補",,"ファイル名・拡張子・配置のみ","メタ情報候補","個別承認後に評価"
"C:\fchart\chokan\2015-10-06.csv","2015-10-06.csv",".csv","File","設定・定義候補",,"ファイル名・拡張子・配置のみ","メタ情報候補","個別承認後に評価"
"C:\fchart\chokan\2015-10-07.csv","2015-10-07.csv",".csv","File","設定・定義候補",,"ファイル名・拡張子・配置のみ","メタ情報候補","個別承認後に評価"
"C:\fchart\chokan\2015-10-08.csv","2015-10-08.csv",".csv","File","設定・定義候補",,"ファイル名・拡張子・配置のみ","メタ情報候補","個別承認後に評価"
"C:\fchart\chokan\2015-10-09.csv","2015-10-09.csv",".csv","File","設定・定義候補",,"ファイル名・拡張子・配置のみ","メタ情報候補","個別承認後に評価"
"C:\fchart\chokan\2015-10-12.csv","2015-10-12.csv",".csv","File","設定・定義候補",,"ファイル名・拡張子・配置のみ","メタ情報候補","個別承認後に評価"
"C:\fchart\chokan\2015-10-13.csv","2015-10-13.csv",".csv","File","設定・定義候補",,"ファイル名・拡張子・配置のみ","メタ情報候補","個別承認後に評価"
"C:\fchart\chokan\2015-10-14.csv","2015-10-14.csv",".csv","File","設定・定義候補",,"ファイル名・拡張子・配置のみ","メタ情報候補","個別承認後に評価"
"C:\fchart\chokan\2015-10-15.csv","2015-10-15.csv",".csv","File","設定・定義候補",,"ファイル名・拡張子・配置のみ","メタ情報候補","個別承認後に評価"
"C:\fchart\chokan\2015-10-16.csv","2015-10-16.csv",".csv","File","設定・定義候補",,"ファイル名・拡張子・配置のみ","メタ情報候補","個別承認後に評価"
"C:\fchart\chokan\2015-10-19.csv","2015-10-19.csv",".csv","File","設定・定義候補",,"ファイル名・拡張子・配置のみ","メタ情報候補","個別承認後に評価"
"C:\fchart\chokan\2015-10-20.csv","2015-10-20.csv",".csv","File","設定・定義候補",,"ファイル名・拡張子・配置のみ","メタ情報候補","個別承認後に評価"
"C:\fchart\chokan\2015-10-21.csv","2015-10-21.csv",".csv","File","設定・定義候補",,"ファイル名・拡張子・配置のみ","メタ情報候補","個別承認後に評価"
"C:\fchart\chokan\2015-10-22.csv","2015-10-22.csv",".csv","File","設定・定義候補",,"ファイル名・拡張子・配置のみ","メタ情報候補","個別承認後に評価"
"C:\fchart\chokan\2016-06-30.csv","2016-06-30.csv",".csv","File","設定・定義候補",,"ファイル名・拡張子・配置のみ","メタ情報候補","個別承認後に評価"
"C:\fchart\chokan\2016-07-13.csv","2016-07-13.csv",".csv","File","設定・定義候補",,"ファイル名・拡張子・配置のみ","メタ情報候補","個別承認後に評価"
"C:\fchart\chokan\2016-07-14.csv","2016-07-14.csv",".csv","File","設定・定義候補",,"ファイル名・拡張子・配置のみ","メタ情報候補","個別承認後に評価"
"C:\fchart\chokan\2016-07-15.csv","2016-07-15.csv",".csv","File","設定・定義候補",,"ファイル名・拡張子・配置のみ","メタ情報候補","個別承認後に評価"
"C:\fchart\chokan\2016-07-18.csv","2016-07-18.csv",".csv","File","設定・定義候補",,"ファイル名・拡張子・配置のみ","メタ情報候補","個別承認後に評価"
"C:\fchart\chokan\2016-07-19.csv","2016-07-19.csv",".csv","File","設定・定義候補",,"ファイル名・拡張子・配置のみ","メタ情報候補","個別承認後に評価"
"C:\fchart\chokan\2016-07-20.csv","2016-07-20.csv",".csv","File","設定・定義候補",,"ファイル名・拡張子・配置のみ","メタ情報候補","個別承認後に評価"
"C:\fchart\chokan\2016-07-21.csv","2016-07-21.csv",".csv","File","設定・定義候補",,"ファイル名・拡張子・配置のみ","メタ情報候補","個別承認後に評価"
"C:\fchart\chokan\2016-07-22.csv","2016-07-22.csv",".csv","File","設定・定義候補",,"ファイル名・拡張子・配置のみ","メタ情報候補","個別承認後に評価"
"C:\fchart\chokan\2016-07-25.csv","2016-07-25.csv",".csv","File","設定・定義候補",,"ファイル名・拡張子・配置のみ","メタ情報候補","個別承認後に評価"
"C:\fchart\chokan\2016-07-26.csv","2016-07-26.csv",".csv","File","設定・定義候補",,"ファイル名・拡張子・配置のみ","メタ情報候補","個別承認後に評価"
"C:\fchart\chokan\2016-07-27.csv","2016-07-27.csv",".csv","File","設定・定義候補",,"ファイル名・拡張子・配置のみ","メタ情報候補","個別承認後に評価"
"C:\fchart\chokan\2016-07-28.csv","2016-07-28.csv",".csv","File","設定・定義候補",,"ファイル名・拡張子・配置のみ","メタ情報候補","個別承認後に評価"
"C:\fchart\chokan\2016-07-29.csv","2016-07-29.csv",".csv","File","設定・定義候補",,"ファイル名・拡張子・配置のみ","メタ情報候補","個別承認後に評価"
"C:\fchart\chokan\2016-08-01.csv","2016-08-01.csv",".csv","File","設定・定義候補",,"ファイル名・拡張子・配置のみ","メタ情報候補","個別承認後に評価"
"C:\fchart\chokan\2016-08-02.csv","2016-08-02.csv",".csv","File","設定・定義候補",,"ファイル名・拡張子・配置のみ","メタ情報候補","個別承認後に評価"
"C:\fchart\chokan\2016-08-03.csv","2016-08-03.csv",".csv","File","設定・定義候補",,"ファイル名・拡張子・配置のみ","メタ情報候補","個別承認後に評価"
"C:\fchart\chokan\2016-08-04.csv","2016-08-04.csv",".csv","File","設定・定義候補",,"ファイル名・拡張子・配置のみ","メタ情報候補","個別承認後に評価"
"C:\fchart\chokan\2016-08-05.csv","2016-08-05.csv",".csv","File","設定・定義候補",,"ファイル名・拡張子・配置のみ","メタ情報候補","個別承認後に評価"
"C:\fchart\chokan\2016-08-08.csv","2016-08-08.csv",".csv","File","設定・定義候補",,"ファイル名・拡張子・配置のみ","メタ情報候補","個別承認後に評価"
"C:\fchart\chokan\2016-08-09.csv","2016-08-09.csv",".csv","File","設定・定義候補",,"ファイル名・拡張子・配置のみ","メタ情報候補","個別承認後に評価"
"C:\fchart\chokan\2016-08-10.csv","2016-08-10.csv",".csv","File","設定・定義候補",,"ファイル名・拡張子・配置のみ","メタ情報候補","個別承認後に評価"
"C:\fchart\chokan\2016-08-11.csv","2016-08-11.csv",".csv","File","設定・定義候補",,"ファイル名・拡張子・配置のみ","メタ情報候補","個別承認後に評価"
"C:\fchart\chokan\2016-08-12.csv","2016-08-12.csv",".csv","File","設定・定義候補",,"ファイル名・拡張子・配置のみ","メタ情報候補","個別承認後に評価"
"C:\fchart\chokan\2017-01-02.csv","2017-01-02.csv",".csv","File","設定・定義候補",,"ファイル名・拡張子・配置のみ","メタ情報候補","個別承認後に評価"
"C:\fchart\chokan\2017-01-03.csv","2017-01-03.csv",".csv","File","設定・定義候補",,"ファイル名・拡張子・配置のみ","メタ情報候補","個別承認後に評価"
"C:\fchart\chokan\2017-01-04.csv","2017-01-04.csv",".csv","File","設定・定義候補",,"ファイル名・拡張子・配置のみ","メタ情報候補","個別承認後に評価"
"C:\fchart\chokan\2017-02-01.csv","2017-02-01.csv",".csv","File","設定・定義候補",,"ファイル名・拡張子・配置のみ","メタ情報候補","個別承認後に評価"
"C:\fchart\chokan\2017-03-17.csv","2017-03-17.csv",".csv","File","設定・定義候補",,"ファイル名・拡張子・配置のみ","メタ情報候補","個別承認後に評価"
"C:\fchart\chokan\2017-03-20.csv","2017-03-20.csv",".csv","File","設定・定義候補",,"ファイル名・拡張子・配置のみ","メタ情報候補","個別承認後に評価"
"C:\fchart\chokan\2017-03-21.csv","2017-03-21.csv",".csv","File","設定・定義候補",,"ファイル名・拡張子・配置のみ","メタ情報候補","個別承認後に評価"
"C:\fchart\chokan\2017-03-22.csv","2017-03-22.csv",".csv","File","設定・定義候補",,"ファイル名・拡張子・配置のみ","メタ情報候補","個別承認後に評価"
"C:\fchart\chokan\2017-03-23.csv","2017-03-23.csv",".csv","File","設定・定義候補",,"ファイル名・拡張子・配置のみ","メタ情報候補","個別承認後に評価"
"C:\fchart\chokan\2017-03-24.csv","2017-03-24.csv",".csv","File","設定・定義候補",,"ファイル名・拡張子・配置のみ","メタ情報候補","個別承認後に評価"
"C:\fchart\chokan\2017-03-27.csv","2017-03-27.csv",".csv","File","設定・定義候補",,"ファイル名・拡張子・配置のみ","メタ情報候補","個別承認後に評価"
"C:\fchart\chokan\2017-03-28.csv","2017-03-28.csv",".csv","File","設定・定義候補",,"ファイル名・拡張子・配置のみ","メタ情報候補","個別承認後に評価"
"C:\fchart\chokan\2017-03-29.csv","2017-03-29.csv",".csv","File","設定・定義候補",,"ファイル名・拡張子・配置のみ","メタ情報候補","個別承認後に評価"
"C:\fchart\chokan\2017-03-30.csv","2017-03-30.csv",".csv","File","設定・定義候補",,"ファイル名・拡張子・配置のみ","メタ情報候補","個別承認後に評価"
"C:\fchart\chokan\2017-03-31.csv","2017-03-31.csv",".csv","File","設定・定義候補",,"ファイル名・拡張子・配置のみ","メタ情報候補","個別承認後に評価"
"C:\fchart\chokan\2017-04-03.csv","2017-04-03.csv",".csv","File","設定・定義候補",,"ファイル名・拡張子・配置のみ","メタ情報候補","個別承認後に評価"
"C:\fchart\chokan\2017-04-04.csv","2017-04-04.csv",".csv","File","設定・定義候補",,"ファイル名・拡張子・配置のみ","メタ情報候補","個別承認後に評価"
"C:\fchart\chokan\2017-04-05.csv","2017-04-05.csv",".csv","File","設定・定義候補",,"ファイル名・拡張子・配置のみ","メタ情報候補","個別承認後に評価"
"C:\fchart\chokan\2017-04-06.csv","2017-04-06.csv",".csv","File","設定・定義候補",,"ファイル名・拡張子・配置のみ","メタ情報候補","個別承認後に評価"
"C:\fchart\chokan\2017-04-07.csv","2017-04-07.csv",".csv","File","設定・定義候補",,"ファイル名・拡張子・配置のみ","メタ情報候補","個別承認後に評価"
"C:\fchart\chokan\2017-04-10.csv","2017-04-10.csv",".csv","File","設定・定義候補",,"ファイル名・拡張子・配置のみ","メタ情報候補","個別承認後に評価"
"C:\fchart\chokan\2017-04-11.csv","2017-04-11.csv",".csv","File","設定・定義候補",,"ファイル名・拡張子・配置のみ","メタ情報候補","個別承認後に評価"
"C:\fchart\chokan\2017-04-12.csv","2017-04-12.csv",".csv","File","設定・定義候補",,"ファイル名・拡張子・配置のみ","メタ情報候補","個別承認後に評価"
"C:\fchart\chokan\2017-04-13.csv","2017-04-13.csv",".csv","File","設定・定義候補",,"ファイル名・拡張子・配置のみ","メタ情報候補","個別承認後に評価"
"C:\fchart\chokan\2017-04-14.csv","2017-04-14.csv",".csv","File","設定・定義候補",,"ファイル名・拡張子・配置のみ","メタ情報候補","個別承認後に評価"
"C:\fchart\chokan\2017-04-28.csv","2017-04-28.csv",".csv","File","設定・定義候補",,"ファイル名・拡張子・配置のみ","メタ情報候補","個別承認後に評価"
"C:\fchart\chokan\2017-05-03.csv","2017-05-03.csv",".csv","File","設定・定義候補",,"ファイル名・拡張子・配置のみ","メタ情報候補","個別承認後に評価"
"C:\fchart\chokan\2017-05-04.csv","2017-05-04.csv",".csv","File","設定・定義候補",,"ファイル名・拡張子・配置のみ","メタ情報候補","個別承認後に評価"
"C:\fchart\chokan\2017-05-05.csv","2017-05-05.csv",".csv","File","設定・定義候補",,"ファイル名・拡張子・配置のみ","メタ情報候補","個別承認後に評価"
"C:\fchart\chokan\D080806.csv","D080806.csv",".csv","File","設定・定義候補",,"ファイル名・拡張子・配置のみ","メタ情報候補","個別承認後に評価"
"C:\fchart\chokan\D080807.csv","D080807.csv",".csv","File","設定・定義候補",,"ファイル名・拡張子・配置のみ","メタ情報候補","個別承認後に評価"
"C:\fchart\chokan\D080808.csv","D080808.csv",".csv","File","設定・定義候補",,"ファイル名・拡張子・配置のみ","メタ情報候補","個別承認後に評価"
"C:\fchart\chokan\D080811.csv","D080811.csv",".csv","File","設定・定義候補",,"ファイル名・拡張子・配置のみ","メタ情報候補","個別承認後に評価"
"C:\fchart\chokan\D080812.csv","D080812.csv",".csv","File","設定・定義候補",,"ファイル名・拡張子・配置のみ","メタ情報候補","個別承認後に評価"
"C:\fchart\chokan\D080813.csv","D080813.csv",".csv","File","設定・定義候補",,"ファイル名・拡張子・配置のみ","メタ情報候補","個別承認後に評価"
"C:\fchart\chokan\D080814.csv","D080814.csv",".csv","File","設定・定義候補",,"ファイル名・拡張子・配置のみ","メタ情報候補","個別承認後に評価"
"C:\fchart\chokan\D080815.csv","D080815.csv",".csv","File","設定・定義候補",,"ファイル名・拡張子・配置のみ","メタ情報候補","個別承認後に評価"
"C:\fchart\chokan\D080818.csv","D080818.csv",".csv","File","設定・定義候補",,"ファイル名・拡張子・配置のみ","メタ情報候補","個別承認後に評価"
"C:\fchart\chokan\D080819.csv","D080819.csv",".csv","File","設定・定義候補",,"ファイル名・拡張子・配置のみ","メタ情報候補","個別承認後に評価"
"C:\fchart\chokan\D080820.csv","D080820.csv",".csv","File","設定・定義候補",,"ファイル名・拡張子・配置のみ","メタ情報候補","個別承認後に評価"
"C:\fchart\chokan\D080821.csv","D080821.csv",".csv","File","設定・定義候補",,"ファイル名・拡張子・配置のみ","メタ情報候補","個別承認後に評価"
"C:\fchart\chokan\D080822.csv","D080822.csv",".csv","File","設定・定義候補",,"ファイル名・拡張子・配置のみ","メタ情報候補","個別承認後に評価"
"C:\fchart\chokan\D080825.csv","D080825.csv",".csv","File","設定・定義候補",,"ファイル名・拡張子・配置のみ","メタ情報候補","個別承認後に評価"
"C:\fchart\chokan\D080826.csv","D080826.csv",".csv","File","設定・定義候補",,"ファイル名・拡張子・配置のみ","メタ情報候補","個別承認後に評価"
"C:\fchart\chokan\D080827.csv","D080827.csv",".csv","File","設定・定義候補",,"ファイル名・拡張子・配置のみ","メタ情報候補","個別承認後に評価"
"C:\fchart\chokan\D080828.csv","D080828.csv",".csv","File","設定・定義候補",,"ファイル名・拡張子・配置のみ","メタ情報候補","個別承認後に評価"
"C:\fchart\chokan\D080908.csv","D080908.csv",".csv","File","設定・定義候補",,"ファイル名・拡張子・配置のみ","メタ情報候補","個別承認後に評価"
"C:\fchart\chokan\D080909.csv","D080909.csv",".csv","File","設定・定義候補",,"ファイル名・拡張子・配置のみ","メタ情報候補","個別承認後に評価"
"C:\fchart\chokan\D080910.csv","D080910.csv",".csv","File","設定・定義候補",,"ファイル名・拡張子・配置のみ","メタ情報候補","個別承認後に評価"
"C:\fchart\chokan\D080911.csv","D080911.csv",".csv","File","設定・定義候補",,"ファイル名・拡張子・配置のみ","メタ情報候補","個別承認後に評価"
"C:\fchart\chokan\D080916.csv","D080916.csv",".csv","File","設定・定義候補",,"ファイル名・拡張子・配置のみ","メタ情報候補","個別承認後に評価"
"C:\fchart\chokan\D080917.csv","D080917.csv",".csv","File","設定・定義候補",,"ファイル名・拡張子・配置のみ","メタ情報候補","個別承認後に評価"
"C:\fchart\chokan\D080918.csv","D080918.csv",".csv","File","設定・定義候補",,"ファイル名・拡張子・配置のみ","メタ情報候補","個別承認後に評価"
"C:\fchart\chokan\D080919.csv","D080919.csv",".csv","File","設定・定義候補",,"ファイル名・拡張子・配置のみ","メタ情報候補","個別承認後に評価"
"C:\fchart\chokan\D080929.csv","D080929.csv",".csv","File","設定・定義候補",,"ファイル名・拡張子・配置のみ","メタ情報候補","個別承認後に評価"
"C:\fchart\chokan\D080930.csv","D080930.csv",".csv","File","設定・定義候補",,"ファイル名・拡張子・配置のみ","メタ情報候補","個別承認後に評価"
"C:\fchart\chokan\D081001.csv","D081001.csv",".csv","File","設定・定義候補",,"ファイル名・拡張子・配置のみ","メタ情報候補","個別承認後に評価"
"C:\fchart\chokan\D081006.csv","D081006.csv",".csv","File","設定・定義候補",,"ファイル名・拡張子・配置のみ","メタ情報候補","個別承認後に評価"
"C:\fchart\chokan\D081007.csv","D081007.csv",".csv","File","設定・定義候補",,"ファイル名・拡張子・配置のみ","メタ情報候補","個別承認後に評価"
"C:\fchart\chokan\D081008.csv","D081008.csv",".csv","File","設定・定義候補",,"ファイル名・拡張子・配置のみ","メタ情報候補","個別承認後に評価"
"C:\fchart\chokan\D081009.csv","D081009.csv",".csv","File","設定・定義候補",,"ファイル名・拡張子・配置のみ","メタ情報候補","個別承認後に評価"
"C:\fchart\chokan\D081010.csv","D081010.csv",".csv","File","設定・定義候補",,"ファイル名・拡張子・配置のみ","メタ情報候補","個別承認後に評価"
"C:\fchart\chokan\D081014.csv","D081014.csv",".csv","File","設定・定義候補",,"ファイル名・拡張子・配置のみ","メタ情報候補","個別承認後に評価"
"C:\fchart\chokan\D081015.csv","D081015.csv",".csv","File","設定・定義候補",,"ファイル名・拡張子・配置のみ","メタ情報候補","個別承認後に評価"
"C:\fchart\chokan\D081016.csv","D081016.csv",".csv","File","設定・定義候補",,"ファイル名・拡張子・配置のみ","メタ情報候補","個別承認後に評価"
"C:\fchart\chokan\D081017.csv","D081017.csv",".csv","File","設定・定義候補",,"ファイル名・拡張子・配置のみ","メタ情報候補","個別承認後に評価"
"C:\fchart\chokan\D081023.csv","D081023.csv",".csv","File","設定・定義候補",,"ファイル名・拡張子・配置のみ","メタ情報候補","個別承認後に評価"
"C:\fchart\chokan\D081024.csv","D081024.csv",".csv","File","設定・定義候補",,"ファイル名・拡張子・配置のみ","メタ情報候補","個別承認後に評価"
"C:\fchart\chokan\D081027.csv","D081027.csv",".csv","File","設定・定義候補",,"ファイル名・拡張子・配置のみ","メタ情報候補","個別承認後に評価"
"C:\fchart\chokan\D081028.csv","D081028.csv",".csv","File","設定・定義候補",,"ファイル名・拡張子・配置のみ","メタ情報候補","個別承認後に評価"
"C:\fchart\chokan\D081104.csv","D081104.csv",".csv","File","設定・定義候補",,"ファイル名・拡張子・配置のみ","メタ情報候補","個別承認後に評価"
"C:\fchart\chokan\D081105.csv","D081105.csv",".csv","File","設定・定義候補",,"ファイル名・拡張子・配置のみ","メタ情報候補","個別承認後に評価"
"C:\fchart\chokan\D081106.csv","D081106.csv",".csv","File","設定・定義候補",,"ファイル名・拡張子・配置のみ","メタ情報候補","個別承認後に評価"
"C:\fchart\chokan\D081110.csv","D081110.csv",".csv","File","設定・定義候補",,"ファイル名・拡張子・配置のみ","メタ情報候補","個別承認後に評価"
"C:\fchart\chokan\D081111.csv","D081111.csv",".csv","File","設定・定義候補",,"ファイル名・拡張子・配置のみ","メタ情報候補","個別承認後に評価"
"C:\fchart\chokan\D081112.csv","D081112.csv",".csv","File","設定・定義候補",,"ファイル名・拡張子・配置のみ","メタ情報候補","個別承認後に評価"
"C:\fchart\chokan\D081113.csv","D081113.csv",".csv","File","設定・定義候補",,"ファイル名・拡張子・配置のみ","メタ情報候補","個別承認後に評価"
"C:\fchart\chokan\D081114.csv","D081114.csv",".csv","File","設定・定義候補",,"ファイル名・拡張子・配置のみ","メタ情報候補","個別承認後に評価"
"C:\fchart\chokan\D081117.csv","D081117.csv",".csv","File","設定・定義候補",,"ファイル名・拡張子・配置のみ","メタ情報候補","個別承認後に評価"
"C:\fchart\chokan\D081121.csv","D081121.csv",".csv","File","設定・定義候補",,"ファイル名・拡張子・配置のみ","メタ情報候補","個別承認後に評価"
"C:\fchart\chokan\D081125.csv","D081125.csv",".csv","File","設定・定義候補",,"ファイル名・拡張子・配置のみ","メタ情報候補","個別承認後に評価"
"C:\fchart\chokan\D081126.csv","D081126.csv",".csv","File","設定・定義候補",,"ファイル名・拡張子・配置のみ","メタ情報候補","個別承認後に評価"
"C:\fchart\chokan\D081127.csv","D081127.csv",".csv","File","設定・定義候補",,"ファイル名・拡張子・配置のみ","メタ情報候補","個別承認後に評価"
"C:\fchart\chokan\D081128.csv","D081128.csv",".csv","File","設定・定義候補",,"ファイル名・拡張子・配置のみ","メタ情報候補","個別承認後に評価"
"C:\fchart\chokan\D081203.csv","D081203.csv",".csv","File","設定・定義候補",,"ファイル名・拡張子・配置のみ","メタ情報候補","個別承認後に評価"
"C:\fchart\chokan\D081205.csv","D081205.csv",".csv","File","設定・定義候補",,"ファイル名・拡張子・配置のみ","メタ情報候補","個別承認後に評価"
"C:\fchart\chokan\D081208.csv","D081208.csv",".csv","File","設定・定義候補",,"ファイル名・拡張子・配置のみ","メタ情報候補","個別承認後に評価"
"C:\fchart\chokan\D081210.csv","D081210.csv",".csv","File","設定・定義候補",,"ファイル名・拡張子・配置のみ","メタ情報候補","個別承認後に評価"
"C:\fchart\chokan\D081215.csv","D081215.csv",".csv","File","設定・定義候補",,"ファイル名・拡張子・配置のみ","メタ情報候補","個別承認後に評価"
"C:\fchart\chokan\D081216.csv","D081216.csv",".csv","File","設定・定義候補",,"ファイル名・拡張子・配置のみ","メタ情報候補","個別承認後に評価"
"C:\fchart\chokan\D081217.csv","D081217.csv",".csv","File","設定・定義候補",,"ファイル名・拡張子・配置のみ","メタ情報候補","個別承認後に評価"
"C:\fchart\chokan\D081218.csv","D081218.csv",".csv","File","設定・定義候補",,"ファイル名・拡張子・配置のみ","メタ情報候補","個別承認後に評価"
"C:\fchart\chokan\D081219.csv","D081219.csv",".csv","File","設定・定義候補",,"ファイル名・拡張子・配置のみ","メタ情報候補","個別承認後に評価"
"C:\fchart\chokan\D090119.csv","D090119.csv",".csv","File","設定・定義候補",,"ファイル名・拡張子・配置のみ","メタ情報候補","個別承認後に評価"
"C:\fchart\chokan\D090120.csv","D090120.csv",".csv","File","設定・定義候補",,"ファイル名・拡張子・配置のみ","メタ情報候補","個別承認後に評価"
"C:\fchart\chokan\D090123.csv","D090123.csv",".csv","File","設定・定義候補",,"ファイル名・拡張子・配置のみ","メタ情報候補","個別承認後に評価"
"C:\fchart\chokan\D101012.csv","D101012.csv",".csv","File","設定・定義候補",,"ファイル名・拡張子・配置のみ","メタ情報候補","個別承認後に評価"
"C:\fchart\chokan\D101013.csv","D101013.csv",".csv","File","設定・定義候補",,"ファイル名・拡張子・配置のみ","メタ情報候補","個別承認後に評価"
"C:\fchart\chokan\D101014.csv","D101014.csv",".csv","File","設定・定義候補",,"ファイル名・拡張子・配置のみ","メタ情報候補","個別承認後に評価"
"C:\fchart\chokan\D101015.csv","D101015.csv",".csv","File","設定・定義候補",,"ファイル名・拡張子・配置のみ","メタ情報候補","個別承認後に評価"
"C:\fchart\chokan\D101025.csv","D101025.csv",".csv","File","設定・定義候補",,"ファイル名・拡張子・配置のみ","メタ情報候補","個別承認後に評価"
"C:\fchart\chokan\D101026.csv","D101026.csv",".csv","File","設定・定義候補",,"ファイル名・拡張子・配置のみ","メタ情報候補","個別承認後に評価"
"C:\fchart\chokan\D101208.csv","D101208.csv",".csv","File","設定・定義候補",,"ファイル名・拡張子・配置のみ","メタ情報候補","個別承認後に評価"
"C:\fchart\chokan\D101209.csv","D101209.csv",".csv","File","設定・定義候補",,"ファイル名・拡張子・配置のみ","メタ情報候補","個別承認後に評価"
"C:\fchart\chokan\D101210.csv","D101210.csv",".csv","File","設定・定義候補",,"ファイル名・拡張子・配置のみ","メタ情報候補","個別承認後に評価"
"C:\fchart\chokan\D101213.csv","D101213.csv",".csv","File","設定・定義候補",,"ファイル名・拡張子・配置のみ","メタ情報候補","個別承認後に評価"
"C:\fchart\chokan\D101214.csv","D101214.csv",".csv","File","設定・定義候補",,"ファイル名・拡張子・配置のみ","メタ情報候補","個別承認後に評価"
"C:\fchart\chokan\D101229.csv","D101229.csv",".csv","File","設定・定義候補",,"ファイル名・拡張子・配置のみ","メタ情報候補","個別承認後に評価"
"C:\fchart\chokan\D101230.csv","D101230.csv",".csv","File","設定・定義候補",,"ファイル名・拡張子・配置のみ","メタ情報候補","個別承認後に評価"
"C:\fchart\chokan\D110104.csv","D110104.csv",".csv","File","設定・定義候補",,"ファイル名・拡張子・配置のみ","メタ情報候補","個別承認後に評価"
"C:\fchart\chokan\D110105.csv","D110105.csv",".csv","File","設定・定義候補",,"ファイル名・拡張子・配置のみ","メタ情報候補","個別承認後に評価"
"C:\fchart\chokan\D110111.csv","D110111.csv",".csv","File","設定・定義候補",,"ファイル名・拡張子・配置のみ","メタ情報候補","個別承認後に評価"
"C:\fchart\chokan\D110112.csv","D110112.csv",".csv","File","設定・定義候補",,"ファイル名・拡張子・配置のみ","メタ情報候補","個別承認後に評価"
"C:\fchart\chokan\D110113.csv","D110113.csv",".csv","File","設定・定義候補",,"ファイル名・拡張子・配置のみ","メタ情報候補","個別承認後に評価"
"C:\fchart\chokan\D110114.csv","D110114.csv",".csv","File","設定・定義候補",,"ファイル名・拡張子・配置のみ","メタ情報候補","個別承認後に評価"
"C:\fchart\chokan\D110117.csv","D110117.csv",".csv","File","設定・定義候補",,"ファイル名・拡張子・配置のみ","メタ情報候補","個別承認後に評価"
"C:\fchart\chokan\D110118.csv","D110118.csv",".csv","File","設定・定義候補",,"ファイル名・拡張子・配置のみ","メタ情報候補","個別承認後に評価"
"C:\fchart\chokan\D110119.csv","D110119.csv",".csv","File","設定・定義候補",,"ファイル名・拡張子・配置のみ","メタ情報候補","個別承認後に評価"
"C:\fchart\chokan\D110128.csv","D110128.csv",".csv","File","設定・定義候補",,"ファイル名・拡張子・配置のみ","メタ情報候補","個別承認後に評価"
"C:\fchart\chokan\D110131.csv","D110131.csv",".csv","File","設定・定義候補",,"ファイル名・拡張子・配置のみ","メタ情報候補","個別承認後に評価"
"C:\fchart\chokan\D110207.csv","D110207.csv",".csv","File","設定・定義候補",,"ファイル名・拡張子・配置のみ","メタ情報候補","個別承認後に評価"
"C:\fchart\chokan\D110228.csv","D110228.csv",".csv","File","設定・定義候補",,"ファイル名・拡張子・配置のみ","メタ情報候補","個別承認後に評価"
"C:\fchart\chokan\D110301.csv","D110301.csv",".csv","File","設定・定義候補",,"ファイル名・拡張子・配置のみ","メタ情報候補","個別承認後に評価"
"C:\fchart\chokan\D110302.csv","D110302.csv",".csv","File","設定・定義候補",,"ファイル名・拡張子・配置のみ","メタ情報候補","個別承認後に評価"
"C:\fchart\chokan\D110307.csv","D110307.csv",".csv","File","設定・定義候補",,"ファイル名・拡張子・配置のみ","メタ情報候補","個別承認後に評価"
"C:\fchart\chokan\D110509.csv","D110509.csv",".csv","File","設定・定義候補",,"ファイル名・拡張子・配置のみ","メタ情報候補","個別承認後に評価"
"C:\fchart\chokan\D110510.csv","D110510.csv",".csv","File","設定・定義候補",,"ファイル名・拡張子・配置のみ","メタ情報候補","個別承認後に評価"
"C:\fchart\chokan\D110513.csv","D110513.csv",".csv","File","設定・定義候補",,"ファイル名・拡張子・配置のみ","メタ情報候補","個別承認後に評価"
"C:\fchart\chokan\D110516.csv","D110516.csv",".csv","File","設定・定義候補",,"ファイル名・拡張子・配置のみ","メタ情報候補","個別承認後に評価"
"C:\fchart\chokan\D110523.csv","D110523.csv",".csv","File","設定・定義候補",,"ファイル名・拡張子・配置のみ","メタ情報候補","個別承認後に評価"
"C:\fchart\chokan\D110608.csv","D110608.csv",".csv","File","設定・定義候補",,"ファイル名・拡張子・配置のみ","メタ情報候補","個別承認後に評価"
"C:\fchart\chokan\D111121.csv","D111121.csv",".csv","File","設定・定義候補",,"ファイル名・拡張子・配置のみ","メタ情報候補","個別承認後に評価"
"C:\fchart\chokan\D111125.csv","D111125.csv",".csv","File","設定・定義候補",,"ファイル名・拡張子・配置のみ","メタ情報候補","個別承認後に評価"
"C:\fchart\chokan\D111209.csv","D111209.csv",".csv","File","設定・定義候補",,"ファイル名・拡張子・配置のみ","メタ情報候補","個別承認後に評価"
"C:\fchart\chokan\D111216.csv","D111216.csv",".csv","File","設定・定義候補",,"ファイル名・拡張子・配置のみ","メタ情報候補","個別承認後に評価"
"C:\fchart\chokan\D111227.csv","D111227.csv",".csv","File","設定・定義候補",,"ファイル名・拡張子・配置のみ","メタ情報候補","個別承認後に評価"
"C:\fchart\chokan\D111230.csv","D111230.csv",".csv","File","設定・定義候補",,"ファイル名・拡張子・配置のみ","メタ情報候補","個別承認後に評価"
"C:\fchart\chokan\D130307.csv","D130307.csv",".csv","File","設定・定義候補",,"ファイル名・拡張子・配置のみ","メタ情報候補","個別承認後に評価"
"C:\fchart\chokan\Y130220.csv","Y130220.csv",".csv","File","設定・定義候補",,"ファイル名・拡張子・配置のみ","メタ情報候補","個別承認後に評価"
"C:\fchart\chokan\y240726.csv","y240726.csv",".csv","File","設定・定義候補",,"ファイル名・拡張子・配置のみ","メタ情報候補","個別承認後に評価"
"C:\fchart\chokan\y250413.csv","y250413.csv",".csv","File","設定・定義候補",,"ファイル名・拡張子・配置のみ","メタ情報候補","個別承認後に評価"
"C:\fchart\data\CPACERR.LST","CPACERR.LST",".LST","File","設定・定義候補",,"ファイル名・拡張子・配置のみ","メタ情報候補","個別承認後に評価"
"C:\fchart\data\DPACERR.LST","DPACERR.LST",".LST","File","設定・定義候補",,"ファイル名・拡張子・配置のみ","メタ情報候補","個別承認後に評価"
"C:\fchart\data\FPACERR.LST","FPACERR.LST",".LST","File","時系列関連候補",,"ファイル名・拡張子・配置のみ","メタ情報候補","個別承認後に評価"
"C:\fchart\data\Hyoka.Txt","Hyoka.Txt",".Txt","File","設定・定義候補",,"ファイル名・拡張子・配置のみ","メタ情報候補","個別承認後に評価"
"C:\fchart\data\Meigara.txt","Meigara.txt",".txt","File","設定・定義候補",,"ファイル名・拡張子・配置のみ","メタ情報候補","個別承認後に評価"
"C:\fchart\data\NEWCODE.LOG","NEWCODE.LOG",".LOG","File","銘柄マスター・コード候補",,"ファイル名・拡張子・配置のみ","メタ情報候補","個別承認後に評価"
"C:\fchart\data\Rank.ini","Rank.ini",".ini","File","設定・定義候補",,"ファイル名・拡張子・配置のみ","メタ情報候補","個別承認後に評価"
"C:\fchart\data\Rireki.Txt","Rireki.Txt",".Txt","File","設定・定義候補",,"ファイル名・拡張子・配置のみ","メタ情報候補","個別承認後に評価"
"C:\fchart\data\Sihyo.txt","Sihyo.txt",".txt","File","設定・定義候補",,"ファイル名・拡張子・配置のみ","メタ情報候補","個別承認後に評価"
"C:\fchart\data\Sim.txt","Sim.txt",".txt","File","設定・定義候補",,"ファイル名・拡張子・配置のみ","メタ情報候補","個別承認後に評価"
"C:\fchart\data\裁定残.txt","裁定残.txt",".txt","File","設定・定義候補",,"ファイル名・拡張子・配置のみ","メタ情報候補","個別承認後に評価"
"C:\fchart\deflate\README.TXT","README.TXT",".TXT","File","設定・定義候補",,"ファイル名・拡張子・配置のみ","メタ情報候補","個別承認後に評価"
"C:\fchart\DOWN LOAD.files\f00.lzh","f00.lzh",".lzh","File","時系列関連候補",,"ファイル名・拡張子・配置のみ","メタ情報候補","個別承認後に評価"
"C:\fchart\DOWN LOAD.files\f21.lzh","f21.lzh",".lzh","File","時系列関連候補",,"ファイル名・拡張子・配置のみ","メタ情報候補","個別承認後に評価"
"C:\fchart\DOWN LOAD.files\f22.lzh","f22.lzh",".lzh","File","時系列関連候補",,"ファイル名・拡張子・配置のみ","メタ情報候補","個別承認後に評価"
"C:\fchart\DOWN LOAD.files\f23.lzh","f23.lzh",".lzh","File","時系列関連候補",,"ファイル名・拡張子・配置のみ","メタ情報候補","個別承認後に評価"
"C:\fchart\DOWN LOAD.files\f24.lzh","f24.lzh",".lzh","File","時系列関連候補",,"ファイル名・拡張子・配置のみ","メタ情報候補","個別承認後に評価"
"C:\fchart\DOWN LOAD.files\f25.lzh","f25.lzh",".lzh","File","時系列関連候補",,"ファイル名・拡張子・配置のみ","メタ情報候補","個別承認後に評価"
"C:\fchart\DOWN LOAD.files\f26.lzh","f26.lzh",".lzh","File","時系列関連候補",,"ファイル名・拡張子・配置のみ","メタ情報候補","個別承認後に評価"
"C:\fchart\DOWN LOAD.files\f27.lzh","f27.lzh",".lzh","File","時系列関連候補",,"ファイル名・拡張子・配置のみ","メタ情報候補","個別承認後に評価"
"C:\fchart\DOWN LOAD.files\f28.lzh","f28.lzh",".lzh","File","時系列関連候補",,"ファイル名・拡張子・配置のみ","メタ情報候補","個別承認後に評価"
"C:\fchart\DOWN LOAD.files\f29.lzh","f29.lzh",".lzh","File","時系列関連候補",,"ファイル名・拡張子・配置のみ","メタ情報候補","個別承認後に評価"
"C:\fchart\DOWN LOAD.files\f30.lzh","f30.lzh",".lzh","File","時系列関連候補",,"ファイル名・拡張子・配置のみ","メタ情報候補","個別承認後に評価"
"C:\fchart\DOWN LOAD.files\f31.lzh","f31.lzh",".lzh","File","時系列関連候補",,"ファイル名・拡張子・配置のみ","メタ情報候補","個別承認後に評価"
"C:\fchart\DOWN LOAD.files\f32.lzh","f32.lzh",".lzh","File","時系列関連候補",,"ファイル名・拡張子・配置のみ","メタ情報候補","個別承認後に評価"
"C:\fchart\DOWN LOAD.files\f33.lzh","f33.lzh",".lzh","File","時系列関連候補",,"ファイル名・拡張子・配置のみ","メタ情報候補","個別承認後に評価"
"C:\fchart\DOWN LOAD.files\f34.lzh","f34.lzh",".lzh","File","時系列関連候補",,"ファイル名・拡張子・配置のみ","メタ情報候補","個別承認後に評価"
"C:\fchart\DOWN LOAD.files\f35.lzh","f35.lzh",".lzh","File","時系列関連候補",,"ファイル名・拡張子・配置のみ","メタ情報候補","個別承認後に評価"
"C:\fchart\DOWN LOAD.files\f36.lzh","f36.lzh",".lzh","File","時系列関連候補",,"ファイル名・拡張子・配置のみ","メタ情報候補","個別承認後に評価"
"C:\fchart\DOWN LOAD.files\f37.lzh","f37.lzh",".lzh","File","時系列関連候補",,"ファイル名・拡張子・配置のみ","メタ情報候補","個別承認後に評価"
"C:\fchart\DOWN LOAD.files\f38.lzh","f38.lzh",".lzh","File","時系列関連候補",,"ファイル名・拡張子・配置のみ","メタ情報候補","個別承認後に評価"
"C:\fchart\DOWN LOAD.files\f39.lzh","f39.lzh",".lzh","File","時系列関連候補",,"ファイル名・拡張子・配置のみ","メタ情報候補","個別承認後に評価"
"C:\fchart\DOWN LOAD.files\f40.lzh","f40.lzh",".lzh","File","時系列関連候補",,"ファイル名・拡張子・配置のみ","メタ情報候補","個別承認後に評価"
"C:\fchart\DOWN LOAD.files\f41.lzh","f41.lzh",".lzh","File","時系列関連候補",,"ファイル名・拡張子・配置のみ","メタ情報候補","個別承認後に評価"
"C:\fchart\DOWN LOAD.files\f42.lzh","f42.lzh",".lzh","File","時系列関連候補",,"ファイル名・拡張子・配置のみ","メタ情報候補","個別承認後に評価"
"C:\fchart\DOWN LOAD.files\f48.lzh","f48.lzh",".lzh","File","時系列関連候補",,"ファイル名・拡張子・配置のみ","メタ情報候補","個別承認後に評価"
"C:\fchart\DOWN LOAD.files\kabu.lst","kabu.lst",".lst","File","銘柄マスター・コード候補",,"ファイル名・拡張子・配置のみ","メタ情報候補","個別承認後に評価"
"C:\fchart\DOWN LOAD.files\kigyo.lzh","kigyo.lzh",".lzh","File","企業業績・財務関連候補",,"ファイル名・拡張子・配置のみ","メタ情報候補","個別承認後に評価"
"C:\fchart\Folder Settings\Folder.htt","Folder.htt",".htt","File","旧版・バックアップ候補",,"ファイル名・拡張子・配置のみ","メタ情報候補","個別承認後に評価"
"C:\fchart\fpac\F00","F00","","File","時系列関連候補",,"ファイル名・拡張子・配置のみ","メタ情報候補","個別承認後に評価"
"C:\fchart\fpac\F01","F01","","File","時系列関連候補",,"ファイル名・拡張子・配置のみ","メタ情報候補","個別承認後に評価"
"C:\fchart\fpac\F02","F02","","File","時系列関連候補",,"ファイル名・拡張子・配置のみ","メタ情報候補","個別承認後に評価"
"C:\fchart\fpac\F03","F03","","File","時系列関連候補",,"ファイル名・拡張子・配置のみ","メタ情報候補","個別承認後に評価"
"C:\fchart\fpac\F04","F04","","File","時系列関連候補",,"ファイル名・拡張子・配置のみ","メタ情報候補","個別承認後に評価"
"C:\fchart\fpac\F05","F05","","File","時系列関連候補",,"ファイル名・拡張子・配置のみ","メタ情報候補","個別承認後に評価"
"C:\fchart\fpac\F06","F06","","File","時系列関連候補",,"ファイル名・拡張子・配置のみ","メタ情報候補","個別承認後に評価"
"C:\fchart\fpac\F07","F07","","File","時系列関連候補",,"ファイル名・拡張子・配置のみ","メタ情報候補","個別承認後に評価"
"C:\fchart\fpac\F08","F08","","File","時系列関連候補",,"ファイル名・拡張子・配置のみ","メタ情報候補","個別承認後に評価"
"C:\fchart\fpac\F09","F09","","File","時系列関連候補",,"ファイル名・拡張子・配置のみ","メタ情報候補","個別承認後に評価"
"C:\fchart\fpac\F10","F10","","File","時系列関連候補",,"ファイル名・拡張子・配置のみ","メタ情報候補","個別承認後に評価"
"C:\fchart\fpac\F11","F11","","File","時系列関連候補",,"ファイル名・拡張子・配置のみ","メタ情報候補","個別承認後に評価"
"C:\fchart\fpac\F12","F12","","File","時系列関連候補",,"ファイル名・拡張子・配置のみ","メタ情報候補","個別承認後に評価"
"C:\fchart\fpac\F13","F13","","File","時系列関連候補",,"ファイル名・拡張子・配置のみ","メタ情報候補","個別承認後に評価"
"C:\fchart\fpac\F14","F14","","File","時系列関連候補",,"ファイル名・拡張子・配置のみ","メタ情報候補","個別承認後に評価"
"C:\fchart\fpac\F15","F15","","File","時系列関連候補",,"ファイル名・拡張子・配置のみ","メタ情報候補","個別承認後に評価"
"C:\fchart\fpac\F16","F16","","File","時系列関連候補",,"ファイル名・拡張子・配置のみ","メタ情報候補","個別承認後に評価"
"C:\fchart\fpac\F17","F17","","File","時系列関連候補",,"ファイル名・拡張子・配置のみ","メタ情報候補","個別承認後に評価"
"C:\fchart\fpac\F18","F18","","File","時系列関連候補",,"ファイル名・拡張子・配置のみ","メタ情報候補","個別承認後に評価"
"C:\fchart\fpac\F19","F19","","File","時系列関連候補",,"ファイル名・拡張子・配置のみ","メタ情報候補","個別承認後に評価"
"C:\fchart\fpac\F20","F20","","File","時系列関連候補",,"ファイル名・拡張子・配置のみ","メタ情報候補","個別承認後に評価"
"C:\fchart\fpac\F21","F21","","File","時系列関連候補",,"ファイル名・拡張子・配置のみ","メタ情報候補","個別承認後に評価"
"C:\fchart\fpac\F22","F22","","File","時系列関連候補",,"ファイル名・拡張子・配置のみ","メタ情報候補","個別承認後に評価"
"C:\fchart\fpac\F23","F23","","File","時系列関連候補",,"ファイル名・拡張子・配置のみ","メタ情報候補","個別承認後に評価"
"C:\fchart\fpac\F24","F24","","File","時系列関連候補",,"ファイル名・拡張子・配置のみ","メタ情報候補","個別承認後に評価"
"C:\fchart\fpac\F25","F25","","File","時系列関連候補",,"ファイル名・拡張子・配置のみ","メタ情報候補","個別承認後に評価"
"C:\fchart\fpac\F26","F26","","File","時系列関連候補",,"ファイル名・拡張子・配置のみ","メタ情報候補","個別承認後に評価"
"C:\fchart\fpac\F27","F27","","File","時系列関連候補",,"ファイル名・拡張子・配置のみ","メタ情報候補","個別承認後に評価"
"C:\fchart\fpac\F28","F28","","File","時系列関連候補",,"ファイル名・拡張子・配置のみ","メタ情報候補","個別承認後に評価"
"C:\fchart\fpac\F29","F29","","File","時系列関連候補",,"ファイル名・拡張子・配置のみ","メタ情報候補","個別承認後に評価"
"C:\fchart\fpac\F30","F30","","File","時系列関連候補",,"ファイル名・拡張子・配置のみ","メタ情報候補","個別承認後に評価"
"C:\fchart\fpac\F31","F31","","File","時系列関連候補",,"ファイル名・拡張子・配置のみ","メタ情報候補","個別承認後に評価"
"C:\fchart\fpac\F32","F32","","File","時系列関連候補",,"ファイル名・拡張子・配置のみ","メタ情報候補","個別承認後に評価"
"C:\fchart\fpac\F33","F33","","File","時系列関連候補",,"ファイル名・拡張子・配置のみ","メタ情報候補","個別承認後に評価"
"C:\fchart\fpac\F34","F34","","File","時系列関連候補",,"ファイル名・拡張子・配置のみ","メタ情報候補","個別承認後に評価"
"C:\fchart\fpac\F35","F35","","File","時系列関連候補",,"ファイル名・拡張子・配置のみ","メタ情報候補","個別承認後に評価"
"C:\fchart\fpac\F36","F36","","File","時系列関連候補",,"ファイル名・拡張子・配置のみ","メタ情報候補","個別承認後に評価"
"C:\fchart\fpac\F37","F37","","File","時系列関連候補",,"ファイル名・拡張子・配置のみ","メタ情報候補","個別承認後に評価"
"C:\fchart\fpac\F38","F38","","File","時系列関連候補",,"ファイル名・拡張子・配置のみ","メタ情報候補","個別承認後に評価"
"C:\fchart\fpac\F39","F39","","File","時系列関連候補",,"ファイル名・拡張子・配置のみ","メタ情報候補","個別承認後に評価"
"C:\fchart\fpac\F40","F40","","File","時系列関連候補",,"ファイル名・拡張子・配置のみ","メタ情報候補","個別承認後に評価"
"C:\fchart\fpac\F41","F41","","File","時系列関連候補",,"ファイル名・拡張子・配置のみ","メタ情報候補","個別承認後に評価"
"C:\fchart\fpac\F42","F42","","File","時系列関連候補",,"ファイル名・拡張子・配置のみ","メタ情報候補","個別承認後に評価"
"C:\fchart\fpac\F43","F43","","File","時系列関連候補",,"ファイル名・拡張子・配置のみ","メタ情報候補","個別承認後に評価"
"C:\fchart\fpac\F44","F44","","File","時系列関連候補",,"ファイル名・拡張子・配置のみ","メタ情報候補","個別承認後に評価"
"C:\fchart\fpac\F45","F45","","File","時系列関連候補",,"ファイル名・拡張子・配置のみ","メタ情報候補","個別承認後に評価"
"C:\fchart\fpac\F46","F46","","File","時系列関連候補",,"ファイル名・拡張子・配置のみ","メタ情報候補","個別承認後に評価"
"C:\fchart\fpac\F47","F47","","File","時系列関連候補",,"ファイル名・拡張子・配置のみ","メタ情報候補","個別承認後に評価"
"C:\fchart\fpac\F48","F48","","File","時系列関連候補",,"ファイル名・拡張子・配置のみ","メタ情報候補","個別承認後に評価"
"C:\fchart\fpac\F49","F49","","File","時系列関連候補",,"ファイル名・拡張子・配置のみ","メタ情報候補","個別承認後に評価"
"C:\fchart\fpac\F50","F50","","File","時系列関連候補",,"ファイル名・拡張子・配置のみ","メタ情報候補","個別承認後に評価"
"C:\fchart\fpac\F51","F51","","File","時系列関連候補",,"ファイル名・拡張子・配置のみ","メタ情報候補","個別承認後に評価"
"C:\fchart\fpac\F52","F52","","File","時系列関連候補",,"ファイル名・拡張子・配置のみ","メタ情報候補","個別承認後に評価"
"C:\fchart\fpac\F53","F53","","File","時系列関連候補",,"ファイル名・拡張子・配置のみ","メタ情報候補","個別承認後に評価"
"C:\fchart\fpac\F54","F54","","File","時系列関連候補",,"ファイル名・拡張子・配置のみ","メタ情報候補","個別承認後に評価"
"C:\fchart\fpac\F55","F55","","File","時系列関連候補",,"ファイル名・拡張子・配置のみ","メタ情報候補","個別承認後に評価"
"C:\fchart\fpac\F56","F56","","File","時系列関連候補",,"ファイル名・拡張子・配置のみ","メタ情報候補","個別承認後に評価"
"C:\fchart\fpac\F57","F57","","File","時系列関連候補",,"ファイル名・拡張子・配置のみ","メタ情報候補","個別承認後に評価"
"C:\fchart\fpac\F58","F58","","File","時系列関連候補",,"ファイル名・拡張子・配置のみ","メタ情報候補","個別承認後に評価"
"C:\fchart\fpac\F59","F59","","File","時系列関連候補",,"ファイル名・拡張子・配置のみ","メタ情報候補","個別承認後に評価"
"C:\fchart\fpac\F60","F60","","File","時系列関連候補",,"ファイル名・拡張子・配置のみ","メタ情報候補","個別承認後に評価"
"C:\fchart\fpac\F61","F61","","File","時系列関連候補",,"ファイル名・拡張子・配置のみ","メタ情報候補","個別承認後に評価"
"C:\fchart\fpac\F62","F62","","File","時系列関連候補",,"ファイル名・拡張子・配置のみ","メタ情報候補","個別承認後に評価"
"C:\fchart\fpac\F63","F63","","File","時系列関連候補",,"ファイル名・拡張子・配置のみ","メタ情報候補","個別承認後に評価"
"C:\fchart\fpac\F64","F64","","File","時系列関連候補",,"ファイル名・拡張子・配置のみ","メタ情報候補","個別承認後に評価"
"C:\fchart\fpac\F65","F65","","File","時系列関連候補",,"ファイル名・拡張子・配置のみ","メタ情報候補","個別承認後に評価"
"C:\fchart\fpac\F66","F66","","File","時系列関連候補",,"ファイル名・拡張子・配置のみ","メタ情報候補","個別承認後に評価"
"C:\fchart\fpac\F67","F67","","File","時系列関連候補",,"ファイル名・拡張子・配置のみ","メタ情報候補","個別承認後に評価"
"C:\fchart\fpac\F68","F68","","File","時系列関連候補",,"ファイル名・拡張子・配置のみ","メタ情報候補","個別承認後に評価"
"C:\fchart\fpac\F69","F69","","File","時系列関連候補",,"ファイル名・拡張子・配置のみ","メタ情報候補","個別承認後に評価"
"C:\fchart\fpac\F70","F70","","File","時系列関連候補",,"ファイル名・拡張子・配置のみ","メタ情報候補","個別承認後に評価"
"C:\fchart\fpac\F71","F71","","File","時系列関連候補",,"ファイル名・拡張子・配置のみ","メタ情報候補","個別承認後に評価"
"C:\fchart\fpac\F72","F72","","File","時系列関連候補",,"ファイル名・拡張子・配置のみ","メタ情報候補","個別承認後に評価"
"C:\fchart\fpac\F73","F73","","File","時系列関連候補",,"ファイル名・拡張子・配置のみ","メタ情報候補","個別承認後に評価"
"C:\fchart\fpac\F74","F74","","File","時系列関連候補",,"ファイル名・拡張子・配置のみ","メタ情報候補","個別承認後に評価"
"C:\fchart\fpac\F75","F75","","File","時系列関連候補",,"ファイル名・拡張子・配置のみ","メタ情報候補","個別承認後に評価"
"C:\fchart\fpac\F76","F76","","File","時系列関連候補",,"ファイル名・拡張子・配置のみ","メタ情報候補","個別承認後に評価"
"C:\fchart\fpac\F77","F77","","File","時系列関連候補",,"ファイル名・拡張子・配置のみ","メタ情報候補","個別承認後に評価"
"C:\fchart\fpac\F78","F78","","File","時系列関連候補",,"ファイル名・拡張子・配置のみ","メタ情報候補","個別承認後に評価"
"C:\fchart\fpac\F79","F79","","File","時系列関連候補",,"ファイル名・拡張子・配置のみ","メタ情報候補","個別承認後に評価"
"C:\fchart\fpac\F80","F80","","File","時系列関連候補",,"ファイル名・拡張子・配置のみ","メタ情報候補","個別承認後に評価"
"C:\fchart\fpac\F81","F81","","File","時系列関連候補",,"ファイル名・拡張子・配置のみ","メタ情報候補","個別承認後に評価"
"C:\fchart\fpac\F82","F82","","File","時系列関連候補",,"ファイル名・拡張子・配置のみ","メタ情報候補","個別承認後に評価"
"C:\fchart\fpac\F83","F83","","File","時系列関連候補",,"ファイル名・拡張子・配置のみ","メタ情報候補","個別承認後に評価"
"C:\fchart\fpac\F84","F84","","File","時系列関連候補",,"ファイル名・拡張子・配置のみ","メタ情報候補","個別承認後に評価"
"C:\fchart\fpac\F85","F85","","File","時系列関連候補",,"ファイル名・拡張子・配置のみ","メタ情報候補","個別承認後に評価"
"C:\fchart\fpac\F86","F86","","File","時系列関連候補",,"ファイル名・拡張子・配置のみ","メタ情報候補","個別承認後に評価"
"C:\fchart\fpac\F87","F87","","File","時系列関連候補",,"ファイル名・拡張子・配置のみ","メタ情報候補","個別承認後に評価"
"C:\fchart\fpac\F88","F88","","File","時系列関連候補",,"ファイル名・拡張子・配置のみ","メタ情報候補","個別承認後に評価"
"C:\fchart\fpac\F89","F89","","File","時系列関連候補",,"ファイル名・拡張子・配置のみ","メタ情報候補","個別承認後に評価"
"C:\fchart\gyoseki\kigyo.dat","kigyo.dat",".dat","File","企業業績・財務関連候補",,"ファイル名・拡張子・配置のみ","メタ情報候補","個別承認後に評価"
"C:\fchart\gyoseki\kigyo2.dat","kigyo2.dat",".dat","File","企業業績・財務関連候補",,"ファイル名・拡張子・配置のみ","メタ情報候補","個別承認後に評価"
"C:\fchart\gyoseki\kigyo3.dat","kigyo3.dat",".dat","File","企業業績・財務関連候補",,"ファイル名・拡張子・配置のみ","メタ情報候補","個別承認後に評価"
"C:\fchart\gyoseki\Zaimu.dat","Zaimu.dat",".dat","File","企業業績・財務関連候補",,"ファイル名・拡張子・配置のみ","メタ情報候補","個別承認後に評価"
"C:\fchart\option\ChgList.txt","ChgList.txt",".txt","File","設定・定義候補",,"ファイル名・拡張子・配置のみ","メタ情報候補","個別承認後に評価"
"C:\fchart\option\CPACERR.LST","CPACERR.LST",".LST","File","設定・定義候補",,"ファイル名・拡張子・配置のみ","メタ情報候補","個別承認後に評価"
"C:\fchart\option\DPACERR.LST","DPACERR.LST",".LST","File","設定・定義候補",,"ファイル名・拡張子・配置のみ","メタ情報候補","個別承認後に評価"
"C:\fchart\option\FPACERR.LST","FPACERR.LST",".LST","File","時系列関連候補",,"ファイル名・拡張子・配置のみ","メタ情報候補","個別承認後に評価"
"C:\fchart\option\HYOKA.TXT","HYOKA.TXT",".TXT","File","設定・定義候補",,"ファイル名・拡張子・配置のみ","メタ情報候補","個別承認後に評価"
"C:\fchart\option\MEIGARA.TXT","MEIGARA.TXT",".TXT","File","設定・定義候補",,"ファイル名・拡張子・配置のみ","メタ情報候補","個別承認後に評価"
"C:\fchart\option\NEWCODE.LOG","NEWCODE.LOG",".LOG","File","銘柄マスター・コード候補",,"ファイル名・拡張子・配置のみ","メタ情報候補","個別承認後に評価"
"C:\fchart\option\RANK.INI","RANK.INI",".INI","File","設定・定義候補",,"ファイル名・拡張子・配置のみ","メタ情報候補","個別承認後に評価"
"C:\fchart\option\RIREKI.TXT","RIREKI.TXT",".TXT","File","設定・定義候補",,"ファイル名・拡張子・配置のみ","メタ情報候補","個別承認後に評価"
"C:\fchart\option\Sihyo.txt","Sihyo.txt",".txt","File","設定・定義候補",,"ファイル名・拡張子・配置のみ","メタ情報候補","個別承認後に評価"
"C:\fchart\option\SIM.TXT","SIM.TXT",".TXT","File","設定・定義候補",,"ファイル名・拡張子・配置のみ","メタ情報候補","個別承認後に評価"
"C:\fchart\option\裁定残.txt","裁定残.txt",".txt","File","設定・定義候補",,"ファイル名・拡張子・配置のみ","メタ情報候補","個別承認後に評価"
"C:\fchart\pass\配布データ.txt","配布データ.txt",".txt","File","設定・定義候補",,"ファイル名・拡張子・配置のみ","メタ情報候補","個別承認後に評価"
"C:\fchart\shohin\2008-07.csv","2008-07.csv",".csv","File","設定・定義候補",,"ファイル名・拡張子・配置のみ","メタ情報候補","個別承認後に評価"
"C:\fchart\shohin\5010000東京大豆.csv","5010000東京大豆.csv",".csv","File","設定・定義候補",,"ファイル名・拡張子・配置のみ","メタ情報候補","個別承認後に評価"
"C:\fchart\shohin\5120000東京小豆.csv","5120000東京小豆.csv",".csv","File","設定・定義候補",,"ファイル名・拡張子・配置のみ","メタ情報候補","個別承認後に評価"
"C:\fchart\shohin\5210000東京粗糖.csv","5210000東京粗糖.csv",".csv","File","設定・定義候補",,"ファイル名・拡張子・配置のみ","メタ情報候補","個別承認後に評価"
"C:\fchart\shohin\5330000東京綿糸.csv","5330000東京綿糸.csv",".csv","File","設定・定義候補",,"ファイル名・拡張子・配置のみ","メタ情報候補","個別承認後に評価"
"C:\fchart\shohin\5410000前橋乾繭.csv","5410000前橋乾繭.csv",".csv","File","設定・定義候補",,"ファイル名・拡張子・配置のみ","メタ情報候補","個別承認後に評価"
"C:\fchart\shohin\5430000横浜生糸.csv","5430000横浜生糸.csv",".csv","File","設定・定義候補",,"ファイル名・拡張子・配置のみ","メタ情報候補","個別承認後に評価"
"C:\fchart\shohin\5710000東京ゴム.csv","5710000東京ゴム.csv",".csv","File","設定・定義候補",,"ファイル名・拡張子・配置のみ","メタ情報候補","個別承認後に評価"
"C:\fchart\shohin\5730000神戸ゴム指数.csv","5730000神戸ゴム指数.csv",".csv","File","設定・定義候補",,"ファイル名・拡張子・配置のみ","メタ情報候補","個別承認後に評価"
"C:\fchart\shohin\5810000東京金.csv","5810000東京金.csv",".csv","File","設定・定義候補",,"ファイル名・拡張子・配置のみ","メタ情報候補","個別承認後に評価"
"C:\fchart\shohin\5820000東京銀.csv","5820000東京銀.csv",".csv","File","設定・定義候補",,"ファイル名・拡張子・配置のみ","メタ情報候補","個別承認後に評価"
"C:\fchart\shohin\5830000東京白金.csv","5830000東京白金.csv",".csv","File","設定・定義候補",,"ファイル名・拡張子・配置のみ","メタ情報候補","個別承認後に評価"
"C:\fchart\shohin\5850000東京ｱﾙﾐﾆｳﾑ.csv","5850000東京ｱﾙﾐﾆｳﾑ.csv",".csv","File","設定・定義候補",,"ファイル名・拡張子・配置のみ","メタ情報候補","個別承認後に評価"
"C:\fchart\shohin\6050000東京コーン.csv","6050000東京コーン.csv",".csv","File","設定・定義候補",,"ファイル名・拡張子・配置のみ","メタ情報候補","個別承認後に評価"
"C:\fchart\shohin\6120000東京パラジウム.csv","6120000東京パラジウム.csv",".csv","File","設定・定義候補",,"ファイル名・拡張子・配置のみ","メタ情報候補","個別承認後に評価"
"C:\fchart\shohin\D010903J.csv","D010903J.csv",".csv","File","設定・定義候補",,"ファイル名・拡張子・配置のみ","メタ情報候補","個別承認後に評価"
"C:\fchart\shohin\D991116J.csv","D991116J.csv",".csv","File","設定・定義候補",,"ファイル名・拡張子・配置のみ","メタ情報候補","個別承認後に評価"
"C:\fchart\shohin\desktop.ini","desktop.ini",".ini","File","設定・定義候補",,"ファイル名・拡張子・配置のみ","メタ情報候補","個別承認後に評価"
"C:\fchart\shohin\folder.png","folder.png",".png","File","旧版・バックアップ候補",,"ファイル名・拡張子・配置のみ","メタ情報候補","個別承認後に評価"
"C:\fchart\shohin\FUGO.CFG","FUGO.CFG",".CFG","File","設定・定義候補",,"ファイル名・拡張子・配置のみ","メタ情報候補","個別承認後に評価"
"C:\fchart\shohin\install.txt","install.txt",".txt","File","設定・定義候補",,"ファイル名・拡張子・配置のみ","メタ情報候補","個別承認後に評価"
"C:\fchart\shohin\OOSAKA.CFG","OOSAKA.CFG",".CFG","File","設定・定義候補",,"ファイル名・拡張子・配置のみ","メタ情報候補","個別承認後に評価"
"C:\fchart\shohin\PAN.CFG","PAN.CFG",".CFG","File","設定・定義候補",,"ファイル名・拡張子・配置のみ","メタ情報候補","個別承認後に評価"
"C:\fchart\shohin\ReadMe.txt","ReadMe.txt",".txt","File","設定・定義候補",,"ファイル名・拡張子・配置のみ","メタ情報候補","個別承認後に評価"
"C:\fchart\shohin\RITC.CFG","RITC.CFG",".CFG","File","設定・定義候補",,"ファイル名・拡張子・配置のみ","メタ情報候補","個別承認後に評価"
"C:\fchart\shohin\SETUP.INI","SETUP.INI",".INI","File","設定・定義候補",,"ファイル名・拡張子・配置のみ","メタ情報候補","個別承認後に評価"
"C:\fchart\shohin\SHOHIN.CFG","SHOHIN.CFG",".CFG","File","設定・定義候補",,"ファイル名・拡張子・配置のみ","メタ情報候補","個別承認後に評価"
"C:\fchart\shohin\SHOHIN.INI","SHOHIN.INI",".INI","File","設定・定義候補",,"ファイル名・拡張子・配置のみ","メタ情報候補","個別承認後に評価"
"C:\fchart\shohin\SHOHIN.LST","SHOHIN.LST",".LST","File","設定・定義候補",,"ファイル名・拡張子・配置のみ","メタ情報候補","個別承認後に評価"
"C:\fchart\shohin\日付チェック.txt","日付チェック.txt",".txt","File","設定・定義候補",,"ファイル名・拡張子・配置のみ","メタ情報候補","個別承認後に評価"
"C:\fchart\sinyo\sinyo6480.txt","sinyo6480.txt",".txt","File","設定・定義候補",,"ファイル名・拡張子・配置のみ","メタ情報候補","個別承認後に評価"
"C:\fchart\sinyo\sinyo6506.txt","sinyo6506.txt",".txt","File","設定・定義候補",,"ファイル名・拡張子・配置のみ","メタ情報候補","個別承認後に評価"
"C:\fchart\sinyo\sinyo6532.txt","sinyo6532.txt",".txt","File","設定・定義候補",,"ファイル名・拡張子・配置のみ","メタ情報候補","個別承認後に評価"
"C:\fchart\sinyo\sinyo7337.txt","sinyo7337.txt",".txt","File","設定・定義候補",,"ファイル名・拡張子・配置のみ","メタ情報候補","個別承認後に評価"
"C:\fchart\taisei\D011030J.csv","D011030J.csv",".csv","File","設定・定義候補",,"ファイル名・拡張子・配置のみ","メタ情報候補","個別承認後に評価"
"C:\fchart\taisei\D020924J.csv","D020924J.csv",".csv","File","設定・定義候補",,"ファイル名・拡張子・配置のみ","メタ情報候補","個別承認後に評価"
"C:\fchart\textdata\$~円ﾕｰﾛ.csv","$~円ﾕｰﾛ.csv",".csv","File","設定・定義候補",,"ファイル名・拡張子・配置のみ","メタ情報候補","個別承認後に評価"
"C:\fchart\textdata\1001.TXT","1001.TXT",".TXT","File","設定・定義候補",,"ファイル名・拡張子・配置のみ","メタ情報候補","個別承認後に評価"
"C:\fchart\textdata\1010.TXT","1010.TXT",".TXT","File","設定・定義候補",,"ファイル名・拡張子・配置のみ","メタ情報候補","個別承認後に評価"
"C:\fchart\textdata\1309上50.csv","1309上50.csv",".csv","File","設定・定義候補",,"ファイル名・拡張子・配置のみ","メタ情報候補","個別承認後に評価"
"C:\fchart\textdata\1328金.csv","1328金.csv",".csv","File","設定・定義候補",,"ファイル名・拡張子・配置のみ","メタ情報候補","個別承認後に評価"
"C:\fchart\textdata\1671WTI.csv","1671WTI.csv",".csv","File","設定・定義候補",,"ファイル名・拡張子・配置のみ","メタ情報候補","個別承認後に評価"
"C:\fchart\textdata\3倍3分法.csv","3倍3分法.csv",".csv","File","設定・定義候補",,"ファイル名・拡張子・配置のみ","メタ情報候補","個別承認後に評価"
"C:\fchart\textdata\4680.csv","4680.csv",".csv","File","設定・定義候補",,"ファイル名・拡張子・配置のみ","メタ情報候補","個別承認後に評価"
"C:\fchart\textdata\9437.csv","9437.csv",".csv","File","設定・定義候補",,"ファイル名・拡張子・配置のみ","メタ情報候補","個別承認後に評価"
"C:\fchart\textdata\AUD_JPY.csv","AUD_JPY.csv",".csv","File","設定・定義候補",,"ファイル名・拡張子・配置のみ","メタ情報候補","個別承認後に評価"
"C:\fchart\textdata\AUD_USD.csv","AUD_USD.csv",".csv","File","設定・定義候補",,"ファイル名・拡張子・配置のみ","メタ情報候補","個別承認後に評価"
"C:\fchart\textdata\A建設.csv","A建設.csv",".csv","File","設定・定義候補",,"ファイル名・拡張子・配置のみ","メタ情報候補","個別承認後に評価"
"C:\fchart\textdata\CAD_JPY.csv","CAD_JPY.csv",".csv","File","設定・定義候補",,"ファイル名・拡張子・配置のみ","メタ情報候補","個別承認後に評価"
"C:\fchart\textdata\CHF_JPY.csv","CHF_JPY.csv",".csv","File","設定・定義候補",,"ファイル名・拡張子・配置のみ","メタ情報候補","個別承認後に評価"
"C:\fchart\textdata\CME先物.csv","CME先物.csv",".csv","File","設定・定義候補",,"ファイル名・拡張子・配置のみ","メタ情報候補","個別承認後に評価"
"C:\fchart\textdata\CNY_JPY.csv","CNY_JPY.csv",".csv","File","設定・定義候補",,"ファイル名・拡張子・配置のみ","メタ情報候補","個別承認後に評価"
"C:\fchart\textdata\DAX.csv","DAX.csv",".csv","File","設定・定義候補",,"ファイル名・拡張子・配置のみ","メタ情報候補","個別承認後に評価"
"C:\fchart\textdata\DOW100Y.TXT","DOW100Y.TXT",".TXT","File","設定・定義候補",,"ファイル名・拡張子・配置のみ","メタ情報候補","個別承認後に評価"
"C:\fchart\textdata\EUR_AUD.csv","EUR_AUD.csv",".csv","File","設定・定義候補",,"ファイル名・拡張子・配置のみ","メタ情報候補","個別承認後に評価"
"C:\fchart\textdata\EUR_CHF.csv","EUR_CHF.csv",".csv","File","設定・定義候補",,"ファイル名・拡張子・配置のみ","メタ情報候補","個別承認後に評価"
"C:\fchart\textdata\EUR_GBP.csv","EUR_GBP.csv",".csv","File","設定・定義候補",,"ファイル名・拡張子・配置のみ","メタ情報候補","個別承認後に評価"
"C:\fchart\textdata\EUR_JPY.csv","EUR_JPY.csv",".csv","File","設定・定義候補",,"ファイル名・拡張子・配置のみ","メタ情報候補","個別承認後に評価"
"C:\fchart\textdata\EUR_USD.csv","EUR_USD.csv",".csv","File","設定・定義候補",,"ファイル名・拡張子・配置のみ","メタ情報候補","個別承認後に評価"
"C:\fchart\textdata\fct_temp.csv","fct_temp.csv",".csv","File","設定・定義候補",,"ファイル名・拡張子・配置のみ","メタ情報候補","個別承認後に評価"
"C:\fchart\textdata\FT100.csv","FT100.csv",".csv","File","設定・定義候補",,"ファイル名・拡張子・配置のみ","メタ情報候補","個別承認後に評価"
"C:\fchart\textdata\GBP_AUD.csv","GBP_AUD.csv",".csv","File","設定・定義候補",,"ファイル名・拡張子・配置のみ","メタ情報候補","個別承認後に評価"
"C:\fchart\textdata\GBP_CHF.csv","GBP_CHF.csv",".csv","File","設定・定義候補",,"ファイル名・拡張子・配置のみ","メタ情報候補","個別承認後に評価"
"C:\fchart\textdata\GBP_JPY.csv","GBP_JPY.csv",".csv","File","設定・定義候補",,"ファイル名・拡張子・配置のみ","メタ情報候補","個別承認後に評価"
"C:\fchart\textdata\GBP_USD.csv","GBP_USD.csv",".csv","File","設定・定義候補",,"ファイル名・拡張子・配置のみ","メタ情報候補","個別承認後に評価"
"C:\fchart\textdata\HKD_JPY.csv","HKD_JPY.csv",".csv","File","設定・定義候補",,"ファイル名・拡張子・配置のみ","メタ情報候補","個別承認後に評価"
"C:\fchart\textdata\INR_JPY.csv","INR_JPY.csv",".csv","File","設定・定義候補",,"ファイル名・拡張子・配置のみ","メタ情報候補","個別承認後に評価"
"C:\fchart\textdata\JASDAQ平均.csv","JASDAQ平均.csv",".csv","File","設定・定義候補",,"ファイル名・拡張子・配置のみ","メタ情報候補","個別承認後に評価"
"C:\fchart\textdata\Jasdaq指.csv","Jasdaq指.csv",".csv","File","設定・定義候補",,"ファイル名・拡張子・配置のみ","メタ情報候補","個別承認後に評価"
"C:\fchart\textdata\KRW_JPY.csv","KRW_JPY.csv",".csv","File","設定・定義候補",,"ファイル名・拡張子・配置のみ","メタ情報候補","個別承認後に評価"
"C:\fchart\textdata\MXN_JPY.csv","MXN_JPY.csv",".csv","File","設定・定義候補",,"ファイル名・拡張子・配置のみ","メタ情報候補","個別承認後に評価"
"C:\fchart\textdata\NASDAQ.csv","NASDAQ.csv",".csv","File","設定・定義候補",,"ファイル名・拡張子・配置のみ","メタ情報候補","個別承認後に評価"
"C:\fchart\textdata\nikkei.csv","nikkei.csv",".csv","File","設定・定義候補",,"ファイル名・拡張子・配置のみ","メタ情報候補","個別承認後に評価"
"C:\fchart\textdata\nikkei50.csv","nikkei50.csv",".csv","File","設定・定義候補",,"ファイル名・拡張子・配置のみ","メタ情報候補","個別承認後に評価"
"C:\fchart\textdata\NKF5M.csv","NKF5M.csv",".csv","File","設定・定義候補",,"ファイル名・拡張子・配置のみ","メタ情報候補","個別承認後に評価"
"C:\fchart\textdata\NKS1-1M.csv","NKS1-1M.csv",".csv","File","設定・定義候補",,"ファイル名・拡張子・配置のみ","メタ情報候補","個別承認後に評価"
"C:\fchart\textdata\NKS1-2M.csv","NKS1-2M.csv",".csv","File","設定・定義候補",,"ファイル名・拡張子・配置のみ","メタ情報候補","個別承認後に評価"
"C:\fchart\textdata\NKS1-3M.csv","NKS1-3M.csv",".csv","File","設定・定義候補",,"ファイル名・拡張子・配置のみ","メタ情報候補","個別承認後に評価"
"C:\fchart\textdata\NKS1-4M.csv","NKS1-4M.csv",".csv","File","設定・定義候補",,"ファイル名・拡張子・配置のみ","メタ情報候補","個別承認後に評価"
"C:\fchart\textdata\NKS10M.csv","NKS10M.csv",".csv","File","設定・定義候補",,"ファイル名・拡張子・配置のみ","メタ情報候補","個別承認後に評価"
"C:\fchart\textdata\NKS15M.csv","NKS15M.csv",".csv","File","設定・定義候補",,"ファイル名・拡張子・配置のみ","メタ情報候補","個別承認後に評価"
"C:\fchart\textdata\NKS1M.csv","NKS1M.csv",".csv","File","設定・定義候補",,"ファイル名・拡張子・配置のみ","メタ情報候補","個別承認後に評価"
"C:\fchart\textdata\NKS20M.csv","NKS20M.csv",".csv","File","設定・定義候補",,"ファイル名・拡張子・配置のみ","メタ情報候補","個別承認後に評価"
"C:\fchart\textdata\NKS3-1M.csv","NKS3-1M.csv",".csv","File","設定・定義候補",,"ファイル名・拡張子・配置のみ","メタ情報候補","個別承認後に評価"
"C:\fchart\textdata\NKS3-2M.csv","NKS3-2M.csv",".csv","File","設定・定義候補",,"ファイル名・拡張子・配置のみ","メタ情報候補","個別承認後に評価"
"C:\fchart\textdata\NKS30M.csv","NKS30M.csv",".csv","File","設定・定義候補",,"ファイル名・拡張子・配置のみ","メタ情報候補","個別承認後に評価"
"C:\fchart\textdata\NKS30Mm.csv","NKS30Mm.csv",".csv","File","設定・定義候補",,"ファイル名・拡張子・配置のみ","メタ情報候補","個別承認後に評価"
"C:\fchart\textdata\NKS3M.csv","NKS3M.csv",".csv","File","設定・定義候補",,"ファイル名・拡張子・配置のみ","メタ情報候補","個別承認後に評価"
"C:\fchart\textdata\NKS5M.csv","NKS5M.csv",".csv","File","設定・定義候補",,"ファイル名・拡張子・配置のみ","メタ情報候補","個別承認後に評価"
"C:\fchart\textdata\NKS60M.csv","NKS60M.csv",".csv","File","設定・定義候補",,"ファイル名・拡張子・配置のみ","メタ情報候補","個別承認後に評価"
"C:\fchart\textdata\NOK_JPY.csv","NOK_JPY.csv",".csv","File","設定・定義候補",,"ファイル名・拡張子・配置のみ","メタ情報候補","個別承認後に評価"
"C:\fchart\textdata\Nydow100.csv","Nydow100.csv",".csv","File","設定・定義候補",,"ファイル名・拡張子・配置のみ","メタ情報候補","個別承認後に評価"
"C:\fchart\textdata\NYコーヒ.CSV","NYコーヒ.CSV",".CSV","File","設定・定義候補",,"ファイル名・拡張子・配置のみ","メタ情報候補","個別承認後に評価"
"C:\fchart\textdata\NY原油.csv","NY原油.csv",".csv","File","設定・定義候補",,"ファイル名・拡張子・配置のみ","メタ情報候補","個別承認後に評価"
"C:\fchart\textdata\NZD_JPY.csv","NZD_JPY.csv",".csv","File","設定・定義候補",,"ファイル名・拡張子・配置のみ","メタ情報候補","個別承認後に評価"
"C:\fchart\textdata\NZD_USD.csv","NZD_USD.csv",".csv","File","設定・定義候補",,"ファイル名・拡張子・配置のみ","メタ情報候補","個別承認後に評価"
"C:\fchart\textdata\PLN_JPY.csv","PLN_JPY.csv",".csv","File","設定・定義候補",,"ファイル名・拡張子・配置のみ","メタ情報候補","個別承認後に評価"
"C:\fchart\textdata\Reat指数.csv","Reat指数.csv",".csv","File","設定・定義候補",,"ファイル名・拡張子・配置のみ","メタ情報候補","個別承認後に評価"
"C:\fchart\textdata\Reit指数.csv","Reit指数.csv",".csv","File","設定・定義候補",,"ファイル名・拡張子・配置のみ","メタ情報候補","個別承認後に評価"
"C:\fchart\textdata\SB5分足.csv","SB5分足.csv",".csv","File","設定・定義候補",,"ファイル名・拡張子・配置のみ","メタ情報候補","個別承認後に評価"
"C:\fchart\textdata\SEK_JPY.csv","SEK_JPY.csv",".csv","File","設定・定義候補",,"ファイル名・拡張子・配置のみ","メタ情報候補","個別承認後に評価"
"C:\fchart\textdata\SIMEX先.csv","SIMEX先.csv",".csv","File","設定・定義候補",,"ファイル名・拡張子・配置のみ","メタ情報候補","個別承認後に評価"
"C:\fchart\textdata\SPY.csv","SPY.csv",".csv","File","設定・定義候補",,"ファイル名・拡張子・配置のみ","メタ情報候補","個別承認後に評価"
"C:\fchart\textdata\S_P500.csv","S_P500.csv",".csv","File","設定・定義候補",,"ファイル名・拡張子・配置のみ","メタ情報候補","個別承認後に評価"
"C:\fchart\textdata\temp.txt","temp.txt",".txt","File","設定・定義候補",,"ファイル名・拡張子・配置のみ","メタ情報候補","個別承認後に評価"
"C:\fchart\textdata\text10.lst","text10.lst",".lst","File","設定・定義候補",,"ファイル名・拡張子・配置のみ","メタ情報候補","個別承認後に評価"
"C:\fchart\textdata\TRY_JPY.csv","TRY_JPY.csv",".csv","File","設定・定義候補",,"ファイル名・拡張子・配置のみ","メタ情報候補","個別承認後に評価"
"C:\fchart\textdata\USD_CAD.csv","USD_CAD.csv",".csv","File","設定・定義候補",,"ファイル名・拡張子・配置のみ","メタ情報候補","個別承認後に評価"
"C:\fchart\textdata\USD_CHF.csv","USD_CHF.csv",".csv","File","設定・定義候補",,"ファイル名・拡張子・配置のみ","メタ情報候補","個別承認後に評価"
"C:\fchart\textdata\USD_JPY.csv","USD_JPY.csv",".csv","File","設定・定義候補",,"ファイル名・拡張子・配置のみ","メタ情報候補","個別承認後に評価"
"C:\fchart\textdata\WTI.csv","WTI.csv",".csv","File","設定・定義候補",,"ファイル名・拡張子・配置のみ","メタ情報候補","個別承認後に評価"
"C:\fchart\textdata\WTI先物.csv","WTI先物.csv",".csv","File","設定・定義候補",,"ファイル名・拡張子・配置のみ","メタ情報候補","個別承認後に評価"
"C:\fchart\textdata\WTI原油.csv","WTI原油.csv",".csv","File","設定・定義候補",,"ファイル名・拡張子・配置のみ","メタ情報候補","個別承認後に評価"
"C:\fchart\textdata\ZAR_JPY.csv","ZAR_JPY.csv",".csv","File","設定・定義候補",,"ファイル名・拡張子・配置のみ","メタ情報候補","個別承認後に評価"
"C:\fchart\textdata\^ssec.csv","^ssec.csv",".csv","File","設定・定義候補",,"ファイル名・拡張子・配置のみ","メタ情報候補","個別承認後に評価"
"C:\fchart\textdata\さわかみ.csv","さわかみ.csv",".csv","File","設定・定義候補",,"ファイル名・拡張子・配置のみ","メタ情報候補","個別承認後に評価"
"C:\fchart\textdata\ガス.csv","ガス.csv",".csv","File","設定・定義候補",,"ファイル名・拡張子・配置のみ","メタ情報候補","個別承認後に評価"
"C:\fchart\textdata\コピー ～ ＮＹガソ.csv","コピー ～ ＮＹガソ.csv",".csv","File","設定・定義候補",,"ファイル名・拡張子・配置のみ","メタ情報候補","個別承認後に評価"
"C:\fchart\textdata\コピー ～ ＮＹ灯油.CSV","コピー ～ ＮＹ灯油.CSV",".CSV","File","設定・定義候補",,"ファイル名・拡張子・配置のみ","メタ情報候補","個別承認後に評価"
"C:\fchart\textdata\ゴム.csv","ゴム.csv",".csv","File","設定・定義候補",,"ファイル名・拡張子・配置のみ","メタ情報候補","個別承認後に評価"
"C:\fchart\textdata\サービス.csv","サービス.csv",".csv","File","設定・定義候補",,"ファイル名・拡張子・配置のみ","メタ情報候補","個別承認後に評価"
"C:\fchart\textdata\ハンセン.CSV","ハンセン.CSV",".CSV","File","設定・定義候補",,"ファイル名・拡張子・配置のみ","メタ情報候補","個別承認後に評価"
"C:\fchart\textdata\パルプ紙.csv","パルプ紙.csv",".csv","File","設定・定義候補",,"ファイル名・拡張子・配置のみ","メタ情報候補","個別承認後に評価"
"C:\fchart\textdata\マザーズ先物.csv","マザーズ先物.csv",".csv","File","設定・定義候補",,"ファイル名・拡張子・配置のみ","メタ情報候補","個別承認後に評価"
"C:\fchart\textdata\マザーズ指数.csv","マザーズ指数.csv",".csv","File","設定・定義候補",,"ファイル名・拡張子・配置のみ","メタ情報候補","個別承認後に評価"
"C:\fchart\textdata\三市場残.csv","三市場残.csv",".csv","File","設定・定義候補",,"ファイル名・拡張子・配置のみ","メタ情報候補","個別承認後に評価"
"C:\fchart\textdata\上場公開.CSV","上場公開.CSV",".CSV","File","設定・定義候補",,"ファイル名・拡張子・配置のみ","メタ情報候補","個別承認後に評価"
"C:\fchart\textdata\上海総合.csv","上海総合.csv",".csv","File","設定・定義候補",,"ファイル名・拡張子・配置のみ","メタ情報候補","個別承認後に評価"
"C:\fchart\textdata\上証50投.csv","上証50投.csv",".csv","File","設定・定義候補",,"ファイル名・拡張子・配置のみ","メタ情報候補","個別承認後に評価"
"C:\fchart\textdata\不動産.csv","不動産.csv",".csv","File","設定・定義候補",,"ファイル名・拡張子・配置のみ","メタ情報候補","個別承認後に評価"
"C:\fchart\textdata\他製造.csv","他製造.csv",".csv","File","設定・定義候補",,"ファイル名・拡張子・配置のみ","メタ情報候補","個別承認後に評価"
"C:\fchart\textdata\他金融.csv","他金融.csv",".csv","File","設定・定義候補",,"ファイル名・拡張子・配置のみ","メタ情報候補","個別承認後に評価"
"C:\fchart\textdata\保険.csv","保険.csv",".csv","File","設定・定義候補",,"ファイル名・拡張子・配置のみ","メタ情報候補","個別承認後に評価"
"C:\fchart\textdata\倉庫.csv","倉庫.csv",".csv","File","設定・定義候補",,"ファイル名・拡張子・配置のみ","メタ情報候補","個別承認後に評価"
"C:\fchart\textdata\値上り.csv","値上り.csv",".csv","File","設定・定義候補",,"ファイル名・拡張子・配置のみ","メタ情報候補","個別承認後に評価"
"C:\fchart\textdata\値上り数.CSV","値上り数.CSV",".CSV","File","設定・定義候補",,"ファイル名・拡張子・配置のみ","メタ情報候補","個別承認後に評価"
"C:\fchart\textdata\値上下.csv","値上下.csv",".csv","File","設定・定義候補",,"ファイル名・拡張子・配置のみ","メタ情報候補","個別承認後に評価"
"C:\fchart\textdata\値下り.csv","値下り.csv",".csv","File","設定・定義候補",,"ファイル名・拡張子・配置のみ","メタ情報候補","個別承認後に評価"
"C:\fchart\textdata\値下り数.CSV","値下り数.CSV",".CSV","File","設定・定義候補",,"ファイル名・拡張子・配置のみ","メタ情報候補","個別承認後に評価"
"C:\fchart\textdata\債券期近.CSV","債券期近.CSV",".CSV","File","設定・定義候補",,"ファイル名・拡張子・配置のみ","メタ情報候補","個別承認後に評価"
"C:\fchart\textdata\公益株価.csv","公益株価.csv",".csv","File","設定・定義候補",,"ファイル名・拡張子・配置のみ","メタ情報候補","個別承認後に評価"
"C:\fchart\textdata\公益株式.csv","公益株式.csv",".csv","File","設定・定義候補",,"ファイル名・拡張子・配置のみ","メタ情報候補","個別承認後に評価"
"C:\fchart\textdata\円NZドル.csv","円NZドル.csv",".csv","File","設定・定義候補",,"ファイル名・拡張子・配置のみ","メタ情報候補","個別承認後に評価"
"C:\fchart\textdata\円ドル.csv","円ドル.csv",".csv","File","設定・定義候補",,"ファイル名・拡張子・配置のみ","メタ情報候補","個別承認後に評価"
"C:\fchart\textdata\円中国元.csv","円中国元.csv",".csv","File","設定・定義候補",,"ファイル名・拡張子・配置のみ","メタ情報候補","個別承認後に評価"
"C:\fchart\textdata\円豪ドル.csv","円豪ドル.csv",".csv","File","設定・定義候補",,"ファイル名・拡張子・配置のみ","メタ情報候補","個別承認後に評価"
"C:\fchart\textdata\円豪ﾄﾞﾙ.csv","円豪ﾄﾞﾙ.csv",".csv","File","設定・定義候補",,"ファイル名・拡張子・配置のみ","メタ情報候補","個別承認後に評価"
"C:\fchart\textdata\円ｶﾅﾀﾞ.csv","円ｶﾅﾀﾞ.csv",".csv","File","設定・定義候補",,"ファイル名・拡張子・配置のみ","メタ情報候補","個別承認後に評価"
"C:\fchart\textdata\円ｽｲｽ.csv","円ｽｲｽ.csv",".csv","File","設定・定義候補",,"ファイル名・拡張子・配置のみ","メタ情報候補","個別承認後に評価"
"C:\fchart\textdata\円ﾎﾟﾝﾄﾞ.csv","円ﾎﾟﾝﾄﾞ.csv",".csv","File","設定・定義候補",,"ファイル名・拡張子・配置のみ","メタ情報候補","個別承認後に評価"
"C:\fchart\textdata\円ﾕｰﾛ.csv","円ﾕｰﾛ.csv",".csv","File","設定・定義候補",,"ファイル名・拡張子・配置のみ","メタ情報候補","個別承認後に評価"
"C:\fchart\textdata\化学.csv","化学.csv",".csv","File","設定・定義候補",,"ファイル名・拡張子・配置のみ","メタ情報候補","個別承認後に評価"
"C:\fchart\textdata\医薬品.csv","医薬品.csv",".csv","File","設定・定義候補",,"ファイル名・拡張子・配置のみ","メタ情報候補","個別承認後に評価"
"C:\fchart\textdata\南ｱﾌﾘｶ.csv","南ｱﾌﾘｶ.csv",".csv","File","設定・定義候補",,"ファイル名・拡張子・配置のみ","メタ情報候補","個別承認後に評価"
"C:\fchart\textdata\卸売.csv","卸売.csv",".csv","File","設定・定義候補",,"ファイル名・拡張子・配置のみ","メタ情報候補","個別承認後に評価"
"C:\fchart\textdata\卸売業.csv","卸売業.csv",".csv","File","設定・定義候補",,"ファイル名・拡張子・配置のみ","メタ情報候補","個別承認後に評価"
"C:\fchart\textdata\商社.csv","商社.csv",".csv","File","設定・定義候補",,"ファイル名・拡張子・配置のみ","メタ情報候補","個別承認後に評価"
"C:\fchart\textdata\国債先物.csv","国債先物.csv",".csv","File","設定・定義候補",,"ファイル名・拡張子・配置のみ","メタ情報候補","個別承認後に評価"
"C:\fchart\textdata\売買ｻｲﾝ.csv","売買ｻｲﾝ.csv",".csv","File","設定・定義候補",,"ファイル名・拡張子・配置のみ","メタ情報候補","個別承認後に評価"
"C:\fchart\textdata\外国証券.csv","外国証券.csv",".csv","File","設定・定義候補",,"ファイル名・拡張子・配置のみ","メタ情報候補","個別承認後に評価"
"C:\fchart\textdata\小売.csv","小売.csv",".csv","File","設定・定義候補",,"ファイル名・拡張子・配置のみ","メタ情報候補","個別承認後に評価"
"C:\fchart\textdata\小売業.csv","小売業.csv",".csv","File","設定・定義候補",,"ファイル名・拡張子・配置のみ","メタ情報候補","個別承認後に評価"
"C:\fchart\textdata\店頭平均.CSV","店頭平均.CSV",".CSV","File","設定・定義候補",,"ファイル名・拡張子・配置のみ","メタ情報候補","個別承認後に評価"
"C:\fchart\textdata\建設.csv","建設.csv",".csv","File","設定・定義候補",,"ファイル名・拡張子・配置のみ","メタ情報候補","個別承認後に評価"
"C:\fchart\textdata\投資家別.csv","投資家別.csv",".csv","File","設定・定義候補",,"ファイル名・拡張子・配置のみ","メタ情報候補","個別承認後に評価"
"C:\fchart\textdata\新安値.csv","新安値.csv",".csv","File","設定・定義候補",,"ファイル名・拡張子・配置のみ","メタ情報候補","個別承認後に評価"
"C:\fchart\textdata\新高値.csv","新高値.csv",".csv","File","設定・定義候補",,"ファイル名・拡張子・配置のみ","メタ情報候補","個別承認後に評価"
"C:\fchart\textdata\日本電気.CSV","日本電気.CSV",".CSV","File","設定・定義候補",,"ファイル名・拡張子・配置のみ","メタ情報候補","個別承認後に評価"
"C:\fchart\textdata\日経50Y.csv","日経50Y.csv",".csv","File","設定・定義候補",,"ファイル名・拡張子・配置のみ","メタ情報候補","個別承認後に評価"
"C:\fchart\textdata\日経JQ平.CSV","日経JQ平.CSV",".CSV","File","設定・定義候補",,"ファイル名・拡張子・配置のみ","メタ情報候補","個別承認後に評価"
"C:\fchart\textdata\日経ドル.csv","日経ドル.csv",".csv","File","設定・定義候補",,"ファイル名・拡張子・配置のみ","メタ情報候補","個別承認後に評価"
"C:\fchart\textdata\日経ボラ.csv","日経ボラ.csv",".csv","File","設定・定義候補",,"ファイル名・拡張子・配置のみ","メタ情報候補","個別承認後に評価"
"C:\fchart\textdata\日経ミニ先物.csv","日経ミニ先物.csv",".csv","File","設定・定義候補",,"ファイル名・拡張子・配置のみ","メタ情報候補","個別承認後に評価"
"C:\fchart\textdata\日経先物.csv","日経先物.csv",".csv","File","設定・定義候補",,"ファイル名・拡張子・配置のみ","メタ情報候補","個別承認後に評価"
"C:\fchart\textdata\東証REIT先物.csv","東証REIT先物.csv",".csv","File","設定・定義候補",,"ファイル名・拡張子・配置のみ","メタ情報候補","個別承認後に評価"
"C:\fchart\textdata\東証中型.csv","東証中型.csv",".csv","File","設定・定義候補",,"ファイル名・拡張子・配置のみ","メタ情報候補","個別承認後に評価"
"C:\fchart\textdata\東証先物.csv","東証先物.csv",".csv","File","設定・定義候補",,"ファイル名・拡張子・配置のみ","メタ情報候補","個別承認後に評価"
"C:\fchart\textdata\東証単純.csv","東証単純.csv",".csv","File","設定・定義候補",,"ファイル名・拡張子・配置のみ","メタ情報候補","個別承認後に評価"
"C:\fchart\textdata\東証大型.csv","東証大型.csv",".csv","File","設定・定義候補",,"ファイル名・拡張子・配置のみ","メタ情報候補","個別承認後に評価"
"C:\fchart\textdata\東証小型.csv","東証小型.csv",".csv","File","設定・定義候補",,"ファイル名・拡張子・配置のみ","メタ情報候補","個別承認後に評価"
"C:\fchart\textdata\機械.csv","機械.csv",".csv","File","設定・定義候補",,"ファイル名・拡張子・配置のみ","メタ情報候補","個別承認後に評価"
"C:\fchart\textdata\水産.csv","水産.csv",".csv","File","設定・定義候補",,"ファイル名・拡張子・配置のみ","メタ情報候補","個別承認後に評価"
"C:\fchart\textdata\海運.csv","海運.csv",".csv","File","設定・定義候補",,"ファイル名・拡張子・配置のみ","メタ情報候補","個別承認後に評価"
"C:\fchart\textdata\石油.csv","石油.csv",".csv","File","設定・定義候補",,"ファイル名・拡張子・配置のみ","メタ情報候補","個別承認後に評価"
"C:\fchart\textdata\空運.csv","空運.csv",".csv","File","設定・定義候補",,"ファイル名・拡張子・配置のみ","メタ情報候補","個別承認後に評価"
"C:\fchart\textdata\窯業.csv","窯業.csv",".csv","File","設定・定義候補",,"ファイル名・拡張子・配置のみ","メタ情報候補","個別承認後に評価"
"C:\fchart\textdata\米コーン.CSV","米コーン.CSV",".CSV","File","設定・定義候補",,"ファイル名・拡張子・配置のみ","メタ情報候補","個別承認後に評価"
"C:\fchart\textdata\米国長国.CSV","米国長国.CSV",".CSV","File","設定・定義候補",,"ファイル名・拡張子・配置のみ","メタ情報候補","個別承認後に評価"
"C:\fchart\textdata\米大豆.CSV","米大豆.CSV",".CSV","File","設定・定義候補",,"ファイル名・拡張子・配置のみ","メタ情報候補","個別承認後に評価"
"C:\fchart\textdata\精密機器.csv","精密機器.csv",".csv","File","設定・定義候補",,"ファイル名・拡張子・配置のみ","メタ情報候補","個別承認後に評価"
"C:\fchart\textdata\繊維.csv","繊維.csv",".csv","File","設定・定義候補",,"ファイル名・拡張子・配置のみ","メタ情報候補","個別承認後に評価"
"C:\fchart\textdata\自動車.csv","自動車.csv",".csv","File","設定・定義候補",,"ファイル名・拡張子・配置のみ","メタ情報候補","個別承認後に評価"
"C:\fchart\textdata\裁定残.csv","裁定残.csv",".csv","File","設定・定義候補",,"ファイル名・拡張子・配置のみ","メタ情報候補","個別承認後に評価"
"C:\fchart\textdata\証券.csv","証券.csv",".csv","File","設定・定義候補",,"ファイル名・拡張子・配置のみ","メタ情報候補","個別承認後に評価"
"C:\fchart\textdata\豪ﾄﾞﾙ円.csv","豪ﾄﾞﾙ円.csv",".csv","File","設定・定義候補",,"ファイル名・拡張子・配置のみ","メタ情報候補","個別承認後に評価"
"C:\fchart\textdata\輸送機器.csv","輸送機器.csv",".csv","File","設定・定義候補",,"ファイル名・拡張子・配置のみ","メタ情報候補","個別承認後に評価"
"C:\fchart\textdata\通信.csv","通信.csv",".csv","File","設定・定義候補",,"ファイル名・拡張子・配置のみ","メタ情報候補","個別承認後に評価"
"C:\fchart\textdata\造船.csv","造船.csv",".csv","File","設定・定義候補",,"ファイル名・拡張子・配置のみ","メタ情報候補","個別承認後に評価"
"C:\fchart\textdata\金先中心.CSV","金先中心.CSV",".CSV","File","設定・定義候補",,"ファイル名・拡張子・配置のみ","メタ情報候補","個別承認後に評価"
"C:\fchart\textdata\金先期近.CSV","金先期近.CSV",".CSV","File","設定・定義候補",,"ファイル名・拡張子・配置のみ","メタ情報候補","個別承認後に評価"
"C:\fchart\textdata\金属製品.csv","金属製品.csv",".csv","File","設定・定義候補",,"ファイル名・拡張子・配置のみ","メタ情報候補","個別承認後に評価"
"C:\fchart\textdata\金連動.csv","金連動.csv",".csv","File","設定・定義候補",,"ファイル名・拡張子・配置のみ","メタ情報候補","個別承認後に評価"
"C:\fchart\textdata\鉄道バス.csv","鉄道バス.csv",".csv","File","設定・定義候補",,"ファイル名・拡張子・配置のみ","メタ情報候補","個別承認後に評価"
"C:\fchart\textdata\鉄鋼.csv","鉄鋼.csv",".csv","File","設定・定義候補",,"ファイル名・拡張子・配置のみ","メタ情報候補","個別承認後に評価"
"C:\fchart\textdata\鉱業.csv","鉱業.csv",".csv","File","設定・定義候補",,"ファイル名・拡張子・配置のみ","メタ情報候補","個別承認後に評価"
"C:\fchart\textdata\銀行.csv","銀行.csv",".csv","File","設定・定義候補",,"ファイル名・拡張子・配置のみ","メタ情報候補","個別承認後に評価"
"C:\fchart\textdata\長期国債.CSV","長期国債.CSV",".CSV","File","設定・定義候補",,"ファイル名・拡張子・配置のみ","メタ情報候補","個別承認後に評価"
"C:\fchart\textdata\陸運.csv","陸運.csv",".csv","File","設定・定義候補",,"ファイル名・拡張子・配置のみ","メタ情報候補","個別承認後に評価"
"C:\fchart\textdata\電力.csv","電力.csv",".csv","File","設定・定義候補",,"ファイル名・拡張子・配置のみ","メタ情報候補","個別承認後に評価"
"C:\fchart\textdata\電気機器.csv","電気機器.csv",".csv","File","設定・定義候補",,"ファイル名・拡張子・配置のみ","メタ情報候補","個別承認後に評価"
"C:\fchart\textdata\非鉄金属.csv","非鉄金属.csv",".csv","File","設定・定義候補",,"ファイル名・拡張子・配置のみ","メタ情報候補","個別承認後に評価"
"C:\fchart\textdata\食品.csv","食品.csv",".csv","File","設定・定義候補",,"ファイル名・拡張子・配置のみ","メタ情報候補","個別承認後に評価"
"C:\fchart\textdata\騰落中型.csv","騰落中型.csv",".csv","File","設定・定義候補",,"ファイル名・拡張子・配置のみ","メタ情報候補","個別承認後に評価"
"C:\fchart\textdata\騰落大型.csv","騰落大型.csv",".csv","File","設定・定義候補",,"ファイル名・拡張子・配置のみ","メタ情報候補","個別承認後に評価"
"C:\fchart\textdata\騰落小型.csv","騰落小型.csv",".csv","File","設定・定義候補",,"ファイル名・拡張子・配置のみ","メタ情報候補","個別承認後に評価"
"C:\fchart\textdata\騰落店頭.csv","騰落店頭.csv",".csv","File","設定・定義候補",,"ファイル名・拡張子・配置のみ","メタ情報候補","個別承認後に評価"
"C:\fchart\textdata\騰落東１.csv","騰落東１.csv",".csv","File","設定・定義候補",,"ファイル名・拡張子・配置のみ","メタ情報候補","個別承認後に評価"
"C:\fchart\textdata\騰落ﾍﾗ.csv","騰落ﾍﾗ.csv",".csv","File","設定・定義候補",,"ファイル名・拡張子・配置のみ","メタ情報候補","個別承認後に評価"
"C:\fchart\textdata\騰落ﾚｼｵ.csv","騰落ﾚｼｵ.csv",".csv","File","設定・定義候補",,"ファイル名・拡張子・配置のみ","メタ情報候補","個別承認後に評価"
"C:\fchart\textdata\騰落ﾚｼｵ.TXT","騰落ﾚｼｵ.TXT",".TXT","File","設定・定義候補",,"ファイル名・拡張子・配置のみ","メタ情報候補","個別承認後に評価"
"C:\fchart\textdata\高安銘柄.CSV","高安銘柄.CSV",".CSV","File","設定・定義候補",,"ファイル名・拡張子・配置のみ","メタ情報候補","個別承認後に評価"
"C:\fchart\textdata\ＮＹガソ.CSV","ＮＹガソ.CSV",".CSV","File","設定・定義候補",,"ファイル名・拡張子・配置のみ","メタ情報候補","個別承認後に評価"
"C:\fchart\textdata\ＮＹダウ.CSV","ＮＹダウ.CSV",".CSV","File","設定・定義候補",,"ファイル名・拡張子・配置のみ","メタ情報候補","個別承認後に評価"
"C:\fchart\textdata\ＮＹ灯油.CSV","ＮＹ灯油.CSV",".CSV","File","設定・定義候補",,"ファイル名・拡張子・配置のみ","メタ情報候補","個別承認後に評価"
"C:\fchart\textdata\ｲﾝﾄﾞ.csv","ｲﾝﾄﾞ.csv",".csv","File","設定・定義候補",,"ファイル名・拡張子・配置のみ","メタ情報候補","個別承認後に評価"
"C:\fchart\textdata\ﾄﾞﾙﾕｰﾛ.csv","ﾄﾞﾙﾕｰﾛ.csv",".csv","File","設定・定義候補",,"ファイル名・拡張子・配置のみ","メタ情報候補","個別承認後に評価"
"C:\fchart\textdata\ﾍﾗｸﾚｽ.csv","ﾍﾗｸﾚｽ.csv",".csv","File","設定・定義候補",,"ファイル名・拡張子・配置のみ","メタ情報候補","個別承認後に評価"
"C:\fchart\textdata\ﾏｻﾞｰｽﾞ.csv","ﾏｻﾞｰｽﾞ.csv",".csv","File","設定・定義候補",,"ファイル名・拡張子・配置のみ","メタ情報候補","個別承認後に評価"
"C:\fchart\textdata\ﾗｯｾﾙ2000.csv","ﾗｯｾﾙ2000.csv",".csv","File","設定・定義候補",,"ファイル名・拡張子・配置のみ","メタ情報候補","個別承認後に評価"
"C:\fchart\textdata\ﾛｼｱ.csv","ﾛｼｱ.csv",".csv","File","設定・定義候補",,"ファイル名・拡張子・配置のみ","メタ情報候補","個別承認後に評価"
"C:\fchart\usa\.csv",".csv",".csv","File","設定・定義候補",,"ファイル名・拡張子・配置のみ","メタ情報候補","個別承認後に評価"
"C:\fchart\usa\0005.hk.csv","0005.hk.csv",".csv","File","設定・定義候補",,"ファイル名・拡張子・配置のみ","メタ情報候補","個別承認後に評価"
"C:\fchart\usa\0005.hk.txt","0005.hk.txt",".txt","File","設定・定義候補",,"ファイル名・拡張子・配置のみ","メタ情報候補","個別承認後に評価"
"C:\fchart\usa\900903.ss.csv","900903.ss.csv",".csv","File","設定・定義候補",,"ファイル名・拡張子・配置のみ","メタ情報候補","個別承認後に評価"
"C:\fchart\usa\aa.csv","aa.csv",".csv","File","設定・定義候補",,"ファイル名・拡張子・配置のみ","メタ情報候補","個別承認後に評価"
"C:\fchart\usa\adbe.csv","adbe.csv",".csv","File","設定・定義候補",,"ファイル名・拡張子・配置のみ","メタ情報候補","個別承認後に評価"
"C:\fchart\usa\amat.csv","amat.csv",".csv","File","設定・定義候補",,"ファイル名・拡張子・配置のみ","メタ情報候補","個別承認後に評価"
"C:\fchart\usa\amzn.csv","amzn.csv",".csv","File","設定・定義候補",,"ファイル名・拡張子・配置のみ","メタ情報候補","個別承認後に評価"
"C:\fchart\usa\amzntemp.csv","amzntemp.csv",".csv","File","設定・定義候補",,"ファイル名・拡張子・配置のみ","メタ情報候補","個別承認後に評価"
"C:\fchart\usa\ba.csv","ba.csv",".csv","File","設定・定義候補",,"ファイル名・拡張子・配置のみ","メタ情報候補","個別承認後に評価"
"C:\fchart\usa\bldp.csv","bldp.csv",".csv","File","設定・定義候補",,"ファイル名・拡張子・配置のみ","メタ情報候補","個別承認後に評価"
"C:\fchart\usa\c.csv","c.csv",".csv","File","設定・定義候補",,"ファイル名・拡張子・配置のみ","メタ情報候補","個別承認後に評価"
"C:\fchart\usa\cat.csv","cat.csv",".csv","File","設定・定義候補",,"ファイル名・拡張子・配置のみ","メタ情報候補","個別承認後に評価"
"C:\fchart\usa\coms.csv","coms.csv",".csv","File","設定・定義候補",,"ファイル名・拡張子・配置のみ","メタ情報候補","個別承認後に評価"
"C:\fchart\usa\cra.csv","cra.csv",".csv","File","設定・定義候補",,"ファイル名・拡張子・配置のみ","メタ情報候補","個別承認後に評価"
"C:\fchart\usa\csco.csv","csco.csv",".csv","File","設定・定義候補",,"ファイル名・拡張子・配置のみ","メタ情報候補","個別承認後に評価"
"C:\fchart\usa\Ctemp.csv","Ctemp.csv",".csv","File","設定・定義候補",,"ファイル名・拡張子・配置のみ","メタ情報候補","個別承認後に評価"
"C:\fchart\usa\D260518.csv","D260518.csv",".csv","File","設定・定義候補",,"ファイル名・拡張子・配置のみ","メタ情報候補","個別承認後に評価"
"C:\fchart\usa\D260519.csv","D260519.csv",".csv","File","設定・定義候補",,"ファイル名・拡張子・配置のみ","メタ情報候補","個別承認後に評価"
"C:\fchart\usa\D260520.csv","D260520.csv",".csv","File","設定・定義候補",,"ファイル名・拡張子・配置のみ","メタ情報候補","個別承認後に評価"
"C:\fchart\usa\D260521.csv","D260521.csv",".csv","File","設定・定義候補",,"ファイル名・拡張子・配置のみ","メタ情報候補","個別承認後に評価"
"C:\fchart\usa\D260522.csv","D260522.csv",".csv","File","設定・定義候補",,"ファイル名・拡張子・配置のみ","メタ情報候補","個別承認後に評価"
"C:\fchart\usa\D260525.csv","D260525.csv",".csv","File","設定・定義候補",,"ファイル名・拡張子・配置のみ","メタ情報候補","個別承認後に評価"
"C:\fchart\usa\D260526.csv","D260526.csv",".csv","File","設定・定義候補",,"ファイル名・拡張子・配置のみ","メタ情報候補","個別承認後に評価"
"C:\fchart\usa\data.csv","data.csv",".csv","File","設定・定義候補",,"ファイル名・拡張子・配置のみ","メタ情報候補","個別承認後に評価"
"C:\fchart\usa\dell.csv","dell.csv",".csv","File","設定・定義候補",,"ファイル名・拡張子・配置のみ","メタ情報候補","個別承認後に評価"
"C:\fchart\usa\dfs.csv","dfs.csv",".csv","File","設定・定義候補",,"ファイル名・拡張子・配置のみ","メタ情報候補","個別承認後に評価"
"C:\fchart\usa\dia.csv","dia.csv",".csv","File","設定・定義候補",,"ファイル名・拡張子・配置のみ","メタ情報候補","個別承認後に評価"
"C:\fchart\usa\DIAtemp.csv","DIAtemp.csv",".csv","File","設定・定義候補",,"ファイル名・拡張子・配置のみ","メタ情報候補","個別承認後に評価"
"C:\fchart\usa\dir.csv","dir.csv",".csv","File","設定・定義候補",,"ファイル名・拡張子・配置のみ","メタ情報候補","個別承認後に評価"
"C:\fchart\usa\dow.csv","dow.csv",".csv","File","設定・定義候補",,"ファイル名・拡張子・配置のみ","メタ情報候補","個別承認後に評価"
"C:\fchart\usa\ek.csv","ek.csv",".csv","File","設定・定義候補",,"ファイル名・拡張子・配置のみ","メタ情報候補","個別承認後に評価"
"C:\fchart\usa\ericy.csv","ericy.csv",".csv","File","設定・定義候補",,"ファイル名・拡張子・配置のみ","メタ情報候補","個別承認後に評価"
"C:\fchart\usa\exds.csv","exds.csv",".csv","File","設定・定義候補",,"ファイル名・拡張子・配置のみ","メタ情報候補","個別承認後に評価"
"C:\fchart\usa\fb.csv","fb.csv",".csv","File","設定・定義候補",,"ファイル名・拡張子・配置のみ","メタ情報候補","個別承認後に評価"
"C:\fchart\usa\fb.txt","fb.txt",".txt","File","設定・定義候補",,"ファイル名・拡張子・配置のみ","メタ情報候補","個別承認後に評価"
"C:\fchart\usa\fibr.csv","fibr.csv",".csv","File","設定・定義候補",,"ファイル名・拡張子・配置のみ","メタ情報候補","個別承認後に評価"
"C:\fchart\usa\ge.csv","ge.csv",".csv","File","設定・定義候補",,"ファイル名・拡張子・配置のみ","メタ情報候補","個別承認後に評価"
"C:\fchart\usa\gld.csv","gld.csv",".csv","File","設定・定義候補",,"ファイル名・拡張子・配置のみ","メタ情報候補","個別承認後に評価"
"C:\fchart\usa\GLDtemp.csv","GLDtemp.csv",".csv","File","設定・定義候補",,"ファイル名・拡張子・配置のみ","メタ情報候補","個別承認後に評価"
"C:\fchart\usa\gm.csv","gm.csv",".csv","File","設定・定義候補",,"ファイル名・拡張子・配置のみ","メタ情報候補","個別承認後に評価"
"C:\fchart\usa\hgsi.csv","hgsi.csv",".csv","File","設定・定義候補",,"ファイル名・拡張子・配置のみ","メタ情報候補","個別承認後に評価"
"C:\fchart\usa\ibm.csv","ibm.csv",".csv","File","設定・定義候補",,"ファイル名・拡張子・配置のみ","メタ情報候補","個別承認後に評価"
"C:\fchart\usa\intc.csv","intc.csv",".csv","File","設定・定義候補",,"ファイル名・拡張子・配置のみ","メタ情報候補","個別承認後に評価"
"C:\fchart\usa\intl.csv","intl.csv",".csv","File","設定・定義候補",,"ファイル名・拡張子・配置のみ","メタ情報候補","個別承認後に評価"
"C:\fchart\usa\jnj.csv","jnj.csv",".csv","File","設定・定義候補",,"ファイル名・拡張子・配置のみ","メタ情報候補","個別承認後に評価"
"C:\fchart\usa\jpm.csv","jpm.csv",".csv","File","設定・定義候補",,"ファイル名・拡張子・配置のみ","メタ情報候補","個別承認後に評価"
"C:\fchart\usa\ko.csv","ko.csv",".csv","File","設定・定義候補",,"ファイル名・拡張子・配置のみ","メタ情報候補","個別承認後に評価"
"C:\fchart\usa\lb.csv","lb.csv",".csv","File","設定・定義候補",,"ファイル名・拡張子・配置のみ","メタ情報候補","個別承認後に評価"
"C:\fchart\usa\mdgy.csv","mdgy.csv",".csv","File","設定・定義候補",,"ファイル名・拡張子・配置のみ","メタ情報候補","個別承認後に評価"
"C:\fchart\usa\mo.csv","mo.csv",".csv","File","設定・定義候補",,"ファイル名・拡張子・配置のみ","メタ情報候補","個別承認後に評価"
"C:\fchart\usa\mot.csv","mot.csv",".csv","File","設定・定義候補",,"ファイル名・拡張子・配置のみ","メタ情報候補","個別承認後に評価"
"C:\fchart\usa\msft.csv","msft.csv",".csv","File","設定・定義候補",,"ファイル名・拡張子・配置のみ","メタ情報候補","個別承認後に評価"
"C:\fchart\usa\msftAAA.csv","msftAAA.csv",".csv","File","設定・定義候補",,"ファイル名・拡張子・配置のみ","メタ情報候補","個別承認後に評価"
"C:\fchart\usa\msftddd.csv","msftddd.csv",".csv","File","設定・定義候補",,"ファイル名・拡張子・配置のみ","メタ情報候補","個別承認後に評価"
"C:\fchart\usa\nt.csv","nt.csv",".csv","File","設定・定義候補",,"ファイル名・拡張子・配置のみ","メタ情報候補","個別承認後に評価"
"C:\fchart\usa\ntap.csv","ntap.csv",".csv","File","設定・定義候補",,"ファイル名・拡張子・配置のみ","メタ情報候補","個別承認後に評価"
"C:\fchart\usa\NVDA.csv","NVDA.csv",".csv","File","設定・定義候補",,"ファイル名・拡張子・配置のみ","メタ情報候補","個別承認後に評価"
"C:\fchart\usa\NVDAtemp.csv","NVDAtemp.csv",".csv","File","設定・定義候補",,"ファイル名・拡張子・配置のみ","メタ情報候補","個別承認後に評価"
"C:\fchart\usa\nvs.csv","nvs.csv",".csv","File","設定・定義候補",,"ファイル名・拡張子・配置のみ","メタ情報候補","個別承認後に評価"
"C:\fchart\usa\orcl.csv","orcl.csv",".csv","File","設定・定義候補",,"ファイル名・拡張子・配置のみ","メタ情報候補","個別承認後に評価"
"C:\fchart\usa\palm.csv","palm.csv",".csv","File","設定・定義候補",,"ファイル名・拡張子・配置のみ","メタ情報候補","個別承認後に評価"
"C:\fchart\usa\pg.csv","pg.csv",".csv","File","設定・定義候補",,"ファイル名・拡張子・配置のみ","メタ情報候補","個別承認後に評価"
"C:\fchart\usa\qcom.csv","qcom.csv",".csv","File","設定・定義候補",,"ファイル名・拡張子・配置のみ","メタ情報候補","個別承認後に評価"
"C:\fchart\usa\qqq.csv","qqq.csv",".csv","File","設定・定義候補",,"ファイル名・拡張子・配置のみ","メタ情報候補","個別承認後に評価"
"C:\fchart\usa\sbux.csv","sbux.csv",".csv","File","設定・定義候補",,"ファイル名・拡張子・配置のみ","メタ情報候補","個別承認後に評価"
"C:\fchart\usa\spy.csv","spy.csv",".csv","File","設定・定義候補",,"ファイル名・拡張子・配置のみ","メタ情報候補","個別承認後に評価"
"C:\fchart\usa\sunw.csv","sunw.csv",".csv","File","設定・定義候補",,"ファイル名・拡張子・配置のみ","メタ情報候補","個別承認後に評価"
"C:\fchart\usa\t.csv","t.csv",".csv","File","設定・定義候補",,"ファイル名・拡張子・配置のみ","メタ情報候補","個別承認後に評価"
"C:\fchart\usa\txn.csv","txn.csv",".csv","File","設定・定義候補",,"ファイル名・拡張子・配置のみ","メタ情報候補","個別承認後に評価"
"C:\fchart\usa\usa.lst","usa.lst",".lst","File","設定・定義候補",,"ファイル名・拡張子・配置のみ","メタ情報候補","個別承認後に評価"
"C:\fchart\usa\vt.csv","vt.csv",".csv","File","設定・定義候補",,"ファイル名・拡張子・配置のみ","メタ情報候補","個別承認後に評価"
"C:\fchart\usa\vti.csv","vti.csv",".csv","File","設定・定義候補",,"ファイル名・拡張子・配置のみ","メタ情報候補","個別承認後に評価"
"C:\fchart\usa\vym.csv","vym.csv",".csv","File","設定・定義候補",,"ファイル名・拡張子・配置のみ","メタ情報候補","個別承認後に評価"
"C:\fchart\usa\wcom.csv","wcom.csv",".csv","File","設定・定義候補",,"ファイル名・拡張子・配置のみ","メタ情報候補","個別承認後に評価"
"C:\fchart\usa\WTI.csv","WTI.csv",".csv","File","設定・定義候補",,"ファイル名・拡張子・配置のみ","メタ情報候補","個別承認後に評価"
"C:\fchart\usa\xrx.csv","xrx.csv",".csv","File","設定・定義候補",,"ファイル名・拡張子・配置のみ","メタ情報候補","個別承認後に評価"
"C:\fchart\usa\YahooUsa.txt","YahooUsa.txt",".txt","File","設定・定義候補",,"ファイル名・拡張子・配置のみ","メタ情報候補","個別承認後に評価"
"C:\fchart\usa\yhoo.csv","yhoo.csv",".csv","File","設定・定義候補",,"ファイル名・拡張子・配置のみ","メタ情報候補","個別承認後に評価"
"C:\fchart\usa\^dji.csv","^dji.csv",".csv","File","設定・定義候補",,"ファイル名・拡張子・配置のみ","メタ情報候補","個別承認後に評価"
"C:\fchart\usa\^DJItemp.csv","^DJItemp.csv",".csv","File","設定・定義候補",,"ファイル名・拡張子・配置のみ","メタ情報候補","個別承認後に評価"
"C:\fchart\usa\^fchi.csv","^fchi.csv",".csv","File","設定・定義候補",,"ファイル名・拡張子・配置のみ","メタ情報候補","個別承認後に評価"
"C:\fchart\usa\^gdaxi.csv","^gdaxi.csv",".csv","File","設定・定義候補",,"ファイル名・拡張子・配置のみ","メタ情報候補","個別承認後に評価"
"C:\fchart\usa\^gspc.csv","^gspc.csv",".csv","File","設定・定義候補",,"ファイル名・拡張子・配置のみ","メタ情報候補","個別承認後に評価"
"C:\fchart\usa\^hsi.csv","^hsi.csv",".csv","File","設定・定義候補",,"ファイル名・拡張子・配置のみ","メタ情報候補","個別承認後に評価"
"C:\fchart\usa\^HSI.txt","^HSI.txt",".txt","File","設定・定義候補",,"ファイル名・拡張子・配置のみ","メタ情報候補","個別承認後に評価"
"C:\fchart\usa\^ixic.csv","^ixic.csv",".csv","File","設定・定義候補",,"ファイル名・拡張子・配置のみ","メタ情報候補","個別承認後に評価"
"C:\fchart\usa\^rut.csv","^rut.csv",".csv","File","設定・定義候補",,"ファイル名・拡張子・配置のみ","メタ情報候補","個別承認後に評価"
"C:\fchart\usa\^RUT.txt","^RUT.txt",".txt","File","設定・定義候補",,"ファイル名・拡張子・配置のみ","メタ情報候補","個別承認後に評価"
"C:\fchart\usa\^ssec.csv","^ssec.csv",".csv","File","設定・定義候補",,"ファイル名・拡張子・配置のみ","メタ情報候補","個別承認後に評価"
"C:\fchart\usa\^SSEC.txt","^SSEC.txt",".txt","File","設定・定義候補",,"ファイル名・拡張子・配置のみ","メタ情報候補","個別承認後に評価"
"C:\fchart\usa\^tmw.csv","^tmw.csv",".csv","File","設定・定義候補",,"ファイル名・拡張子・配置のみ","メタ情報候補","個別承認後に評価"
"C:\fchart\各種設定条件のエクスポート\Fchart.ini","Fchart.ini",".ini","File","設定・定義候補",,"ファイル名・拡張子・配置のみ","メタ情報候補","個別承認後に評価"
"C:\fchart\各種設定条件のエクスポート\fugo.cfg","fugo.cfg",".cfg","File","設定・定義候補",,"ファイル名・拡張子・配置のみ","メタ情報候補","個別承認後に評価"
"C:\fchart\各種設定条件のエクスポート\kabu.lst","kabu.lst",".lst","File","銘柄マスター・コード候補",,"ファイル名・拡張子・配置のみ","メタ情報候補","個別承認後に評価"
"C:\fchart\各種設定条件のエクスポート\kabujoho.ket","kabujoho.ket",".ket","File","銘柄マスター・コード候補",,"ファイル名・拡張子・配置のみ","メタ情報候補","個別承認後に評価"
"C:\fchart\各種設定条件のエクスポート\kabuto.ket","kabuto.ket",".ket","File","銘柄マスター・コード候補",,"ファイル名・拡張子・配置のみ","メタ情報候補","個別承認後に評価"
"C:\fchart\各種設定条件のエクスポート\kenri.ini","kenri.ini",".ini","File","コーポレートアクション候補",,"ファイル名・拡張子・配置のみ","メタ情報候補","個別承認後に評価"
"C:\fchart\各種設定条件のエクスポート\pan.cfg","pan.cfg",".cfg","File","設定・定義候補",,"ファイル名・拡張子・配置のみ","メタ情報候補","個別承認後に評価"
"C:\fchart\各種設定条件のエクスポート\Ritc.cfg","Ritc.cfg",".cfg","File","設定・定義候補",,"ファイル名・拡張子・配置のみ","メタ情報候補","個別承認後に評価"
"C:\fchart\各種設定条件のエクスポート\Shohin.lst","Shohin.lst",".lst","File","設定・定義候補",,"ファイル名・拡張子・配置のみ","メタ情報候補","個別承認後に評価"
"C:\fchart\各種設定条件のエクスポート\Taisei.cfg","Taisei.cfg",".cfg","File","設定・定義候補",,"ファイル名・拡張子・配置のみ","メタ情報候補","個別承認後に評価"
"C:\fchart\各種設定条件のエクスポート\Textfile.lst","Textfile.lst",".lst","File","設定・定義候補",,"ファイル名・拡張子・配置のみ","メタ情報候補","個別承認後に評価"
"C:\fchart\各種設定条件のエクスポート\Userkabu.ini","Userkabu.ini",".ini","File","銘柄マスター・コード候補",,"ファイル名・拡張子・配置のみ","メタ情報候補","個別承認後に評価"
"C:\fchart\$FchartTempDir$\temp060828\CME先物.csv","CME先物.csv",".csv","File","設定・定義候補",,"ファイル名・拡張子・配置のみ","メタ情報候補","個別承認後に評価"
"C:\fchart\$FchartTempDir$\temp060828\Hiasi10001(日経225).csv","Hiasi10001(日経225).csv",".csv","File","設定・定義候補",,"ファイル名・拡張子・配置のみ","メタ情報候補","個別承認後に評価"
"C:\fchart\$FchartTempDir$\temp060828\Hiasi10002(日経225先物).csv","Hiasi10002(日経225先物).csv",".csv","File","設定・定義候補",,"ファイル名・拡張子・配置のみ","メタ情報候補","個別承認後に評価"
"C:\fchart\$FchartTempDir$\temp060828\Hiasi10003(国債先物).csv","Hiasi10003(国債先物).csv",".csv","File","設定・定義候補",,"ファイル名・拡張子・配置のみ","メタ情報候補","個別承認後に評価"
"C:\fchart\$FchartTempDir$\temp060828\Hiasi10004(TOPIX).csv","Hiasi10004(TOPIX).csv",".csv","File","設定・定義候補",,"ファイル名・拡張子・配置のみ","メタ情報候補","個別承認後に評価"
"C:\fchart\$FchartTempDir$\temp060828\Hiasi10010(CME225).csv","Hiasi10010(CME225).csv",".csv","File","設定・定義候補",,"ファイル名・拡張子・配置のみ","メタ情報候補","個別承認後に評価"
"C:\fchart\$FchartTempDir$\temp060828\Hiasi10014(東証先物).csv","Hiasi10014(東証先物).csv",".csv","File","設定・定義候補",,"ファイル名・拡張子・配置のみ","メタ情報候補","個別承認後に評価"
"C:\fchart\$FchartTempDir$\temp060828\Hiasi20001.csv","Hiasi20001.csv",".csv","File","設定・定義候補",,"ファイル名・拡張子・配置のみ","メタ情報候補","個別承認後に評価"
"C:\fchart\$FchartTempDir$\temp060828\Hiasi20002(ﾄﾞﾙﾕｰﾛ).csv","Hiasi20002(ﾄﾞﾙﾕｰﾛ).csv",".csv","File","設定・定義候補",,"ファイル名・拡張子・配置のみ","メタ情報候補","個別承認後に評価"
"C:\fchart\$FchartTempDir$\temp060828\Hiasi20005(円豪ドル).csv","Hiasi20005(円豪ドル).csv",".csv","File","設定・定義候補",,"ファイル名・拡張子・配置のみ","メタ情報候補","個別承認後に評価"
"C:\fchart\$FchartTempDir$\temp060828\Hiasi20011(円NZドル).csv","Hiasi20011(円NZドル).csv",".csv","File","設定・定義候補",,"ファイル名・拡張子・配置のみ","メタ情報候補","個別承認後に評価"
"C:\fchart\$FchartTempDir$\temp060828\Hiasi20019(円中国元).csv","Hiasi20019(円中国元).csv",".csv","File","設定・定義候補",,"ファイル名・拡張子・配置のみ","メタ情報候補","個別承認後に評価"
"C:\fchart\$FchartTempDir$\temp060828\Nydow100.csv","Nydow100.csv",".csv","File","設定・定義候補",,"ファイル名・拡張子・配置のみ","メタ情報候補","個別承認後に評価"
"C:\fchart\$FchartTempDir$\temp060828\NY原油.csv","NY原油.csv",".csv","File","設定・定義候補",,"ファイル名・拡張子・配置のみ","メタ情報候補","個別承認後に評価"
"C:\fchart\$FchartTempDir$\temp060828\Textfile.lst","Textfile.lst",".lst","File","設定・定義候補",,"ファイル名・拡張子・配置のみ","メタ情報候補","個別承認後に評価"
"C:\fchart\$FchartTempDir$\temp060828\円NZドル.csv","円NZドル.csv",".csv","File","設定・定義候補",,"ファイル名・拡張子・配置のみ","メタ情報候補","個別承認後に評価"
"C:\fchart\$FchartTempDir$\temp060828\円中国元.csv","円中国元.csv",".csv","File","設定・定義候補",,"ファイル名・拡張子・配置のみ","メタ情報候補","個別承認後に評価"
"C:\fchart\$FchartTempDir$\temp060828\円豪ドル.csv","円豪ドル.csv",".csv","File","設定・定義候補",,"ファイル名・拡張子・配置のみ","メタ情報候補","個別承認後に評価"
"C:\fchart\$FchartTempDir$\temp060828\国債先物.csv","国債先物.csv",".csv","File","設定・定義候補",,"ファイル名・拡張子・配置のみ","メタ情報候補","個別承認後に評価"
"C:\fchart\$FchartTempDir$\temp060828\日経50Y.csv","日経50Y.csv",".csv","File","設定・定義候補",,"ファイル名・拡張子・配置のみ","メタ情報候補","個別承認後に評価"
"C:\fchart\$FchartTempDir$\temp060828\日経先物.csv","日経先物.csv",".csv","File","設定・定義候補",,"ファイル名・拡張子・配置のみ","メタ情報候補","個別承認後に評価"
"C:\fchart\$FchartTempDir$\temp060828\東証先物.csv","東証先物.csv",".csv","File","設定・定義候補",,"ファイル名・拡張子・配置のみ","メタ情報候補","個別承認後に評価"
"C:\fchart\$FchartTempDir$\temp060828\銘柄アドレス.txt","銘柄アドレス.txt",".txt","File","設定・定義候補",,"ファイル名・拡張子・配置のみ","メタ情報候補","個別承認後に評価"
"C:\fchart\$FchartTempDir$\temp060828\ﾄﾞﾙﾕｰﾛ.csv","ﾄﾞﾙﾕｰﾛ.csv",".csv","File","設定・定義候補",,"ファイル名・拡張子・配置のみ","メタ情報候補","個別承認後に評価"
"C:\fchart\$FchartTempDir$\新しいフォルダ\FT100.csv","FT100.csv",".csv","File","設定・定義候補",,"ファイル名・拡張子・配置のみ","メタ情報候補","個別承認後に評価"
"C:\fchart\$FchartTempDir$\新しいフォルダ\Jasdaq指.csv","Jasdaq指.csv",".csv","File","設定・定義候補",,"ファイル名・拡張子・配置のみ","メタ情報候補","個別承認後に評価"
"C:\fchart\$FchartTempDir$\新しいフォルダ\NY原油.csv","NY原油.csv",".csv","File","設定・定義候補",,"ファイル名・拡張子・配置のみ","メタ情報候補","個別承認後に評価"
"C:\fchart\$FchartTempDir$\新しいフォルダ\SIMEX先.csv","SIMEX先.csv",".csv","File","設定・定義候補",,"ファイル名・拡張子・配置のみ","メタ情報候補","個別承認後に評価"
"C:\fchart\$FchartTempDir$\新しいフォルダ\WTI原油.csv","WTI原油.csv",".csv","File","設定・定義候補",,"ファイル名・拡張子・配置のみ","メタ情報候補","個別承認後に評価"
"C:\fchart\$FchartTempDir$\新しいフォルダ\さわかみ.csv","さわかみ.csv",".csv","File","設定・定義候補",,"ファイル名・拡張子・配置のみ","メタ情報候補","個別承認後に評価"
"C:\fchart\$FchartTempDir$\新しいフォルダ\ガス.csv","ガス.csv",".csv","File","設定・定義候補",,"ファイル名・拡張子・配置のみ","メタ情報候補","個別承認後に評価"
"C:\fchart\$FchartTempDir$\新しいフォルダ\ゴム.csv","ゴム.csv",".csv","File","設定・定義候補",,"ファイル名・拡張子・配置のみ","メタ情報候補","個別承認後に評価"
"C:\fchart\$FchartTempDir$\新しいフォルダ\サービス.csv","サービス.csv",".csv","File","設定・定義候補",,"ファイル名・拡張子・配置のみ","メタ情報候補","個別承認後に評価"
"C:\fchart\$FchartTempDir$\新しいフォルダ\パルプ紙.csv","パルプ紙.csv",".csv","File","設定・定義候補",,"ファイル名・拡張子・配置のみ","メタ情報候補","個別承認後に評価"
"C:\fchart\$FchartTempDir$\新しいフォルダ\三市場残.csv","三市場残.csv",".csv","File","設定・定義候補",,"ファイル名・拡張子・配置のみ","メタ情報候補","個別承認後に評価"
"C:\fchart\$FchartTempDir$\新しいフォルダ\不動産.csv","不動産.csv",".csv","File","設定・定義候補",,"ファイル名・拡張子・配置のみ","メタ情報候補","個別承認後に評価"
"C:\fchart\$FchartTempDir$\新しいフォルダ\他製造.csv","他製造.csv",".csv","File","設定・定義候補",,"ファイル名・拡張子・配置のみ","メタ情報候補","個別承認後に評価"
"C:\fchart\$FchartTempDir$\新しいフォルダ\他金融.csv","他金融.csv",".csv","File","設定・定義候補",,"ファイル名・拡張子・配置のみ","メタ情報候補","個別承認後に評価"
"C:\fchart\$FchartTempDir$\新しいフォルダ\保険.csv","保険.csv",".csv","File","設定・定義候補",,"ファイル名・拡張子・配置のみ","メタ情報候補","個別承認後に評価"
"C:\fchart\$FchartTempDir$\新しいフォルダ\倉庫.csv","倉庫.csv",".csv","File","設定・定義候補",,"ファイル名・拡張子・配置のみ","メタ情報候補","個別承認後に評価"
"C:\fchart\$FchartTempDir$\新しいフォルダ\値上下.csv","値上下.csv",".csv","File","設定・定義候補",,"ファイル名・拡張子・配置のみ","メタ情報候補","個別承認後に評価"
"C:\fchart\$FchartTempDir$\新しいフォルダ\円ドル.csv","円ドル.csv",".csv","File","設定・定義候補",,"ファイル名・拡張子・配置のみ","メタ情報候補","個別承認後に評価"
"C:\fchart\$FchartTempDir$\新しいフォルダ\円ﾕｰﾛ.csv","円ﾕｰﾛ.csv",".csv","File","設定・定義候補",,"ファイル名・拡張子・配置のみ","メタ情報候補","個別承認後に評価"
"C:\fchart\$FchartTempDir$\新しいフォルダ\化学.csv","化学.csv",".csv","File","設定・定義候補",,"ファイル名・拡張子・配置のみ","メタ情報候補","個別承認後に評価"
"C:\fchart\$FchartTempDir$\新しいフォルダ\医薬品.csv","医薬品.csv",".csv","File","設定・定義候補",,"ファイル名・拡張子・配置のみ","メタ情報候補","個別承認後に評価"
"C:\fchart\$FchartTempDir$\新しいフォルダ\商社.csv","商社.csv",".csv","File","設定・定義候補",,"ファイル名・拡張子・配置のみ","メタ情報候補","個別承認後に評価"
"C:\fchart\$FchartTempDir$\新しいフォルダ\国債先物.csv","国債先物.csv",".csv","File","設定・定義候補",,"ファイル名・拡張子・配置のみ","メタ情報候補","個別承認後に評価"
"C:\fchart\$FchartTempDir$\新しいフォルダ\外国証券.csv","外国証券.csv",".csv","File","設定・定義候補",,"ファイル名・拡張子・配置のみ","メタ情報候補","個別承認後に評価"
"C:\fchart\$FchartTempDir$\新しいフォルダ\小売業.csv","小売業.csv",".csv","File","設定・定義候補",,"ファイル名・拡張子・配置のみ","メタ情報候補","個別承認後に評価"
"C:\fchart\$FchartTempDir$\新しいフォルダ\建設.csv","建設.csv",".csv","File","設定・定義候補",,"ファイル名・拡張子・配置のみ","メタ情報候補","個別承認後に評価"
"C:\fchart\$FchartTempDir$\新しいフォルダ\日経ドル.csv","日経ドル.csv",".csv","File","設定・定義候補",,"ファイル名・拡張子・配置のみ","メタ情報候補","個別承認後に評価"
"C:\fchart\$FchartTempDir$\新しいフォルダ\日経先物.csv","日経先物.csv",".csv","File","設定・定義候補",,"ファイル名・拡張子・配置のみ","メタ情報候補","個別承認後に評価"
"C:\fchart\$FchartTempDir$\新しいフォルダ\東証中型.csv","東証中型.csv",".csv","File","設定・定義候補",,"ファイル名・拡張子・配置のみ","メタ情報候補","個別承認後に評価"
"C:\fchart\$FchartTempDir$\新しいフォルダ\東証先物.csv","東証先物.csv",".csv","File","設定・定義候補",,"ファイル名・拡張子・配置のみ","メタ情報候補","個別承認後に評価"
"C:\fchart\$FchartTempDir$\新しいフォルダ\東証単純.csv","東証単純.csv",".csv","File","設定・定義候補",,"ファイル名・拡張子・配置のみ","メタ情報候補","個別承認後に評価"
"C:\fchart\$FchartTempDir$\新しいフォルダ\東証大型.csv","東証大型.csv",".csv","File","設定・定義候補",,"ファイル名・拡張子・配置のみ","メタ情報候補","個別承認後に評価"
"C:\fchart\$FchartTempDir$\新しいフォルダ\東証小型.csv","東証小型.csv",".csv","File","設定・定義候補",,"ファイル名・拡張子・配置のみ","メタ情報候補","個別承認後に評価"
"C:\fchart\$FchartTempDir$\新しいフォルダ\機械.csv","機械.csv",".csv","File","設定・定義候補",,"ファイル名・拡張子・配置のみ","メタ情報候補","個別承認後に評価"
"C:\fchart\$FchartTempDir$\新しいフォルダ\水産.csv","水産.csv",".csv","File","設定・定義候補",,"ファイル名・拡張子・配置のみ","メタ情報候補","個別承認後に評価"
"C:\fchart\$FchartTempDir$\新しいフォルダ\海運.csv","海運.csv",".csv","File","設定・定義候補",,"ファイル名・拡張子・配置のみ","メタ情報候補","個別承認後に評価"
"C:\fchart\$FchartTempDir$\新しいフォルダ\石油.csv","石油.csv",".csv","File","設定・定義候補",,"ファイル名・拡張子・配置のみ","メタ情報候補","個別承認後に評価"
"C:\fchart\$FchartTempDir$\新しいフォルダ\空運.csv","空運.csv",".csv","File","設定・定義候補",,"ファイル名・拡張子・配置のみ","メタ情報候補","個別承認後に評価"
"C:\fchart\$FchartTempDir$\新しいフォルダ\窯業.csv","窯業.csv",".csv","File","設定・定義候補",,"ファイル名・拡張子・配置のみ","メタ情報候補","個別承認後に評価"
"C:\fchart\$FchartTempDir$\新しいフォルダ\精密機器.csv","精密機器.csv",".csv","File","設定・定義候補",,"ファイル名・拡張子・配置のみ","メタ情報候補","個別承認後に評価"
"C:\fchart\$FchartTempDir$\新しいフォルダ\繊維.csv","繊維.csv",".csv","File","設定・定義候補",,"ファイル名・拡張子・配置のみ","メタ情報候補","個別承認後に評価"
"C:\fchart\$FchartTempDir$\新しいフォルダ\自動車.csv","自動車.csv",".csv","File","設定・定義候補",,"ファイル名・拡張子・配置のみ","メタ情報候補","個別承認後に評価"
"C:\fchart\$FchartTempDir$\新しいフォルダ\裁定残.csv","裁定残.csv",".csv","File","設定・定義候補",,"ファイル名・拡張子・配置のみ","メタ情報候補","個別承認後に評価"
"C:\fchart\$FchartTempDir$\新しいフォルダ\証券.csv","証券.csv",".csv","File","設定・定義候補",,"ファイル名・拡張子・配置のみ","メタ情報候補","個別承認後に評価"
"C:\fchart\$FchartTempDir$\新しいフォルダ\輸送機器.csv","輸送機器.csv",".csv","File","設定・定義候補",,"ファイル名・拡張子・配置のみ","メタ情報候補","個別承認後に評価"
"C:\fchart\$FchartTempDir$\新しいフォルダ\通信.csv","通信.csv",".csv","File","設定・定義候補",,"ファイル名・拡張子・配置のみ","メタ情報候補","個別承認後に評価"
"C:\fchart\$FchartTempDir$\新しいフォルダ\造船.csv","造船.csv",".csv","File","設定・定義候補",,"ファイル名・拡張子・配置のみ","メタ情報候補","個別承認後に評価"
"C:\fchart\$FchartTempDir$\新しいフォルダ\鉄道バス.csv","鉄道バス.csv",".csv","File","設定・定義候補",,"ファイル名・拡張子・配置のみ","メタ情報候補","個別承認後に評価"
"C:\fchart\$FchartTempDir$\新しいフォルダ\鉄鋼.csv","鉄鋼.csv",".csv","File","設定・定義候補",,"ファイル名・拡張子・配置のみ","メタ情報候補","個別承認後に評価"
"C:\fchart\$FchartTempDir$\新しいフォルダ\鉱業.csv","鉱業.csv",".csv","File","設定・定義候補",,"ファイル名・拡張子・配置のみ","メタ情報候補","個別承認後に評価"
"C:\fchart\$FchartTempDir$\新しいフォルダ\銀行.csv","銀行.csv",".csv","File","設定・定義候補",,"ファイル名・拡張子・配置のみ","メタ情報候補","個別承認後に評価"
"C:\fchart\$FchartTempDir$\新しいフォルダ\陸運.csv","陸運.csv",".csv","File","設定・定義候補",,"ファイル名・拡張子・配置のみ","メタ情報候補","個別承認後に評価"
"C:\fchart\$FchartTempDir$\新しいフォルダ\電力.csv","電力.csv",".csv","File","設定・定義候補",,"ファイル名・拡張子・配置のみ","メタ情報候補","個別承認後に評価"
"C:\fchart\$FchartTempDir$\新しいフォルダ\電気機器.csv","電気機器.csv",".csv","File","設定・定義候補",,"ファイル名・拡張子・配置のみ","メタ情報候補","個別承認後に評価"
"C:\fchart\$FchartTempDir$\新しいフォルダ\非鉄金属.csv","非鉄金属.csv",".csv","File","設定・定義候補",,"ファイル名・拡張子・配置のみ","メタ情報候補","個別承認後に評価"
"C:\fchart\$FchartTempDir$\新しいフォルダ\食品.csv","食品.csv",".csv","File","設定・定義候補",,"ファイル名・拡張子・配置のみ","メタ情報候補","個別承認後に評価"
"C:\fchart\$FchartTempDir$\新しいフォルダ\騰落中型.csv","騰落中型.csv",".csv","File","設定・定義候補",,"ファイル名・拡張子・配置のみ","メタ情報候補","個別承認後に評価"
"C:\fchart\$FchartTempDir$\新しいフォルダ\騰落大型.csv","騰落大型.csv",".csv","File","設定・定義候補",,"ファイル名・拡張子・配置のみ","メタ情報候補","個別承認後に評価"
"C:\fchart\$FchartTempDir$\新しいフォルダ\騰落小型.csv","騰落小型.csv",".csv","File","設定・定義候補",,"ファイル名・拡張子・配置のみ","メタ情報候補","個別承認後に評価"
"C:\fchart\$FchartTempDir$\新しいフォルダ\騰落店頭.csv","騰落店頭.csv",".csv","File","設定・定義候補",,"ファイル名・拡張子・配置のみ","メタ情報候補","個別承認後に評価"
"C:\fchart\$FchartTempDir$\新しいフォルダ\騰落東１.csv","騰落東１.csv",".csv","File","設定・定義候補",,"ファイル名・拡張子・配置のみ","メタ情報候補","個別承認後に評価"
"C:\fchart\$FchartTempDir$\新しいフォルダ\騰落ﾍﾗ.csv","騰落ﾍﾗ.csv",".csv","File","設定・定義候補",,"ファイル名・拡張子・配置のみ","メタ情報候補","個別承認後に評価"
"C:\fchart\$FchartTempDir$\新しいフォルダ\騰落ﾚｼｵ.csv","騰落ﾚｼｵ.csv",".csv","File","設定・定義候補",,"ファイル名・拡張子・配置のみ","メタ情報候補","個別承認後に評価"
"C:\fchart\chokan\KABUJOHO\10002d.csv","10002d.csv",".csv","File","設定・定義候補",,"ファイル名・拡張子・配置のみ","メタ情報候補","個別承認後に評価"
"C:\fchart\chokan\KABUJOHO\20001d.csv","20001d.csv",".csv","File","設定・定義候補",,"ファイル名・拡張子・配置のみ","メタ情報候補","個別承認後に評価"
"C:\fchart\chokan\KABUJOHO\20010903.csv","20010903.csv",".csv","File","設定・定義候補",,"ファイル名・拡張子・配置のみ","メタ情報候補","個別承認後に評価"
"C:\fchart\chokan\KABUJOHO\20010904.csv","20010904.csv",".csv","File","設定・定義候補",,"ファイル名・拡張子・配置のみ","メタ情報候補","個別承認後に評価"
"C:\fchart\chokan\KABUJOHO\20010905.csv","20010905.csv",".csv","File","設定・定義候補",,"ファイル名・拡張子・配置のみ","メタ情報候補","個別承認後に評価"
"C:\fchart\chokan\KABUJOHO\20010906.csv","20010906.csv",".csv","File","設定・定義候補",,"ファイル名・拡張子・配置のみ","メタ情報候補","個別承認後に評価"
"C:\fchart\chokan\KABUJOHO\20010910.csv","20010910.csv",".csv","File","設定・定義候補",,"ファイル名・拡張子・配置のみ","メタ情報候補","個別承認後に評価"
"C:\fchart\chokan\KABUJOHO\20010911.csv","20010911.csv",".csv","File","設定・定義候補",,"ファイル名・拡張子・配置のみ","メタ情報候補","個別承認後に評価"
"C:\fchart\chokan\KABUJOHO\20010912.csv","20010912.csv",".csv","File","設定・定義候補",,"ファイル名・拡張子・配置のみ","メタ情報候補","個別承認後に評価"
"C:\fchart\chokan\KABUJOHO\20010913.csv","20010913.csv",".csv","File","設定・定義候補",,"ファイル名・拡張子・配置のみ","メタ情報候補","個別承認後に評価"
"C:\fchart\chokan\KABUJOHO\20010914.csv","20010914.csv",".csv","File","設定・定義候補",,"ファイル名・拡張子・配置のみ","メタ情報候補","個別承認後に評価"
"C:\fchart\chokan\KABUJOHO\20010917.csv","20010917.csv",".csv","File","設定・定義候補",,"ファイル名・拡張子・配置のみ","メタ情報候補","個別承認後に評価"
"C:\fchart\chokan\KABUJOHO\20010918.csv","20010918.csv",".csv","File","設定・定義候補",,"ファイル名・拡張子・配置のみ","メタ情報候補","個別承認後に評価"
"C:\fchart\chokan\KABUJOHO\20010919.csv","20010919.csv",".csv","File","設定・定義候補",,"ファイル名・拡張子・配置のみ","メタ情報候補","個別承認後に評価"
"C:\fchart\chokan\KABUJOHO\20010920.csv","20010920.csv",".csv","File","設定・定義候補",,"ファイル名・拡張子・配置のみ","メタ情報候補","個別承認後に評価"
"C:\fchart\chokan\KABUJOHO\20010921.csv","20010921.csv",".csv","File","設定・定義候補",,"ファイル名・拡張子・配置のみ","メタ情報候補","個別承認後に評価"
"C:\fchart\chokan\KABUJOHO\20010925.csv","20010925.csv",".csv","File","設定・定義候補",,"ファイル名・拡張子・配置のみ","メタ情報候補","個別承認後に評価"
"C:\fchart\chokan\KABUJOHO\20010926.csv","20010926.csv",".csv","File","設定・定義候補",,"ファイル名・拡張子・配置のみ","メタ情報候補","個別承認後に評価"
"C:\fchart\chokan\KABUJOHO\20010928.csv","20010928.csv",".csv","File","設定・定義候補",,"ファイル名・拡張子・配置のみ","メタ情報候補","個別承認後に評価"
"C:\fchart\chokan\KABUJOHO\20011001.csv","20011001.csv",".csv","File","設定・定義候補",,"ファイル名・拡張子・配置のみ","メタ情報候補","個別承認後に評価"
"C:\fchart\chokan\KABUJOHO\20011009.csv","20011009.csv",".csv","File","設定・定義候補",,"ファイル名・拡張子・配置のみ","メタ情報候補","個別承認後に評価"
"C:\fchart\chokan\KABUJOHO\20011010.csv","20011010.csv",".csv","File","設定・定義候補",,"ファイル名・拡張子・配置のみ","メタ情報候補","個別承認後に評価"
"C:\fchart\chokan\KABUJOHO\20011011.csv","20011011.csv",".csv","File","設定・定義候補",,"ファイル名・拡張子・配置のみ","メタ情報候補","個別承認後に評価"
"C:\fchart\chokan\KABUJOHO\20011012.csv","20011012.csv",".csv","File","設定・定義候補",,"ファイル名・拡張子・配置のみ","メタ情報候補","個別承認後に評価"
"C:\fchart\chokan\KABUJOHO\20011015.csv","20011015.csv",".csv","File","設定・定義候補",,"ファイル名・拡張子・配置のみ","メタ情報候補","個別承認後に評価"
"C:\fchart\chokan\KABUJOHO\20011016.csv","20011016.csv",".csv","File","設定・定義候補",,"ファイル名・拡張子・配置のみ","メタ情報候補","個別承認後に評価"
"C:\fchart\chokan\KABUJOHO\20011017.csv","20011017.csv",".csv","File","設定・定義候補",,"ファイル名・拡張子・配置のみ","メタ情報候補","個別承認後に評価"
"C:\fchart\chokan\KABUJOHO\20011022.csv","20011022.csv",".csv","File","設定・定義候補",,"ファイル名・拡張子・配置のみ","メタ情報候補","個別承認後に評価"
"C:\fchart\chokan\KABUJOHO\20011023.csv","20011023.csv",".csv","File","設定・定義候補",,"ファイル名・拡張子・配置のみ","メタ情報候補","個別承認後に評価"
"C:\fchart\chokan\KABUJOHO\20011024.csv","20011024.csv",".csv","File","設定・定義候補",,"ファイル名・拡張子・配置のみ","メタ情報候補","個別承認後に評価"
"C:\fchart\chokan\KABUJOHO\20011029.csv","20011029.csv",".csv","File","設定・定義候補",,"ファイル名・拡張子・配置のみ","メタ情報候補","個別承認後に評価"
"C:\fchart\chokan\KABUJOHO\20011030.csv","20011030.csv",".csv","File","設定・定義候補",,"ファイル名・拡張子・配置のみ","メタ情報候補","個別承認後に評価"
"C:\fchart\chokan\KABUJOHO\20011105.csv","20011105.csv",".csv","File","設定・定義候補",,"ファイル名・拡張子・配置のみ","メタ情報候補","個別承認後に評価"
"C:\fchart\chokan\KABUJOHO\20011106.csv","20011106.csv",".csv","File","設定・定義候補",,"ファイル名・拡張子・配置のみ","メタ情報候補","個別承認後に評価"
"C:\fchart\chokan\KABUJOHO\20011107.csv","20011107.csv",".csv","File","設定・定義候補",,"ファイル名・拡張子・配置のみ","メタ情報候補","個別承認後に評価"
"C:\fchart\chokan\KABUJOHO\D070305.csv","D070305.csv",".csv","File","設定・定義候補",,"ファイル名・拡張子・配置のみ","メタ情報候補","個別承認後に評価"
"C:\fchart\chokan\KABUJOHO\D070306.csv","D070306.csv",".csv","File","設定・定義候補",,"ファイル名・拡張子・配置のみ","メタ情報候補","個別承認後に評価"
"C:\fchart\chokan\KABUJOHO\D070307.csv","D070307.csv",".csv","File","設定・定義候補",,"ファイル名・拡張子・配置のみ","メタ情報候補","個別承認後に評価"
"C:\fchart\chokan\KABUJOHO\D070309.csv","D070309.csv",".csv","File","設定・定義候補",,"ファイル名・拡張子・配置のみ","メタ情報候補","個別承認後に評価"
"C:\fchart\chokan\KABUJOHO\D070312.csv","D070312.csv",".csv","File","設定・定義候補",,"ファイル名・拡張子・配置のみ","メタ情報候補","個別承認後に評価"
"C:\fchart\chokan\KABUJOHO\D070313.csv","D070313.csv",".csv","File","設定・定義候補",,"ファイル名・拡張子・配置のみ","メタ情報候補","個別承認後に評価"
"C:\fchart\chokan\KABUJOHO\D070314.csv","D070314.csv",".csv","File","設定・定義候補",,"ファイル名・拡張子・配置のみ","メタ情報候補","個別承認後に評価"
"C:\fchart\chokan\KABUJOHO\D070315.csv","D070315.csv",".csv","File","設定・定義候補",,"ファイル名・拡張子・配置のみ","メタ情報候補","個別承認後に評価"
"C:\fchart\chokan\KABUJOHO\D070316.csv","D070316.csv",".csv","File","設定・定義候補",,"ファイル名・拡張子・配置のみ","メタ情報候補","個別承認後に評価"
"C:\fchart\chokan\KABUJOHO\D070319.csv","D070319.csv",".csv","File","設定・定義候補",,"ファイル名・拡張子・配置のみ","メタ情報候補","個別承認後に評価"
"C:\fchart\chokan\KABUJOHO\D070320.csv","D070320.csv",".csv","File","設定・定義候補",,"ファイル名・拡張子・配置のみ","メタ情報候補","個別承認後に評価"
"C:\fchart\chokan\KABUJOHO\D070322.csv","D070322.csv",".csv","File","設定・定義候補",,"ファイル名・拡張子・配置のみ","メタ情報候補","個別承認後に評価"
"C:\fchart\chokan\KABUJOHO\D070323.csv","D070323.csv",".csv","File","設定・定義候補",,"ファイル名・拡張子・配置のみ","メタ情報候補","個別承認後に評価"
"C:\fchart\chokan\KABUJOHO\D070326.csv","D070326.csv",".csv","File","設定・定義候補",,"ファイル名・拡張子・配置のみ","メタ情報候補","個別承認後に評価"
"C:\fchart\chokan\KABUJOHO\D070327.csv","D070327.csv",".csv","File","設定・定義候補",,"ファイル名・拡張子・配置のみ","メタ情報候補","個別承認後に評価"
"C:\fchart\chokan\KABUJOHO\D070328.csv","D070328.csv",".csv","File","設定・定義候補",,"ファイル名・拡張子・配置のみ","メタ情報候補","個別承認後に評価"
"C:\fchart\chokan\KABUJOHO\D070329.csv","D070329.csv",".csv","File","設定・定義候補",,"ファイル名・拡張子・配置のみ","メタ情報候補","個別承認後に評価"
"C:\fchart\chokan\KABUJOHO\D070330.csv","D070330.csv",".csv","File","設定・定義候補",,"ファイル名・拡張子・配置のみ","メタ情報候補","個別承認後に評価"
"C:\fchart\chokan\KABUJOHO\D070402.csv","D070402.csv",".csv","File","設定・定義候補",,"ファイル名・拡張子・配置のみ","メタ情報候補","個別承認後に評価"
"C:\fchart\chokan\KABUJOHO\D070403.csv","D070403.csv",".csv","File","設定・定義候補",,"ファイル名・拡張子・配置のみ","メタ情報候補","個別承認後に評価"
"C:\fchart\chokan\KABUJOHO\D070404.csv","D070404.csv",".csv","File","設定・定義候補",,"ファイル名・拡張子・配置のみ","メタ情報候補","個別承認後に評価"
"C:\fchart\chokan\KABUJOHO\D070405.csv","D070405.csv",".csv","File","設定・定義候補",,"ファイル名・拡張子・配置のみ","メタ情報候補","個別承認後に評価"
"C:\fchart\chokan\KABUJOHO\D070406.csv","D070406.csv",".csv","File","設定・定義候補",,"ファイル名・拡張子・配置のみ","メタ情報候補","個別承認後に評価"
"C:\fchart\chokan\KABUJOHO\D070409.csv","D070409.csv",".csv","File","設定・定義候補",,"ファイル名・拡張子・配置のみ","メタ情報候補","個別承認後に評価"
"C:\fchart\chokan\KABUJOHO\D070410.csv","D070410.csv",".csv","File","設定・定義候補",,"ファイル名・拡張子・配置のみ","メタ情報候補","個別承認後に評価"
"C:\fchart\chokan\KABUJOHO\D070411.csv","D070411.csv",".csv","File","設定・定義候補",,"ファイル名・拡張子・配置のみ","メタ情報候補","個別承認後に評価"
"C:\fchart\chokan\KABUJOHO\D070413.csv","D070413.csv",".csv","File","設定・定義候補",,"ファイル名・拡張子・配置のみ","メタ情報候補","個別承認後に評価"
"C:\fchart\chokan\KABUJOHO\D070416.csv","D070416.csv",".csv","File","設定・定義候補",,"ファイル名・拡張子・配置のみ","メタ情報候補","個別承認後に評価"
"C:\fchart\chokan\KABUJOHO\D070417.csv","D070417.csv",".csv","File","設定・定義候補",,"ファイル名・拡張子・配置のみ","メタ情報候補","個別承認後に評価"
"C:\fchart\chokan\KABUJOHO\D070418.csv","D070418.csv",".csv","File","設定・定義候補",,"ファイル名・拡張子・配置のみ","メタ情報候補","個別承認後に評価"
"C:\fchart\chokan\KABUJOHO\D070420.csv","D070420.csv",".csv","File","設定・定義候補",,"ファイル名・拡張子・配置のみ","メタ情報候補","個別承認後に評価"
"C:\fchart\chokan\KABUJOHO\D070423.csv","D070423.csv",".csv","File","設定・定義候補",,"ファイル名・拡張子・配置のみ","メタ情報候補","個別承認後に評価"
"C:\fchart\chokan\KABUJOHO\D070424.csv","D070424.csv",".csv","File","設定・定義候補",,"ファイル名・拡張子・配置のみ","メタ情報候補","個別承認後に評価"
"C:\fchart\chokan\KABUJOHO\D070425.csv","D070425.csv",".csv","File","設定・定義候補",,"ファイル名・拡張子・配置のみ","メタ情報候補","個別承認後に評価"
"C:\fchart\chokan\KABUJOHO\D070426.csv","D070426.csv",".csv","File","設定・定義候補",,"ファイル名・拡張子・配置のみ","メタ情報候補","個別承認後に評価"
"C:\fchart\chokan\KABUJOHO\D070501.csv","D070501.csv",".csv","File","設定・定義候補",,"ファイル名・拡張子・配置のみ","メタ情報候補","個別承認後に評価"
"C:\fchart\chokan\KABUJOHO\D070502.csv","D070502.csv",".csv","File","設定・定義候補",,"ファイル名・拡張子・配置のみ","メタ情報候補","個別承認後に評価"
"C:\fchart\chokan\KABUJOHO\D070507.csv","D070507.csv",".csv","File","設定・定義候補",,"ファイル名・拡張子・配置のみ","メタ情報候補","個別承認後に評価"
"C:\fchart\chokan\KABUJOHO\D070508.csv","D070508.csv",".csv","File","設定・定義候補",,"ファイル名・拡張子・配置のみ","メタ情報候補","個別承認後に評価"
"C:\fchart\chokan\KABUJOHO\D070509.csv","D070509.csv",".csv","File","設定・定義候補",,"ファイル名・拡張子・配置のみ","メタ情報候補","個別承認後に評価"
"C:\fchart\chokan\KABUJOHO\D070510.csv","D070510.csv",".csv","File","設定・定義候補",,"ファイル名・拡張子・配置のみ","メタ情報候補","個別承認後に評価"
"C:\fchart\chokan\KABUJOHO\D070511.csv","D070511.csv",".csv","File","設定・定義候補",,"ファイル名・拡張子・配置のみ","メタ情報候補","個別承認後に評価"
"C:\fchart\chokan\KABUJOHO\D070514.csv","D070514.csv",".csv","File","設定・定義候補",,"ファイル名・拡張子・配置のみ","メタ情報候補","個別承認後に評価"
"C:\fchart\chokan\KABUJOHO\D070515.csv","D070515.csv",".csv","File","設定・定義候補",,"ファイル名・拡張子・配置のみ","メタ情報候補","個別承認後に評価"
"C:\fchart\chokan\KABUJOHO\D070516.csv","D070516.csv",".csv","File","設定・定義候補",,"ファイル名・拡張子・配置のみ","メタ情報候補","個別承認後に評価"
"C:\fchart\chokan\KABUJOHO\D070517.csv","D070517.csv",".csv","File","設定・定義候補",,"ファイル名・拡張子・配置のみ","メタ情報候補","個別承認後に評価"
"C:\fchart\chokan\KABUJOHO\D070518.csv","D070518.csv",".csv","File","設定・定義候補",,"ファイル名・拡張子・配置のみ","メタ情報候補","個別承認後に評価"
"C:\fchart\chokan\KABUJOHO\D070521.csv","D070521.csv",".csv","File","設定・定義候補",,"ファイル名・拡張子・配置のみ","メタ情報候補","個別承認後に評価"
"C:\fchart\chokan\KABUJOHO\D070522.csv","D070522.csv",".csv","File","設定・定義候補",,"ファイル名・拡張子・配置のみ","メタ情報候補","個別承認後に評価"
"C:\fchart\chokan\KABUJOHO\D070523.csv","D070523.csv",".csv","File","設定・定義候補",,"ファイル名・拡張子・配置のみ","メタ情報候補","個別承認後に評価"
"C:\fchart\chokan\KABUJOHO\D070524.csv","D070524.csv",".csv","File","設定・定義候補",,"ファイル名・拡張子・配置のみ","メタ情報候補","個別承認後に評価"
"C:\fchart\chokan\KABUJOHO\D070525.csv","D070525.csv",".csv","File","設定・定義候補",,"ファイル名・拡張子・配置のみ","メタ情報候補","個別承認後に評価"
"C:\fchart\chokan\KABUJOHO\D070528.csv","D070528.csv",".csv","File","設定・定義候補",,"ファイル名・拡張子・配置のみ","メタ情報候補","個別承認後に評価"
"C:\fchart\chokan\KABUJOHO\D070529.csv","D070529.csv",".csv","File","設定・定義候補",,"ファイル名・拡張子・配置のみ","メタ情報候補","個別承認後に評価"
"C:\fchart\chokan\KABUJOHO\D070530.csv","D070530.csv",".csv","File","設定・定義候補",,"ファイル名・拡張子・配置のみ","メタ情報候補","個別承認後に評価"
"C:\fchart\chokan\KABUJOHO\D070531.csv","D070531.csv",".csv","File","設定・定義候補",,"ファイル名・拡張子・配置のみ","メタ情報候補","個別承認後に評価"
"C:\fchart\chokan\KABUJOHO\D070601.csv","D070601.csv",".csv","File","設定・定義候補",,"ファイル名・拡張子・配置のみ","メタ情報候補","個別承認後に評価"
"C:\fchart\chokan\KABUJOHO\D070604.csv","D070604.csv",".csv","File","設定・定義候補",,"ファイル名・拡張子・配置のみ","メタ情報候補","個別承認後に評価"
"C:\fchart\chokan\KABUJOHO\D070605.csv","D070605.csv",".csv","File","設定・定義候補",,"ファイル名・拡張子・配置のみ","メタ情報候補","個別承認後に評価"
"C:\fchart\chokan\KABUJOHO\D070606.csv","D070606.csv",".csv","File","設定・定義候補",,"ファイル名・拡張子・配置のみ","メタ情報候補","個別承認後に評価"
"C:\fchart\chokan\KABUJOHO\D070608.csv","D070608.csv",".csv","File","設定・定義候補",,"ファイル名・拡張子・配置のみ","メタ情報候補","個別承認後に評価"
"C:\fchart\chokan\KABUJOHO\D070611.csv","D070611.csv",".csv","File","設定・定義候補",,"ファイル名・拡張子・配置のみ","メタ情報候補","個別承認後に評価"
"C:\fchart\chokan\KABUJOHO\D070612.csv","D070612.csv",".csv","File","設定・定義候補",,"ファイル名・拡張子・配置のみ","メタ情報候補","個別承認後に評価"
"C:\fchart\chokan\KABUJOHO\D070613.csv","D070613.csv",".csv","File","設定・定義候補",,"ファイル名・拡張子・配置のみ","メタ情報候補","個別承認後に評価"
"C:\fchart\chokan\KABUJOHO\D070614.csv","D070614.csv",".csv","File","設定・定義候補",,"ファイル名・拡張子・配置のみ","メタ情報候補","個別承認後に評価"
"C:\fchart\chokan\KABUJOHO\D070615.csv","D070615.csv",".csv","File","設定・定義候補",,"ファイル名・拡張子・配置のみ","メタ情報候補","個別承認後に評価"
"C:\fchart\chokan\KABUJOHO\D070618.csv","D070618.csv",".csv","File","設定・定義候補",,"ファイル名・拡張子・配置のみ","メタ情報候補","個別承認後に評価"
"C:\fchart\chokan\KABUJOHO\D070619.csv","D070619.csv",".csv","File","設定・定義候補",,"ファイル名・拡張子・配置のみ","メタ情報候補","個別承認後に評価"
"C:\fchart\chokan\KABUJOHO\D070620.csv","D070620.csv",".csv","File","設定・定義候補",,"ファイル名・拡張子・配置のみ","メタ情報候補","個別承認後に評価"
"C:\fchart\chokan\KABUJOHO\D070621.csv","D070621.csv",".csv","File","設定・定義候補",,"ファイル名・拡張子・配置のみ","メタ情報候補","個別承認後に評価"
"C:\fchart\chokan\KABUJOHO\D070625.csv","D070625.csv",".csv","File","設定・定義候補",,"ファイル名・拡張子・配置のみ","メタ情報候補","個別承認後に評価"
"C:\fchart\chokan\KABUJOHO\D070626.csv","D070626.csv",".csv","File","設定・定義候補",,"ファイル名・拡張子・配置のみ","メタ情報候補","個別承認後に評価"
"C:\fchart\chokan\KABUJOHO\D070629.csv","D070629.csv",".csv","File","設定・定義候補",,"ファイル名・拡張子・配置のみ","メタ情報候補","個別承認後に評価"
"C:\fchart\chokan\KABUJOHO\D070702.csv","D070702.csv",".csv","File","設定・定義候補",,"ファイル名・拡張子・配置のみ","メタ情報候補","個別承認後に評価"
"C:\fchart\chokan\KABUJOHO\D070703.csv","D070703.csv",".csv","File","設定・定義候補",,"ファイル名・拡張子・配置のみ","メタ情報候補","個別承認後に評価"
"C:\fchart\chokan\KABUJOHO\D070704.csv","D070704.csv",".csv","File","設定・定義候補",,"ファイル名・拡張子・配置のみ","メタ情報候補","個別承認後に評価"
"C:\fchart\chokan\KABUJOHO\D070705.csv","D070705.csv",".csv","File","設定・定義候補",,"ファイル名・拡張子・配置のみ","メタ情報候補","個別承認後に評価"
"C:\fchart\chokan\KABUJOHO\D070706.csv","D070706.csv",".csv","File","設定・定義候補",,"ファイル名・拡張子・配置のみ","メタ情報候補","個別承認後に評価"
"C:\fchart\chokan\KABUJOHO\D070709.csv","D070709.csv",".csv","File","設定・定義候補",,"ファイル名・拡張子・配置のみ","メタ情報候補","個別承認後に評価"
"C:\fchart\chokan\KABUJOHO\D070710.csv","D070710.csv",".csv","File","設定・定義候補",,"ファイル名・拡張子・配置のみ","メタ情報候補","個別承認後に評価"
"C:\fchart\chokan\KABUJOHO\D070711.csv","D070711.csv",".csv","File","設定・定義候補",,"ファイル名・拡張子・配置のみ","メタ情報候補","個別承認後に評価"
"C:\fchart\chokan\KABUJOHO\D070712.csv","D070712.csv",".csv","File","設定・定義候補",,"ファイル名・拡張子・配置のみ","メタ情報候補","個別承認後に評価"
"C:\fchart\chokan\KABUJOHO\D070713.csv","D070713.csv",".csv","File","設定・定義候補",,"ファイル名・拡張子・配置のみ","メタ情報候補","個別承認後に評価"
"C:\fchart\chokan\KABUJOHO\D070717.csv","D070717.csv",".csv","File","設定・定義候補",,"ファイル名・拡張子・配置のみ","メタ情報候補","個別承認後に評価"
"C:\fchart\chokan\KABUJOHO\D070718.csv","D070718.csv",".csv","File","設定・定義候補",,"ファイル名・拡張子・配置のみ","メタ情報候補","個別承認後に評価"
"C:\fchart\chokan\KABUJOHO\D070719.csv","D070719.csv",".csv","File","設定・定義候補",,"ファイル名・拡張子・配置のみ","メタ情報候補","個別承認後に評価"
"C:\fchart\chokan\KABUJOHO\D070720.csv","D070720.csv",".csv","File","設定・定義候補",,"ファイル名・拡張子・配置のみ","メタ情報候補","個別承認後に評価"
"C:\fchart\chokan\KABUJOHO\D070723.csv","D070723.csv",".csv","File","設定・定義候補",,"ファイル名・拡張子・配置のみ","メタ情報候補","個別承認後に評価"
"C:\fchart\chokan\KABUJOHO\D070724.csv","D070724.csv",".csv","File","設定・定義候補",,"ファイル名・拡張子・配置のみ","メタ情報候補","個別承認後に評価"
"C:\fchart\chokan\KABUJOHO\D070725.csv","D070725.csv",".csv","File","設定・定義候補",,"ファイル名・拡張子・配置のみ","メタ情報候補","個別承認後に評価"
"C:\fchart\chokan\KABUJOHO\D070726.csv","D070726.csv",".csv","File","設定・定義候補",,"ファイル名・拡張子・配置のみ","メタ情報候補","個別承認後に評価"
"C:\fchart\chokan\KABUJOHO\D070727.csv","D070727.csv",".csv","File","設定・定義候補",,"ファイル名・拡張子・配置のみ","メタ情報候補","個別承認後に評価"
"C:\fchart\chokan\KABUJOHO\D070730.csv","D070730.csv",".csv","File","設定・定義候補",,"ファイル名・拡張子・配置のみ","メタ情報候補","個別承認後に評価"
"C:\fchart\chokan\KABUJOHO\D070731.csv","D070731.csv",".csv","File","設定・定義候補",,"ファイル名・拡張子・配置のみ","メタ情報候補","個別承認後に評価"
"C:\fchart\chokan\KABUJOHO\D070801.csv","D070801.csv",".csv","File","設定・定義候補",,"ファイル名・拡張子・配置のみ","メタ情報候補","個別承認後に評価"
"C:\fchart\chokan\KABUJOHO\D070802.csv","D070802.csv",".csv","File","設定・定義候補",,"ファイル名・拡張子・配置のみ","メタ情報候補","個別承認後に評価"
"C:\fchart\chokan\KABUJOHO\D070803.csv","D070803.csv",".csv","File","設定・定義候補",,"ファイル名・拡張子・配置のみ","メタ情報候補","個別承認後に評価"
"C:\fchart\chokan\KABUJOHO\D070806.csv","D070806.csv",".csv","File","設定・定義候補",,"ファイル名・拡張子・配置のみ","メタ情報候補","個別承認後に評価"
"C:\fchart\chokan\KABUJOHO\D070807.csv","D070807.csv",".csv","File","設定・定義候補",,"ファイル名・拡張子・配置のみ","メタ情報候補","個別承認後に評価"
"C:\fchart\chokan\KABUJOHO\D070808.csv","D070808.csv",".csv","File","設定・定義候補",,"ファイル名・拡張子・配置のみ","メタ情報候補","個別承認後に評価"
"C:\fchart\chokan\KABUJOHO\D070809.csv","D070809.csv",".csv","File","設定・定義候補",,"ファイル名・拡張子・配置のみ","メタ情報候補","個別承認後に評価"
"C:\fchart\chokan\KABUJOHO\D070810.csv","D070810.csv",".csv","File","設定・定義候補",,"ファイル名・拡張子・配置のみ","メタ情報候補","個別承認後に評価"
"C:\fchart\chokan\KABUJOHO\D070813.csv","D070813.csv",".csv","File","設定・定義候補",,"ファイル名・拡張子・配置のみ","メタ情報候補","個別承認後に評価"
"C:\fchart\chokan\KABUJOHO\D070814.csv","D070814.csv",".csv","File","設定・定義候補",,"ファイル名・拡張子・配置のみ","メタ情報候補","個別承認後に評価"
"C:\fchart\chokan\KABUJOHO\D070815.csv","D070815.csv",".csv","File","設定・定義候補",,"ファイル名・拡張子・配置のみ","メタ情報候補","個別承認後に評価"
"C:\fchart\chokan\KABUJOHO\D070816.csv","D070816.csv",".csv","File","設定・定義候補",,"ファイル名・拡張子・配置のみ","メタ情報候補","個別承認後に評価"
"C:\fchart\chokan\KABUJOHO\D070817.csv","D070817.csv",".csv","File","設定・定義候補",,"ファイル名・拡張子・配置のみ","メタ情報候補","個別承認後に評価"
"C:\fchart\chokan\KABUJOHO\D070820.csv","D070820.csv",".csv","File","設定・定義候補",,"ファイル名・拡張子・配置のみ","メタ情報候補","個別承認後に評価"
"C:\fchart\chokan\KABUJOHO\D070821.csv","D070821.csv",".csv","File","設定・定義候補",,"ファイル名・拡張子・配置のみ","メタ情報候補","個別承認後に評価"
"C:\fchart\chokan\KABUJOHO\D070822.csv","D070822.csv",".csv","File","設定・定義候補",,"ファイル名・拡張子・配置のみ","メタ情報候補","個別承認後に評価"
"C:\fchart\chokan\KABUJOHO\D070823.csv","D070823.csv",".csv","File","設定・定義候補",,"ファイル名・拡張子・配置のみ","メタ情報候補","個別承認後に評価"
"C:\fchart\chokan\KABUJOHO\D070824.csv","D070824.csv",".csv","File","設定・定義候補",,"ファイル名・拡張子・配置のみ","メタ情報候補","個別承認後に評価"
"C:\fchart\chokan\KABUJOHO\D070827.csv","D070827.csv",".csv","File","設定・定義候補",,"ファイル名・拡張子・配置のみ","メタ情報候補","個別承認後に評価"
"C:\fchart\chokan\KABUJOHO\D070828.csv","D070828.csv",".csv","File","設定・定義候補",,"ファイル名・拡張子・配置のみ","メタ情報候補","個別承認後に評価"
"C:\fchart\chokan\KABUJOHO\D070829.csv","D070829.csv",".csv","File","設定・定義候補",,"ファイル名・拡張子・配置のみ","メタ情報候補","個別承認後に評価"
"C:\fchart\chokan\KABUJOHO\D070830.csv","D070830.csv",".csv","File","設定・定義候補",,"ファイル名・拡張子・配置のみ","メタ情報候補","個別承認後に評価"
"C:\fchart\chokan\KABUJOHO\D070903.csv","D070903.csv",".csv","File","設定・定義候補",,"ファイル名・拡張子・配置のみ","メタ情報候補","個別承認後に評価"
"C:\fchart\chokan\KABUJOHO\D070904.csv","D070904.csv",".csv","File","設定・定義候補",,"ファイル名・拡張子・配置のみ","メタ情報候補","個別承認後に評価"
"C:\fchart\chokan\KABUJOHO\D070905.csv","D070905.csv",".csv","File","設定・定義候補",,"ファイル名・拡張子・配置のみ","メタ情報候補","個別承認後に評価"
"C:\fchart\chokan\KABUJOHO\D070906.csv","D070906.csv",".csv","File","設定・定義候補",,"ファイル名・拡張子・配置のみ","メタ情報候補","個別承認後に評価"
"C:\fchart\chokan\KABUJOHO\D070907.csv","D070907.csv",".csv","File","設定・定義候補",,"ファイル名・拡張子・配置のみ","メタ情報候補","個別承認後に評価"
"C:\fchart\chokan\KABUJOHO\D070910.csv","D070910.csv",".csv","File","設定・定義候補",,"ファイル名・拡張子・配置のみ","メタ情報候補","個別承認後に評価"
"C:\fchart\chokan\KABUJOHO\D070911.csv","D070911.csv",".csv","File","設定・定義候補",,"ファイル名・拡張子・配置のみ","メタ情報候補","個別承認後に評価"
"C:\fchart\chokan\KABUJOHO\D070912.csv","D070912.csv",".csv","File","設定・定義候補",,"ファイル名・拡張子・配置のみ","メタ情報候補","個別承認後に評価"
"C:\fchart\chokan\KABUJOHO\D070913.csv","D070913.csv",".csv","File","設定・定義候補",,"ファイル名・拡張子・配置のみ","メタ情報候補","個別承認後に評価"
"C:\fchart\chokan\KABUJOHO\D070914.csv","D070914.csv",".csv","File","設定・定義候補",,"ファイル名・拡張子・配置のみ","メタ情報候補","個別承認後に評価"
"C:\fchart\chokan\KABUJOHO\D070918.csv","D070918.csv",".csv","File","設定・定義候補",,"ファイル名・拡張子・配置のみ","メタ情報候補","個別承認後に評価"
"C:\fchart\chokan\KABUJOHO\D070919.csv","D070919.csv",".csv","File","設定・定義候補",,"ファイル名・拡張子・配置のみ","メタ情報候補","個別承認後に評価"
"C:\fchart\chokan\KABUJOHO\D070920.csv","D070920.csv",".csv","File","設定・定義候補",,"ファイル名・拡張子・配置のみ","メタ情報候補","個別承認後に評価"
"C:\fchart\chokan\KABUJOHO\D070921.csv","D070921.csv",".csv","File","設定・定義候補",,"ファイル名・拡張子・配置のみ","メタ情報候補","個別承認後に評価"
"C:\fchart\chokan\KABUJOHO\D070925.csv","D070925.csv",".csv","File","設定・定義候補",,"ファイル名・拡張子・配置のみ","メタ情報候補","個別承認後に評価"
"C:\fchart\chokan\KABUJOHO\D070926.csv","D070926.csv",".csv","File","設定・定義候補",,"ファイル名・拡張子・配置のみ","メタ情報候補","個別承認後に評価"
"C:\fchart\chokan\KABUJOHO\D070927.csv","D070927.csv",".csv","File","設定・定義候補",,"ファイル名・拡張子・配置のみ","メタ情報候補","個別承認後に評価"
"C:\fchart\chokan\KABUJOHO\D070928.csv","D070928.csv",".csv","File","設定・定義候補",,"ファイル名・拡張子・配置のみ","メタ情報候補","個別承認後に評価"
"C:\fchart\chokan\KABUJOHO\D071001.csv","D071001.csv",".csv","File","設定・定義候補",,"ファイル名・拡張子・配置のみ","メタ情報候補","個別承認後に評価"
"C:\fchart\chokan\KABUJOHO\D071002.csv","D071002.csv",".csv","File","設定・定義候補",,"ファイル名・拡張子・配置のみ","メタ情報候補","個別承認後に評価"
"C:\fchart\chokan\KABUJOHO\D071003.csv","D071003.csv",".csv","File","設定・定義候補",,"ファイル名・拡張子・配置のみ","メタ情報候補","個別承認後に評価"
"C:\fchart\chokan\KABUJOHO\D071004.csv","D071004.csv",".csv","File","設定・定義候補",,"ファイル名・拡張子・配置のみ","メタ情報候補","個別承認後に評価"
"C:\fchart\chokan\KABUJOHO\D071009.csv","D071009.csv",".csv","File","設定・定義候補",,"ファイル名・拡張子・配置のみ","メタ情報候補","個別承認後に評価"
"C:\fchart\chokan\KABUJOHO\D071010.csv","D071010.csv",".csv","File","設定・定義候補",,"ファイル名・拡張子・配置のみ","メタ情報候補","個別承認後に評価"
"C:\fchart\chokan\KABUJOHO\D071011.csv","D071011.csv",".csv","File","設定・定義候補",,"ファイル名・拡張子・配置のみ","メタ情報候補","個別承認後に評価"
"C:\fchart\chokan\KABUJOHO\D071012.csv","D071012.csv",".csv","File","設定・定義候補",,"ファイル名・拡張子・配置のみ","メタ情報候補","個別承認後に評価"
"C:\fchart\chokan\KABUJOHO\D071015.csv","D071015.csv",".csv","File","設定・定義候補",,"ファイル名・拡張子・配置のみ","メタ情報候補","個別承認後に評価"
"C:\fchart\chokan\KABUJOHO\D071017.csv","D071017.csv",".csv","File","設定・定義候補",,"ファイル名・拡張子・配置のみ","メタ情報候補","個別承認後に評価"
"C:\fchart\chokan\KABUJOHO\D071018.csv","D071018.csv",".csv","File","設定・定義候補",,"ファイル名・拡張子・配置のみ","メタ情報候補","個別承認後に評価"
"C:\fchart\chokan\KABUJOHO\D071019.csv","D071019.csv",".csv","File","設定・定義候補",,"ファイル名・拡張子・配置のみ","メタ情報候補","個別承認後に評価"
"C:\fchart\chokan\KABUJOHO\D071022.csv","D071022.csv",".csv","File","設定・定義候補",,"ファイル名・拡張子・配置のみ","メタ情報候補","個別承認後に評価"
"C:\fchart\chokan\KABUJOHO\D071023.csv","D071023.csv",".csv","File","設定・定義候補",,"ファイル名・拡張子・配置のみ","メタ情報候補","個別承認後に評価"
"C:\fchart\chokan\KABUJOHO\D071024.csv","D071024.csv",".csv","File","設定・定義候補",,"ファイル名・拡張子・配置のみ","メタ情報候補","個別承認後に評価"
"C:\fchart\chokan\KABUJOHO\D071025.csv","D071025.csv",".csv","File","設定・定義候補",,"ファイル名・拡張子・配置のみ","メタ情報候補","個別承認後に評価"
"C:\fchart\chokan\KABUJOHO\D071026.csv","D071026.csv",".csv","File","設定・定義候補",,"ファイル名・拡張子・配置のみ","メタ情報候補","個別承認後に評価"
"C:\fchart\chokan\KABUJOHO\D071029.csv","D071029.csv",".csv","File","設定・定義候補",,"ファイル名・拡張子・配置のみ","メタ情報候補","個別承認後に評価"
"C:\fchart\chokan\KABUJOHO\D071030.csv","D071030.csv",".csv","File","設定・定義候補",,"ファイル名・拡張子・配置のみ","メタ情報候補","個別承認後に評価"
"C:\fchart\chokan\KABUJOHO\D071031.csv","D071031.csv",".csv","File","設定・定義候補",,"ファイル名・拡張子・配置のみ","メタ情報候補","個別承認後に評価"
"C:\fchart\chokan\KABUJOHO\D071105.csv","D071105.csv",".csv","File","設定・定義候補",,"ファイル名・拡張子・配置のみ","メタ情報候補","個別承認後に評価"
"C:\fchart\chokan\KABUJOHO\D071106.csv","D071106.csv",".csv","File","設定・定義候補",,"ファイル名・拡張子・配置のみ","メタ情報候補","個別承認後に評価"
"C:\fchart\chokan\KABUJOHO\D071107.csv","D071107.csv",".csv","File","設定・定義候補",,"ファイル名・拡張子・配置のみ","メタ情報候補","個別承認後に評価"
"C:\fchart\chokan\KABUJOHO\D071108.csv","D071108.csv",".csv","File","設定・定義候補",,"ファイル名・拡張子・配置のみ","メタ情報候補","個別承認後に評価"
"C:\fchart\chokan\KABUJOHO\D071109.csv","D071109.csv",".csv","File","設定・定義候補",,"ファイル名・拡張子・配置のみ","メタ情報候補","個別承認後に評価"
"C:\fchart\chokan\KABUJOHO\D071112.csv","D071112.csv",".csv","File","設定・定義候補",,"ファイル名・拡張子・配置のみ","メタ情報候補","個別承認後に評価"
"C:\fchart\chokan\KABUJOHO\D071113.csv","D071113.csv",".csv","File","設定・定義候補",,"ファイル名・拡張子・配置のみ","メタ情報候補","個別承認後に評価"
"C:\fchart\chokan\KABUJOHO\D071116.csv","D071116.csv",".csv","File","設定・定義候補",,"ファイル名・拡張子・配置のみ","メタ情報候補","個別承認後に評価"
"C:\fchart\chokan\KABUJOHO\D071119.csv","D071119.csv",".csv","File","設定・定義候補",,"ファイル名・拡張子・配置のみ","メタ情報候補","個別承認後に評価"
"C:\fchart\chokan\KABUJOHO\D071120.csv","D071120.csv",".csv","File","設定・定義候補",,"ファイル名・拡張子・配置のみ","メタ情報候補","個別承認後に評価"
"C:\fchart\chokan\KABUJOHO\D071121.csv","D071121.csv",".csv","File","設定・定義候補",,"ファイル名・拡張子・配置のみ","メタ情報候補","個別承認後に評価"
"C:\fchart\chokan\KABUJOHO\D071122.csv","D071122.csv",".csv","File","設定・定義候補",,"ファイル名・拡張子・配置のみ","メタ情報候補","個別承認後に評価"
"C:\fchart\chokan\KABUJOHO\D071126.csv","D071126.csv",".csv","File","設定・定義候補",,"ファイル名・拡張子・配置のみ","メタ情報候補","個別承認後に評価"
"C:\fchart\chokan\KABUJOHO\D071127.csv","D071127.csv",".csv","File","設定・定義候補",,"ファイル名・拡張子・配置のみ","メタ情報候補","個別承認後に評価"
"C:\fchart\chokan\KABUJOHO\D071128.csv","D071128.csv",".csv","File","設定・定義候補",,"ファイル名・拡張子・配置のみ","メタ情報候補","個別承認後に評価"
"C:\fchart\chokan\KABUJOHO\D071129.csv","D071129.csv",".csv","File","設定・定義候補",,"ファイル名・拡張子・配置のみ","メタ情報候補","個別承認後に評価"
"C:\fchart\chokan\KABUJOHO\D071130.csv","D071130.csv",".csv","File","設定・定義候補",,"ファイル名・拡張子・配置のみ","メタ情報候補","個別承認後に評価"
"C:\fchart\chokan\KABUJOHO\D071203.csv","D071203.csv",".csv","File","設定・定義候補",,"ファイル名・拡張子・配置のみ","メタ情報候補","個別承認後に評価"
"C:\fchart\chokan\KABUJOHO\D071204.csv","D071204.csv",".csv","File","設定・定義候補",,"ファイル名・拡張子・配置のみ","メタ情報候補","個別承認後に評価"
"C:\fchart\chokan\KABUJOHO\D071205.csv","D071205.csv",".csv","File","設定・定義候補",,"ファイル名・拡張子・配置のみ","メタ情報候補","個別承認後に評価"
"C:\fchart\chokan\KABUJOHO\D071206.csv","D071206.csv",".csv","File","設定・定義候補",,"ファイル名・拡張子・配置のみ","メタ情報候補","個別承認後に評価"
"C:\fchart\chokan\KABUJOHO\D071207.csv","D071207.csv",".csv","File","設定・定義候補",,"ファイル名・拡張子・配置のみ","メタ情報候補","個別承認後に評価"
"C:\fchart\chokan\KABUJOHO\D071210.csv","D071210.csv",".csv","File","設定・定義候補",,"ファイル名・拡張子・配置のみ","メタ情報候補","個別承認後に評価"
"C:\fchart\chokan\KABUJOHO\D071211.csv","D071211.csv",".csv","File","設定・定義候補",,"ファイル名・拡張子・配置のみ","メタ情報候補","個別承認後に評価"
"C:\fchart\chokan\KABUJOHO\D071212.csv","D071212.csv",".csv","File","設定・定義候補",,"ファイル名・拡張子・配置のみ","メタ情報候補","個別承認後に評価"
"C:\fchart\chokan\KABUJOHO\D071213.csv","D071213.csv",".csv","File","設定・定義候補",,"ファイル名・拡張子・配置のみ","メタ情報候補","個別承認後に評価"
"C:\fchart\chokan\KABUJOHO\D071214.csv","D071214.csv",".csv","File","設定・定義候補",,"ファイル名・拡張子・配置のみ","メタ情報候補","個別承認後に評価"
"C:\fchart\chokan\KABUJOHO\D071217.csv","D071217.csv",".csv","File","設定・定義候補",,"ファイル名・拡張子・配置のみ","メタ情報候補","個別承認後に評価"
"C:\fchart\chokan\KABUJOHO\D071218.csv","D071218.csv",".csv","File","設定・定義候補",,"ファイル名・拡張子・配置のみ","メタ情報候補","個別承認後に評価"
"C:\fchart\chokan\KABUJOHO\D071219.csv","D071219.csv",".csv","File","設定・定義候補",,"ファイル名・拡張子・配置のみ","メタ情報候補","個別承認後に評価"
"C:\fchart\chokan\KABUJOHO\D071225.csv","D071225.csv",".csv","File","設定・定義候補",,"ファイル名・拡張子・配置のみ","メタ情報候補","個別承認後に評価"
"C:\fchart\chokan\KABUJOHO\D071226.csv","D071226.csv",".csv","File","設定・定義候補",,"ファイル名・拡張子・配置のみ","メタ情報候補","個別承認後に評価"
"C:\fchart\chokan\KABUJOHO\D080104.csv","D080104.csv",".csv","File","設定・定義候補",,"ファイル名・拡張子・配置のみ","メタ情報候補","個別承認後に評価"
"C:\fchart\chokan\KABUJOHO\D080107.csv","D080107.csv",".csv","File","設定・定義候補",,"ファイル名・拡張子・配置のみ","メタ情報候補","個別承認後に評価"
"C:\fchart\chokan\KABUJOHO\D080108.csv","D080108.csv",".csv","File","設定・定義候補",,"ファイル名・拡張子・配置のみ","メタ情報候補","個別承認後に評価"
"C:\fchart\chokan\KABUJOHO\D080109.csv","D080109.csv",".csv","File","設定・定義候補",,"ファイル名・拡張子・配置のみ","メタ情報候補","個別承認後に評価"
"C:\fchart\chokan\KABUJOHO\D080110.csv","D080110.csv",".csv","File","設定・定義候補",,"ファイル名・拡張子・配置のみ","メタ情報候補","個別承認後に評価"
"C:\fchart\chokan\KABUJOHO\D080111.csv","D080111.csv",".csv","File","設定・定義候補",,"ファイル名・拡張子・配置のみ","メタ情報候補","個別承認後に評価"
"C:\fchart\chokan\KABUJOHO\D080115.csv","D080115.csv",".csv","File","設定・定義候補",,"ファイル名・拡張子・配置のみ","メタ情報候補","個別承認後に評価"
"C:\fchart\chokan\KABUJOHO\D080116.csv","D080116.csv",".csv","File","設定・定義候補",,"ファイル名・拡張子・配置のみ","メタ情報候補","個別承認後に評価"
"C:\fchart\chokan\KABUJOHO\D080117.csv","D080117.csv",".csv","File","設定・定義候補",,"ファイル名・拡張子・配置のみ","メタ情報候補","個別承認後に評価"
"C:\fchart\chokan\KABUJOHO\D080118.csv","D080118.csv",".csv","File","設定・定義候補",,"ファイル名・拡張子・配置のみ","メタ情報候補","個別承認後に評価"
"C:\fchart\chokan\KABUJOHO\D080121.csv","D080121.csv",".csv","File","設定・定義候補",,"ファイル名・拡張子・配置のみ","メタ情報候補","個別承認後に評価"
"C:\fchart\chokan\KABUJOHO\D080122.csv","D080122.csv",".csv","File","設定・定義候補",,"ファイル名・拡張子・配置のみ","メタ情報候補","個別承認後に評価"
"C:\fchart\chokan\KABUJOHO\D080123.csv","D080123.csv",".csv","File","設定・定義候補",,"ファイル名・拡張子・配置のみ","メタ情報候補","個別承認後に評価"
"C:\fchart\chokan\KABUJOHO\D080124.csv","D080124.csv",".csv","File","設定・定義候補",,"ファイル名・拡張子・配置のみ","メタ情報候補","個別承認後に評価"
"C:\fchart\chokan\KABUJOHO\D080125.csv","D080125.csv",".csv","File","設定・定義候補",,"ファイル名・拡張子・配置のみ","メタ情報候補","個別承認後に評価"
"C:\fchart\chokan\KABUJOHO\D080128.csv","D080128.csv",".csv","File","設定・定義候補",,"ファイル名・拡張子・配置のみ","メタ情報候補","個別承認後に評価"
"C:\fchart\chokan\KABUJOHO\D080129.csv","D080129.csv",".csv","File","設定・定義候補",,"ファイル名・拡張子・配置のみ","メタ情報候補","個別承認後に評価"
"C:\fchart\chokan\KABUJOHO\D080130.csv","D080130.csv",".csv","File","設定・定義候補",,"ファイル名・拡張子・配置のみ","メタ情報候補","個別承認後に評価"
"C:\fchart\chokan\KABUJOHO\D080131.csv","D080131.csv",".csv","File","設定・定義候補",,"ファイル名・拡張子・配置のみ","メタ情報候補","個別承認後に評価"
"C:\fchart\chokan\KABUJOHO\D080201.csv","D080201.csv",".csv","File","設定・定義候補",,"ファイル名・拡張子・配置のみ","メタ情報候補","個別承認後に評価"
"C:\fchart\chokan\KABUJOHO\D080204.csv","D080204.csv",".csv","File","設定・定義候補",,"ファイル名・拡張子・配置のみ","メタ情報候補","個別承認後に評価"
"C:\fchart\chokan\KABUJOHO\D080205.csv","D080205.csv",".csv","File","設定・定義候補",,"ファイル名・拡張子・配置のみ","メタ情報候補","個別承認後に評価"
"C:\fchart\chokan\KABUJOHO\D080206.csv","D080206.csv",".csv","File","設定・定義候補",,"ファイル名・拡張子・配置のみ","メタ情報候補","個別承認後に評価"
"C:\fchart\chokan\KABUJOHO\D080208.csv","D080208.csv",".csv","File","設定・定義候補",,"ファイル名・拡張子・配置のみ","メタ情報候補","個別承認後に評価"
"C:\fchart\chokan\KABUJOHO\D080212.csv","D080212.csv",".csv","File","設定・定義候補",,"ファイル名・拡張子・配置のみ","メタ情報候補","個別承認後に評価"
"C:\fchart\chokan\KABUJOHO\D080213.csv","D080213.csv",".csv","File","設定・定義候補",,"ファイル名・拡張子・配置のみ","メタ情報候補","個別承認後に評価"
"C:\fchart\chokan\KABUJOHO\D080218.csv","D080218.csv",".csv","File","設定・定義候補",,"ファイル名・拡張子・配置のみ","メタ情報候補","個別承認後に評価"
"C:\fchart\chokan\KABUJOHO\D080219.csv","D080219.csv",".csv","File","設定・定義候補",,"ファイル名・拡張子・配置のみ","メタ情報候補","個別承認後に評価"
"C:\fchart\chokan\KABUJOHO\D080220.csv","D080220.csv",".csv","File","設定・定義候補",,"ファイル名・拡張子・配置のみ","メタ情報候補","個別承認後に評価"
"C:\fchart\chokan\KABUJOHO\D080221.csv","D080221.csv",".csv","File","設定・定義候補",,"ファイル名・拡張子・配置のみ","メタ情報候補","個別承認後に評価"
"C:\fchart\chokan\KABUJOHO\D080222.csv","D080222.csv",".csv","File","設定・定義候補",,"ファイル名・拡張子・配置のみ","メタ情報候補","個別承認後に評価"
"C:\fchart\chokan\KABUJOHO\D080229.csv","D080229.csv",".csv","File","設定・定義候補",,"ファイル名・拡張子・配置のみ","メタ情報候補","個別承認後に評価"
"C:\fchart\chokan\KABUJOHO\D080303.csv","D080303.csv",".csv","File","設定・定義候補",,"ファイル名・拡張子・配置のみ","メタ情報候補","個別承認後に評価"
"C:\fchart\chokan\KABUJOHO\D080304.csv","D080304.csv",".csv","File","設定・定義候補",,"ファイル名・拡張子・配置のみ","メタ情報候補","個別承認後に評価"
"C:\fchart\chokan\KABUJOHO\D080305.csv","D080305.csv",".csv","File","設定・定義候補",,"ファイル名・拡張子・配置のみ","メタ情報候補","個別承認後に評価"
"C:\fchart\chokan\KABUJOHO\D080306.csv","D080306.csv",".csv","File","設定・定義候補",,"ファイル名・拡張子・配置のみ","メタ情報候補","個別承認後に評価"
"C:\fchart\chokan\KABUJOHO\D080307.csv","D080307.csv",".csv","File","設定・定義候補",,"ファイル名・拡張子・配置のみ","メタ情報候補","個別承認後に評価"
"C:\fchart\chokan\KABUJOHO\D080310.csv","D080310.csv",".csv","File","設定・定義候補",,"ファイル名・拡張子・配置のみ","メタ情報候補","個別承認後に評価"
"C:\fchart\chokan\KABUJOHO\D080311.csv","D080311.csv",".csv","File","設定・定義候補",,"ファイル名・拡張子・配置のみ","メタ情報候補","個別承認後に評価"
"C:\fchart\chokan\KABUJOHO\D080317.csv","D080317.csv",".csv","File","設定・定義候補",,"ファイル名・拡張子・配置のみ","メタ情報候補","個別承認後に評価"
"C:\fchart\chokan\KABUJOHO\D080318.csv","D080318.csv",".csv","File","設定・定義候補",,"ファイル名・拡張子・配置のみ","メタ情報候補","個別承認後に評価"
"C:\fchart\chokan\KABUJOHO\D080319.csv","D080319.csv",".csv","File","設定・定義候補",,"ファイル名・拡張子・配置のみ","メタ情報候補","個別承認後に評価"
"C:\fchart\chokan\KABUJOHO\D080325.csv","D080325.csv",".csv","File","設定・定義候補",,"ファイル名・拡張子・配置のみ","メタ情報候補","個別承認後に評価"
"C:\fchart\chokan\KABUJOHO\D080328.csv","D080328.csv",".csv","File","設定・定義候補",,"ファイル名・拡張子・配置のみ","メタ情報候補","個別承認後に評価"
"C:\fchart\chokan\KABUJOHO\D080331.csv","D080331.csv",".csv","File","設定・定義候補",,"ファイル名・拡張子・配置のみ","メタ情報候補","個別承認後に評価"
"C:\fchart\chokan\KABUJOHO\D080401.csv","D080401.csv",".csv","File","設定・定義候補",,"ファイル名・拡張子・配置のみ","メタ情報候補","個別承認後に評価"
"C:\fchart\chokan\KABUJOHO\D080402.csv","D080402.csv",".csv","File","設定・定義候補",,"ファイル名・拡張子・配置のみ","メタ情報候補","個別承認後に評価"
"C:\fchart\chokan\KABUJOHO\D080403.csv","D080403.csv",".csv","File","設定・定義候補",,"ファイル名・拡張子・配置のみ","メタ情報候補","個別承認後に評価"
"C:\fchart\chokan\KABUJOHO\D080404.csv","D080404.csv",".csv","File","設定・定義候補",,"ファイル名・拡張子・配置のみ","メタ情報候補","個別承認後に評価"
"C:\fchart\chokan\KABUJOHO\D080411.csv","D080411.csv",".csv","File","設定・定義候補",,"ファイル名・拡張子・配置のみ","メタ情報候補","個別承認後に評価"
"C:\fchart\chokan\KABUJOHO\D080414.csv","D080414.csv",".csv","File","設定・定義候補",,"ファイル名・拡張子・配置のみ","メタ情報候補","個別承認後に評価"
"C:\fchart\chokan\KABUJOHO\D080415.csv","D080415.csv",".csv","File","設定・定義候補",,"ファイル名・拡張子・配置のみ","メタ情報候補","個別承認後に評価"
"C:\fchart\chokan\KABUJOHO\D080416.csv","D080416.csv",".csv","File","設定・定義候補",,"ファイル名・拡張子・配置のみ","メタ情報候補","個別承認後に評価"
"C:\fchart\chokan\KABUJOHO\D080421.csv","D080421.csv",".csv","File","設定・定義候補",,"ファイル名・拡張子・配置のみ","メタ情報候補","個別承認後に評価"
"C:\fchart\chokan\KABUJOHO\D080422.csv","D080422.csv",".csv","File","設定・定義候補",,"ファイル名・拡張子・配置のみ","メタ情報候補","個別承認後に評価"
"C:\fchart\chokan\KABUJOHO\D080423.csv","D080423.csv",".csv","File","設定・定義候補",,"ファイル名・拡張子・配置のみ","メタ情報候補","個別承認後に評価"
"C:\fchart\chokan\KABUJOHO\D080424.csv","D080424.csv",".csv","File","設定・定義候補",,"ファイル名・拡張子・配置のみ","メタ情報候補","個別承認後に評価"
"C:\fchart\chokan\KABUJOHO\D080425.csv","D080425.csv",".csv","File","設定・定義候補",,"ファイル名・拡張子・配置のみ","メタ情報候補","個別承認後に評価"
"C:\fchart\chokan\KABUJOHO\D080428.csv","D080428.csv",".csv","File","設定・定義候補",,"ファイル名・拡張子・配置のみ","メタ情報候補","個別承認後に評価"
"C:\fchart\chokan\KABUJOHO\D080430.csv","D080430.csv",".csv","File","設定・定義候補",,"ファイル名・拡張子・配置のみ","メタ情報候補","個別承認後に評価"
"C:\fchart\chokan\KABUJOHO\D080507.csv","D080507.csv",".csv","File","設定・定義候補",,"ファイル名・拡張子・配置のみ","メタ情報候補","個別承認後に評価"
"C:\fchart\chokan\KABUJOHO\D080508.csv","D080508.csv",".csv","File","設定・定義候補",,"ファイル名・拡張子・配置のみ","メタ情報候補","個別承認後に評価"
"C:\fchart\chokan\KABUJOHO\D080509.csv","D080509.csv",".csv","File","設定・定義候補",,"ファイル名・拡張子・配置のみ","メタ情報候補","個別承認後に評価"
"C:\fchart\chokan\KABUJOHO\D080512.csv","D080512.csv",".csv","File","設定・定義候補",,"ファイル名・拡張子・配置のみ","メタ情報候補","個別承認後に評価"
"C:\fchart\chokan\KABUJOHO\D080516.csv","D080516.csv",".csv","File","設定・定義候補",,"ファイル名・拡張子・配置のみ","メタ情報候補","個別承認後に評価"
"C:\fchart\chokan\KABUJOHO\D080519.csv","D080519.csv",".csv","File","設定・定義候補",,"ファイル名・拡張子・配置のみ","メタ情報候補","個別承認後に評価"
"C:\fchart\chokan\KABUJOHO\D080520.csv","D080520.csv",".csv","File","設定・定義候補",,"ファイル名・拡張子・配置のみ","メタ情報候補","個別承認後に評価"
"C:\fchart\chokan\KABUJOHO\D080521.csv","D080521.csv",".csv","File","設定・定義候補",,"ファイル名・拡張子・配置のみ","メタ情報候補","個別承認後に評価"
"C:\fchart\chokan\KABUJOHO\D080522.csv","D080522.csv",".csv","File","設定・定義候補",,"ファイル名・拡張子・配置のみ","メタ情報候補","個別承認後に評価"
"C:\fchart\chokan\KABUJOHO\D080523.csv","D080523.csv",".csv","File","設定・定義候補",,"ファイル名・拡張子・配置のみ","メタ情報候補","個別承認後に評価"
"C:\fchart\chokan\KABUJOHO\D080526.csv","D080526.csv",".csv","File","設定・定義候補",,"ファイル名・拡張子・配置のみ","メタ情報候補","個別承認後に評価"
"C:\fchart\chokan\KABUJOHO\D080527.csv","D080527.csv",".csv","File","設定・定義候補",,"ファイル名・拡張子・配置のみ","メタ情報候補","個別承認後に評価"
"C:\fchart\chokan\KABUJOHO\D080528.csv","D080528.csv",".csv","File","設定・定義候補",,"ファイル名・拡張子・配置のみ","メタ情報候補","個別承認後に評価"
"C:\fchart\chokan\KABUJOHO\D080529.csv","D080529.csv",".csv","File","設定・定義候補",,"ファイル名・拡張子・配置のみ","メタ情報候補","個別承認後に評価"
"C:\fchart\chokan\KABUJOHO\D080602.csv","D080602.csv",".csv","File","設定・定義候補",,"ファイル名・拡張子・配置のみ","メタ情報候補","個別承認後に評価"
"C:\fchart\chokan\KABUJOHO\D080603.csv","D080603.csv",".csv","File","設定・定義候補",,"ファイル名・拡張子・配置のみ","メタ情報候補","個別承認後に評価"
"C:\fchart\chokan\KABUJOHO\D080606.csv","D080606.csv",".csv","File","設定・定義候補",,"ファイル名・拡張子・配置のみ","メタ情報候補","個別承認後に評価"
"C:\fchart\chokan\KABUJOHO\D080609.csv","D080609.csv",".csv","File","設定・定義候補",,"ファイル名・拡張子・配置のみ","メタ情報候補","個別承認後に評価"
"C:\fchart\chokan\KABUJOHO\D080610.csv","D080610.csv",".csv","File","設定・定義候補",,"ファイル名・拡張子・配置のみ","メタ情報候補","個別承認後に評価"
"C:\fchart\chokan\KABUJOHO\D080611.csv","D080611.csv",".csv","File","設定・定義候補",,"ファイル名・拡張子・配置のみ","メタ情報候補","個別承認後に評価"
"C:\fchart\chokan\KABUJOHO\D080612.csv","D080612.csv",".csv","File","設定・定義候補",,"ファイル名・拡張子・配置のみ","メタ情報候補","個別承認後に評価"
"C:\fchart\chokan\KABUJOHO\D080616.csv","D080616.csv",".csv","File","設定・定義候補",,"ファイル名・拡張子・配置のみ","メタ情報候補","個別承認後に評価"
"C:\fchart\chokan\KABUJOHO\D080617.csv","D080617.csv",".csv","File","設定・定義候補",,"ファイル名・拡張子・配置のみ","メタ情報候補","個別承認後に評価"
"C:\fchart\chokan\KABUJOHO\D080618.csv","D080618.csv",".csv","File","設定・定義候補",,"ファイル名・拡張子・配置のみ","メタ情報候補","個別承認後に評価"
"C:\fchart\chokan\KABUJOHO\D080619.csv","D080619.csv",".csv","File","設定・定義候補",,"ファイル名・拡張子・配置のみ","メタ情報候補","個別承認後に評価"
"C:\fchart\chokan\KABUJOHO\D080620.csv","D080620.csv",".csv","File","設定・定義候補",,"ファイル名・拡張子・配置のみ","メタ情報候補","個別承認後に評価"
"C:\fchart\chokan\KABUJOHO\D080623.csv","D080623.csv",".csv","File","設定・定義候補",,"ファイル名・拡張子・配置のみ","メタ情報候補","個別承認後に評価"
"C:\fchart\chokan\KABUJOHO\D080624.csv","D080624.csv",".csv","File","設定・定義候補",,"ファイル名・拡張子・配置のみ","メタ情報候補","個別承認後に評価"
"C:\fchart\chokan\KABUJOHO\D080625.csv","D080625.csv",".csv","File","設定・定義候補",,"ファイル名・拡張子・配置のみ","メタ情報候補","個別承認後に評価"
"C:\fchart\chokan\KABUJOHO\D080626.csv","D080626.csv",".csv","File","設定・定義候補",,"ファイル名・拡張子・配置のみ","メタ情報候補","個別承認後に評価"
"C:\fchart\chokan\KABUJOHO\D080627.csv","D080627.csv",".csv","File","設定・定義候補",,"ファイル名・拡張子・配置のみ","メタ情報候補","個別承認後に評価"
"C:\fchart\chokan\KABUJOHO\D080630.csv","D080630.csv",".csv","File","設定・定義候補",,"ファイル名・拡張子・配置のみ","メタ情報候補","個別承認後に評価"
"C:\fchart\chokan\KABUJOHO\D080701.csv","D080701.csv",".csv","File","設定・定義候補",,"ファイル名・拡張子・配置のみ","メタ情報候補","個別承認後に評価"
"C:\fchart\chokan\KABUJOHO\D080702.csv","D080702.csv",".csv","File","設定・定義候補",,"ファイル名・拡張子・配置のみ","メタ情報候補","個別承認後に評価"
"C:\fchart\chokan\KABUJOHO\D080703.csv","D080703.csv",".csv","File","設定・定義候補",,"ファイル名・拡張子・配置のみ","メタ情報候補","個別承認後に評価"
"C:\fchart\chokan\KABUJOHO\D080704.csv","D080704.csv",".csv","File","設定・定義候補",,"ファイル名・拡張子・配置のみ","メタ情報候補","個別承認後に評価"
"C:\fchart\chokan\KABUJOHO\D080707.csv","D080707.csv",".csv","File","設定・定義候補",,"ファイル名・拡張子・配置のみ","メタ情報候補","個別承認後に評価"
"C:\fchart\chokan\KABUJOHO\D080708.csv","D080708.csv",".csv","File","設定・定義候補",,"ファイル名・拡張子・配置のみ","メタ情報候補","個別承認後に評価"
"C:\fchart\chokan\KABUJOHO\D080709.csv","D080709.csv",".csv","File","設定・定義候補",,"ファイル名・拡張子・配置のみ","メタ情報候補","個別承認後に評価"
"C:\fchart\chokan\KABUJOHO\D080714.csv","D080714.csv",".csv","File","設定・定義候補",,"ファイル名・拡張子・配置のみ","メタ情報候補","個別承認後に評価"
"C:\fchart\chokan\KABUJOHO\D080715.csv","D080715.csv",".csv","File","設定・定義候補",,"ファイル名・拡張子・配置のみ","メタ情報候補","個別承認後に評価"
"C:\fchart\chokan\KABUJOHO\D080722.csv","D080722.csv",".csv","File","設定・定義候補",,"ファイル名・拡張子・配置のみ","メタ情報候補","個別承認後に評価"
"C:\fchart\chokan\KABUJOHO\D080723.csv","D080723.csv",".csv","File","設定・定義候補",,"ファイル名・拡張子・配置のみ","メタ情報候補","個別承認後に評価"
"C:\fchart\chokan\KABUJOHO\D080724.csv","D080724.csv",".csv","File","設定・定義候補",,"ファイル名・拡張子・配置のみ","メタ情報候補","個別承認後に評価"
"C:\fchart\chokan\KABUJOHO\D080725.csv","D080725.csv",".csv","File","設定・定義候補",,"ファイル名・拡張子・配置のみ","メタ情報候補","個別承認後に評価"
"C:\fchart\chokan\KABUJOHO\D080728.csv","D080728.csv",".csv","File","設定・定義候補",,"ファイル名・拡張子・配置のみ","メタ情報候補","個別承認後に評価"
"C:\fchart\chokan\KABUJOHO\D080729.csv","D080729.csv",".csv","File","設定・定義候補",,"ファイル名・拡張子・配置のみ","メタ情報候補","個別承認後に評価"
"C:\fchart\chokan\KABUJOHO\D080730.csv","D080730.csv",".csv","File","設定・定義候補",,"ファイル名・拡張子・配置のみ","メタ情報候補","個別承認後に評価"
"C:\fchart\chokan\KABUJOHO\D080731.csv","D080731.csv",".csv","File","設定・定義候補",,"ファイル名・拡張子・配置のみ","メタ情報候補","個別承認後に評価"
"C:\fchart\chokan\KABUJOHO\D080801.csv","D080801.csv",".csv","File","設定・定義候補",,"ファイル名・拡張子・配置のみ","メタ情報候補","個別承認後に評価"
"C:\fchart\chokan\KABUJOHO\D080804.csv","D080804.csv",".csv","File","設定・定義候補",,"ファイル名・拡張子・配置のみ","メタ情報候補","個別承認後に評価"
"C:\fchart\chokan\KABUJOHO\D080805.csv","D080805.csv",".csv","File","設定・定義候補",,"ファイル名・拡張子・配置のみ","メタ情報候補","個別承認後に評価"
"C:\fchart\chokan\KABUJOHO\T030630.txt","T030630.txt",".txt","File","設定・定義候補",,"ファイル名・拡張子・配置のみ","メタ情報候補","個別承認後に評価"
"C:\fchart\chokan\KABUJOHO\T030701.txt","T030701.txt",".txt","File","設定・定義候補",,"ファイル名・拡張子・配置のみ","メタ情報候補","個別承認後に評価"
"C:\fchart\chokan\KABUJOHO\T030702.txt","T030702.txt",".txt","File","設定・定義候補",,"ファイル名・拡張子・配置のみ","メタ情報候補","個別承認後に評価"
"C:\fchart\chokan\KABUJOHO\T030703.txt","T030703.txt",".txt","File","設定・定義候補",,"ファイル名・拡張子・配置のみ","メタ情報候補","個別承認後に評価"
"C:\fchart\chokan\KABUJOHO\T030704.txt","T030704.txt",".txt","File","設定・定義候補",,"ファイル名・拡張子・配置のみ","メタ情報候補","個別承認後に評価"
"C:\fchart\chokan\KABUJOHO\T030707.txt","T030707.txt",".txt","File","設定・定義候補",,"ファイル名・拡張子・配置のみ","メタ情報候補","個別承認後に評価"
"C:\fchart\chokan\KABUJOHO\T030708.txt","T030708.txt",".txt","File","設定・定義候補",,"ファイル名・拡張子・配置のみ","メタ情報候補","個別承認後に評価"
"C:\fchart\chokan\KABUJOHO\T030709.txt","T030709.txt",".txt","File","設定・定義候補",,"ファイル名・拡張子・配置のみ","メタ情報候補","個別承認後に評価"
"C:\fchart\chokan\KABUJOHO\T030710.txt","T030710.txt",".txt","File","設定・定義候補",,"ファイル名・拡張子・配置のみ","メタ情報候補","個別承認後に評価"
"C:\fchart\chokan\KABUJOHO\T030714.txt","T030714.txt",".txt","File","設定・定義候補",,"ファイル名・拡張子・配置のみ","メタ情報候補","個別承認後に評価"
"C:\fchart\chokan\KABUJOHO\T030715.txt","T030715.txt",".txt","File","設定・定義候補",,"ファイル名・拡張子・配置のみ","メタ情報候補","個別承認後に評価"
"C:\fchart\chokan\KABUJOHO\T030716.txt","T030716.txt",".txt","File","設定・定義候補",,"ファイル名・拡張子・配置のみ","メタ情報候補","個別承認後に評価"
"C:\fchart\chokan\KABUJOHO\T030717.txt","T030717.txt",".txt","File","設定・定義候補",,"ファイル名・拡張子・配置のみ","メタ情報候補","個別承認後に評価"
"C:\fchart\chokan\KABUJOHO\T030718.txt","T030718.txt",".txt","File","設定・定義候補",,"ファイル名・拡張子・配置のみ","メタ情報候補","個別承認後に評価"
"C:\fchart\chokan\KABUJOHO\T030722.txt","T030722.txt",".txt","File","設定・定義候補",,"ファイル名・拡張子・配置のみ","メタ情報候補","個別承認後に評価"
"C:\fchart\chokan\KABUJOHO\T030723.txt","T030723.txt",".txt","File","設定・定義候補",,"ファイル名・拡張子・配置のみ","メタ情報候補","個別承認後に評価"
"C:\fchart\chokan\KABUJOHO\T030724.txt","T030724.txt",".txt","File","設定・定義候補",,"ファイル名・拡張子・配置のみ","メタ情報候補","個別承認後に評価"
"C:\fchart\chokan\KABUJOHO\T030725.txt","T030725.txt",".txt","File","設定・定義候補",,"ファイル名・拡張子・配置のみ","メタ情報候補","個別承認後に評価"
"C:\fchart\chokan\KABUJOHO\T030728.txt","T030728.txt",".txt","File","設定・定義候補",,"ファイル名・拡張子・配置のみ","メタ情報候補","個別承認後に評価"
"C:\fchart\chokan\KABUJOHO\T030729.txt","T030729.txt",".txt","File","設定・定義候補",,"ファイル名・拡張子・配置のみ","メタ情報候補","個別承認後に評価"
"C:\fchart\chokan\KABUJOHO\T030730.txt","T030730.txt",".txt","File","設定・定義候補",,"ファイル名・拡張子・配置のみ","メタ情報候補","個別承認後に評価"
"C:\fchart\chokan\KABUJOHO\T030731.txt","T030731.txt",".txt","File","設定・定義候補",,"ファイル名・拡張子・配置のみ","メタ情報候補","個別承認後に評価"
"C:\fchart\chokan\KABUJOHO\T030804.txt","T030804.txt",".txt","File","設定・定義候補",,"ファイル名・拡張子・配置のみ","メタ情報候補","個別承認後に評価"
"C:\fchart\chokan\KABUJOHO\T030805.txt","T030805.txt",".txt","File","設定・定義候補",,"ファイル名・拡張子・配置のみ","メタ情報候補","個別承認後に評価"
"C:\fchart\chokan\KABUJOHO\T030806.txt","T030806.txt",".txt","File","設定・定義候補",,"ファイル名・拡張子・配置のみ","メタ情報候補","個別承認後に評価"
"C:\fchart\chokan\KABUJOHO\T030807.txt","T030807.txt",".txt","File","設定・定義候補",,"ファイル名・拡張子・配置のみ","メタ情報候補","個別承認後に評価"
"C:\fchart\chokan\KABUJOHO\T030808.txt","T030808.txt",".txt","File","設定・定義候補",,"ファイル名・拡張子・配置のみ","メタ情報候補","個別承認後に評価"
"C:\fchart\chokan\KABUJOHO\T030811.txt","T030811.txt",".txt","File","設定・定義候補",,"ファイル名・拡張子・配置のみ","メタ情報候補","個別承認後に評価"
"C:\fchart\chokan\KABUJOHO\T030812.txt","T030812.txt",".txt","File","設定・定義候補",,"ファイル名・拡張子・配置のみ","メタ情報候補","個別承認後に評価"
"C:\fchart\chokan\KABUJOHO\T030813.txt","T030813.txt",".txt","File","設定・定義候補",,"ファイル名・拡張子・配置のみ","メタ情報候補","個別承認後に評価"
"C:\fchart\chokan\KABUJOHO\T030814.txt","T030814.txt",".txt","File","設定・定義候補",,"ファイル名・拡張子・配置のみ","メタ情報候補","個別承認後に評価"
"C:\fchart\chokan\KABUJOHO\T030818.TXT","T030818.TXT",".TXT","File","設定・定義候補",,"ファイル名・拡張子・配置のみ","メタ情報候補","個別承認後に評価"
"C:\fchart\chokan\KABUJOHO\T030819.TXT","T030819.TXT",".TXT","File","設定・定義候補",,"ファイル名・拡張子・配置のみ","メタ情報候補","個別承認後に評価"
"C:\fchart\chokan\KABUJOHO\T030820.TXT","T030820.TXT",".TXT","File","設定・定義候補",,"ファイル名・拡張子・配置のみ","メタ情報候補","個別承認後に評価"
"C:\fchart\chokan\KABUJOHO\T030821.TXT","T030821.TXT",".TXT","File","設定・定義候補",,"ファイル名・拡張子・配置のみ","メタ情報候補","個別承認後に評価"
"C:\fchart\chokan\KABUJOHO\T030825.TXT","T030825.TXT",".TXT","File","設定・定義候補",,"ファイル名・拡張子・配置のみ","メタ情報候補","個別承認後に評価"
"C:\fchart\chokan\KABUJOHO\T030826.TXT","T030826.TXT",".TXT","File","設定・定義候補",,"ファイル名・拡張子・配置のみ","メタ情報候補","個別承認後に評価"
"C:\fchart\chokan\KABUJOHO\T030827.TXT","T030827.TXT",".TXT","File","設定・定義候補",,"ファイル名・拡張子・配置のみ","メタ情報候補","個別承認後に評価"
"C:\fchart\chokan\KABUJOHO\T030828.TXT","T030828.TXT",".TXT","File","設定・定義候補",,"ファイル名・拡張子・配置のみ","メタ情報候補","個別承認後に評価"
"C:\fchart\chokan\KABUJOHO\T030829.TXT","T030829.TXT",".TXT","File","設定・定義候補",,"ファイル名・拡張子・配置のみ","メタ情報候補","個別承認後に評価"
"C:\fchart\chokan\KABUJOHO\T030901.TXT","T030901.TXT",".TXT","File","設定・定義候補",,"ファイル名・拡張子・配置のみ","メタ情報候補","個別承認後に評価"
"C:\fchart\chokan\KABUJOHO\T030902.TXT","T030902.TXT",".TXT","File","設定・定義候補",,"ファイル名・拡張子・配置のみ","メタ情報候補","個別承認後に評価"
"C:\fchart\chokan\KABUJOHO\T030903.TXT","T030903.TXT",".TXT","File","設定・定義候補",,"ファイル名・拡張子・配置のみ","メタ情報候補","個別承認後に評価"
"C:\fchart\chokan\KABUJOHO\T030904.TXT","T030904.TXT",".TXT","File","設定・定義候補",,"ファイル名・拡張子・配置のみ","メタ情報候補","個別承認後に評価"
"C:\fchart\chokan\KABUJOHO\T030905.TXT","T030905.TXT",".TXT","File","設定・定義候補",,"ファイル名・拡張子・配置のみ","メタ情報候補","個別承認後に評価"
"C:\fchart\chokan\KABUJOHO\T030908.TXT","T030908.TXT",".TXT","File","設定・定義候補",,"ファイル名・拡張子・配置のみ","メタ情報候補","個別承認後に評価"
"C:\fchart\chokan\KABUJOHO\T030909.TXT","T030909.TXT",".TXT","File","設定・定義候補",,"ファイル名・拡張子・配置のみ","メタ情報候補","個別承認後に評価"
"C:\fchart\chokan\KABUJOHO\T030910.TXT","T030910.TXT",".TXT","File","設定・定義候補",,"ファイル名・拡張子・配置のみ","メタ情報候補","個別承認後に評価"
"C:\fchart\chokan\KABUJOHO\T030911.TXT","T030911.TXT",".TXT","File","設定・定義候補",,"ファイル名・拡張子・配置のみ","メタ情報候補","個別承認後に評価"
"C:\fchart\chokan\KABUJOHO\T030912.TXT","T030912.TXT",".TXT","File","設定・定義候補",,"ファイル名・拡張子・配置のみ","メタ情報候補","個別承認後に評価"
"C:\fchart\chokan\KABUJOHO\T030916.TXT","T030916.TXT",".TXT","File","設定・定義候補",,"ファイル名・拡張子・配置のみ","メタ情報候補","個別承認後に評価"
"C:\fchart\chokan\KABUJOHO\T030917.TXT","T030917.TXT",".TXT","File","設定・定義候補",,"ファイル名・拡張子・配置のみ","メタ情報候補","個別承認後に評価"
"C:\fchart\chokan\KABUJOHO\T030918.TXT","T030918.TXT",".TXT","File","設定・定義候補",,"ファイル名・拡張子・配置のみ","メタ情報候補","個別承認後に評価"
"C:\fchart\chokan\KABUJOHO\T030919.TXT","T030919.TXT",".TXT","File","設定・定義候補",,"ファイル名・拡張子・配置のみ","メタ情報候補","個別承認後に評価"
"C:\fchart\chokan\KABUJOHO\T030922.TXT","T030922.TXT",".TXT","File","設定・定義候補",,"ファイル名・拡張子・配置のみ","メタ情報候補","個別承認後に評価"
"C:\fchart\chokan\KABUJOHO\T030924.TXT","T030924.TXT",".TXT","File","設定・定義候補",,"ファイル名・拡張子・配置のみ","メタ情報候補","個別承認後に評価"
"C:\fchart\chokan\KABUJOHO\T030925.TXT","T030925.TXT",".TXT","File","設定・定義候補",,"ファイル名・拡張子・配置のみ","メタ情報候補","個別承認後に評価"
"C:\fchart\chokan\KABUJOHO\T030926.TXT","T030926.TXT",".TXT","File","設定・定義候補",,"ファイル名・拡張子・配置のみ","メタ情報候補","個別承認後に評価"
"C:\fchart\chokan\KABUJOHO\T030929.TXT","T030929.TXT",".TXT","File","設定・定義候補",,"ファイル名・拡張子・配置のみ","メタ情報候補","個別承認後に評価"
"C:\fchart\chokan\KABUJOHO\T030930.TXT","T030930.TXT",".TXT","File","設定・定義候補",,"ファイル名・拡張子・配置のみ","メタ情報候補","個別承認後に評価"
"C:\fchart\chokan\KABUJOHO\T031001.TXT","T031001.TXT",".TXT","File","設定・定義候補",,"ファイル名・拡張子・配置のみ","メタ情報候補","個別承認後に評価"
"C:\fchart\chokan\KABUJOHO\T031002.TXT","T031002.TXT",".TXT","File","設定・定義候補",,"ファイル名・拡張子・配置のみ","メタ情報候補","個別承認後に評価"
"C:\fchart\chokan\KABUJOHO\T031003.TXT","T031003.TXT",".TXT","File","設定・定義候補",,"ファイル名・拡張子・配置のみ","メタ情報候補","個別承認後に評価"
"C:\fchart\chokan\KABUJOHO\T031006.TXT","T031006.TXT",".TXT","File","設定・定義候補",,"ファイル名・拡張子・配置のみ","メタ情報候補","個別承認後に評価"
"C:\fchart\chokan\KABUJOHO\T031007.TXT","T031007.TXT",".TXT","File","設定・定義候補",,"ファイル名・拡張子・配置のみ","メタ情報候補","個別承認後に評価"
"C:\fchart\chokan\KABUJOHO\T031008.TXT","T031008.TXT",".TXT","File","設定・定義候補",,"ファイル名・拡張子・配置のみ","メタ情報候補","個別承認後に評価"
"C:\fchart\chokan\KABUJOHO\T031009.TXT","T031009.TXT",".TXT","File","設定・定義候補",,"ファイル名・拡張子・配置のみ","メタ情報候補","個別承認後に評価"
"C:\fchart\chokan\KABUJOHO\T031010.TXT","T031010.TXT",".TXT","File","設定・定義候補",,"ファイル名・拡張子・配置のみ","メタ情報候補","個別承認後に評価"
"C:\fchart\chokan\KABUJOHO\T031014.TXT","T031014.TXT",".TXT","File","設定・定義候補",,"ファイル名・拡張子・配置のみ","メタ情報候補","個別承認後に評価"
"C:\fchart\chokan\KABUJOHO\T031015.TXT","T031015.TXT",".TXT","File","設定・定義候補",,"ファイル名・拡張子・配置のみ","メタ情報候補","個別承認後に評価"
"C:\fchart\chokan\KABUJOHO\T031016.TXT","T031016.TXT",".TXT","File","設定・定義候補",,"ファイル名・拡張子・配置のみ","メタ情報候補","個別承認後に評価"
"C:\fchart\chokan\KABUJOHO\T031017.TXT","T031017.TXT",".TXT","File","設定・定義候補",,"ファイル名・拡張子・配置のみ","メタ情報候補","個別承認後に評価"
"C:\fchart\chokan\KABUJOHO\T031020.TXT","T031020.TXT",".TXT","File","設定・定義候補",,"ファイル名・拡張子・配置のみ","メタ情報候補","個別承認後に評価"
"C:\fchart\chokan\KABUJOHO\T031021.TXT","T031021.TXT",".TXT","File","設定・定義候補",,"ファイル名・拡張子・配置のみ","メタ情報候補","個別承認後に評価"
"C:\fchart\chokan\KABUJOHO\T031022.TXT","T031022.TXT",".TXT","File","設定・定義候補",,"ファイル名・拡張子・配置のみ","メタ情報候補","個別承認後に評価"
"C:\fchart\chokan\KABUJOHO\T031023.txt","T031023.txt",".txt","File","設定・定義候補",,"ファイル名・拡張子・配置のみ","メタ情報候補","個別承認後に評価"
"C:\fchart\chokan\KABUJOHO\T031024.TXT","T031024.TXT",".TXT","File","設定・定義候補",,"ファイル名・拡張子・配置のみ","メタ情報候補","個別承認後に評価"
"C:\fchart\chokan\KABUJOHO\T031027.TXT","T031027.TXT",".TXT","File","設定・定義候補",,"ファイル名・拡張子・配置のみ","メタ情報候補","個別承認後に評価"
"C:\fchart\chokan\KABUJOHO\T031028.TXT","T031028.TXT",".TXT","File","設定・定義候補",,"ファイル名・拡張子・配置のみ","メタ情報候補","個別承認後に評価"
"C:\fchart\chokan\KABUJOHO\T031029.TXT","T031029.TXT",".TXT","File","設定・定義候補",,"ファイル名・拡張子・配置のみ","メタ情報候補","個別承認後に評価"
"C:\fchart\chokan\KABUJOHO\T031030.TXT","T031030.TXT",".TXT","File","設定・定義候補",,"ファイル名・拡張子・配置のみ","メタ情報候補","個別承認後に評価"
"C:\fchart\chokan\KABUJOHO\T031104.TXT","T031104.TXT",".TXT","File","設定・定義候補",,"ファイル名・拡張子・配置のみ","メタ情報候補","個別承認後に評価"
"C:\fchart\chokan\KABUJOHO\T031105.TXT","T031105.TXT",".TXT","File","設定・定義候補",,"ファイル名・拡張子・配置のみ","メタ情報候補","個別承認後に評価"
"C:\fchart\chokan\KABUJOHO\T031106.TXT","T031106.TXT",".TXT","File","設定・定義候補",,"ファイル名・拡張子・配置のみ","メタ情報候補","個別承認後に評価"
"C:\fchart\chokan\KABUJOHO\T031107.TXT","T031107.TXT",".TXT","File","設定・定義候補",,"ファイル名・拡張子・配置のみ","メタ情報候補","個別承認後に評価"
"C:\fchart\chokan\KABUJOHO\T031110.TXT","T031110.TXT",".TXT","File","設定・定義候補",,"ファイル名・拡張子・配置のみ","メタ情報候補","個別承認後に評価"
"C:\fchart\chokan\KABUJOHO\T031111.TXT","T031111.TXT",".TXT","File","設定・定義候補",,"ファイル名・拡張子・配置のみ","メタ情報候補","個別承認後に評価"
"C:\fchart\chokan\KABUJOHO\T031112.TXT","T031112.TXT",".TXT","File","設定・定義候補",,"ファイル名・拡張子・配置のみ","メタ情報候補","個別承認後に評価"
"C:\fchart\chokan\KABUJOHO\T031113.TXT","T031113.TXT",".TXT","File","設定・定義候補",,"ファイル名・拡張子・配置のみ","メタ情報候補","個別承認後に評価"
"C:\fchart\chokan\KABUJOHO\T031114.TXT","T031114.TXT",".TXT","File","設定・定義候補",,"ファイル名・拡張子・配置のみ","メタ情報候補","個別承認後に評価"
"C:\fchart\chokan\KABUJOHO\T031117.TXT","T031117.TXT",".TXT","File","設定・定義候補",,"ファイル名・拡張子・配置のみ","メタ情報候補","個別承認後に評価"
"C:\fchart\chokan\KABUJOHO\T031118.TXT","T031118.TXT",".TXT","File","設定・定義候補",,"ファイル名・拡張子・配置のみ","メタ情報候補","個別承認後に評価"
"C:\fchart\chokan\KABUJOHO\T031119.TXT","T031119.TXT",".TXT","File","設定・定義候補",,"ファイル名・拡張子・配置のみ","メタ情報候補","個別承認後に評価"
"C:\fchart\chokan\KABUJOHO\T031120.TXT","T031120.TXT",".TXT","File","設定・定義候補",,"ファイル名・拡張子・配置のみ","メタ情報候補","個別承認後に評価"
"C:\fchart\chokan\KABUJOHO\T031121.TXT","T031121.TXT",".TXT","File","設定・定義候補",,"ファイル名・拡張子・配置のみ","メタ情報候補","個別承認後に評価"
"C:\fchart\chokan\KABUJOHO\T031125.TXT","T031125.TXT",".TXT","File","設定・定義候補",,"ファイル名・拡張子・配置のみ","メタ情報候補","個別承認後に評価"
"C:\fchart\chokan\KABUJOHO\T031126.TXT","T031126.TXT",".TXT","File","設定・定義候補",,"ファイル名・拡張子・配置のみ","メタ情報候補","個別承認後に評価"
"C:\fchart\chokan\KABUJOHO\T031127.TXT","T031127.TXT",".TXT","File","設定・定義候補",,"ファイル名・拡張子・配置のみ","メタ情報候補","個別承認後に評価"
"C:\fchart\chokan\KABUJOHO\T031128.TXT","T031128.TXT",".TXT","File","設定・定義候補",,"ファイル名・拡張子・配置のみ","メタ情報候補","個別承認後に評価"
"C:\fchart\chokan\KABUJOHO\T031201.TXT","T031201.TXT",".TXT","File","設定・定義候補",,"ファイル名・拡張子・配置のみ","メタ情報候補","個別承認後に評価"
"C:\fchart\chokan\KABUJOHO\T031202.TXT","T031202.TXT",".TXT","File","設定・定義候補",,"ファイル名・拡張子・配置のみ","メタ情報候補","個別承認後に評価"
"C:\fchart\chokan\KABUJOHO\T031203.TXT","T031203.TXT",".TXT","File","設定・定義候補",,"ファイル名・拡張子・配置のみ","メタ情報候補","個別承認後に評価"
"C:\fchart\chokan\KABUJOHO\T031204.TXT","T031204.TXT",".TXT","File","設定・定義候補",,"ファイル名・拡張子・配置のみ","メタ情報候補","個別承認後に評価"
"C:\fchart\chokan\KABUJOHO\T031205.TXT","T031205.TXT",".TXT","File","設定・定義候補",,"ファイル名・拡張子・配置のみ","メタ情報候補","個別承認後に評価"
"C:\fchart\chokan\KABUJOHO\T031208.TXT","T031208.TXT",".TXT","File","設定・定義候補",,"ファイル名・拡張子・配置のみ","メタ情報候補","個別承認後に評価"
"C:\fchart\chokan\KABUJOHO\T031209.TXT","T031209.TXT",".TXT","File","設定・定義候補",,"ファイル名・拡張子・配置のみ","メタ情報候補","個別承認後に評価"
"C:\fchart\chokan\KABUJOHO\T031210.TXT","T031210.TXT",".TXT","File","設定・定義候補",,"ファイル名・拡張子・配置のみ","メタ情報候補","個別承認後に評価"
"C:\fchart\chokan\KABUJOHO\T031211.TXT","T031211.TXT",".TXT","File","設定・定義候補",,"ファイル名・拡張子・配置のみ","メタ情報候補","個別承認後に評価"
"C:\fchart\chokan\KABUJOHO\T031212.TXT","T031212.TXT",".TXT","File","設定・定義候補",,"ファイル名・拡張子・配置のみ","メタ情報候補","個別承認後に評価"
"C:\fchart\chokan\KABUJOHO\T031215.TXT","T031215.TXT",".TXT","File","設定・定義候補",,"ファイル名・拡張子・配置のみ","メタ情報候補","個別承認後に評価"
"C:\fchart\chokan\KABUJOHO\T031216.TXT","T031216.TXT",".TXT","File","設定・定義候補",,"ファイル名・拡張子・配置のみ","メタ情報候補","個別承認後に評価"
"C:\fchart\chokan\KABUJOHO\T031217.TXT","T031217.TXT",".TXT","File","設定・定義候補",,"ファイル名・拡張子・配置のみ","メタ情報候補","個別承認後に評価"
"C:\fchart\chokan\KABUJOHO\T031218.TXT","T031218.TXT",".TXT","File","設定・定義候補",,"ファイル名・拡張子・配置のみ","メタ情報候補","個別承認後に評価"
"C:\fchart\chokan\KABUJOHO\T031222.TXT","T031222.TXT",".TXT","File","設定・定義候補",,"ファイル名・拡張子・配置のみ","メタ情報候補","個別承認後に評価"
"C:\fchart\chokan\KABUJOHO\T031224.TXT","T031224.TXT",".TXT","File","設定・定義候補",,"ファイル名・拡張子・配置のみ","メタ情報候補","個別承認後に評価"
"C:\fchart\chokan\KABUJOHO\T031226.TXT","T031226.TXT",".TXT","File","設定・定義候補",,"ファイル名・拡張子・配置のみ","メタ情報候補","個別承認後に評価"
"C:\fchart\chokan\KABUJOHO\T031229.TXT","T031229.TXT",".TXT","File","設定・定義候補",,"ファイル名・拡張子・配置のみ","メタ情報候補","個別承認後に評価"
"C:\fchart\chokan\KABUJOHO\T031230.TXT","T031230.TXT",".TXT","File","設定・定義候補",,"ファイル名・拡張子・配置のみ","メタ情報候補","個別承認後に評価"
"C:\fchart\chokan\KABUJOHO\T040105.TXT","T040105.TXT",".TXT","File","設定・定義候補",,"ファイル名・拡張子・配置のみ","メタ情報候補","個別承認後に評価"
"C:\fchart\chokan\KABUJOHO\T040106.TXT","T040106.TXT",".TXT","File","設定・定義候補",,"ファイル名・拡張子・配置のみ","メタ情報候補","個別承認後に評価"
"C:\fchart\chokan\KABUJOHO\T040107.TXT","T040107.TXT",".TXT","File","設定・定義候補",,"ファイル名・拡張子・配置のみ","メタ情報候補","個別承認後に評価"
"C:\fchart\chokan\KABUJOHO\T040113.TXT","T040113.TXT",".TXT","File","設定・定義候補",,"ファイル名・拡張子・配置のみ","メタ情報候補","個別承認後に評価"
"C:\fchart\chokan\KABUJOHO\T040114.TXT","T040114.TXT",".TXT","File","設定・定義候補",,"ファイル名・拡張子・配置のみ","メタ情報候補","個別承認後に評価"
"C:\fchart\chokan\KABUJOHO\T040119.TXT","T040119.TXT",".TXT","File","設定・定義候補",,"ファイル名・拡張子・配置のみ","メタ情報候補","個別承認後に評価"
"C:\fchart\chokan\KABUJOHO\T040120.TXT","T040120.TXT",".TXT","File","設定・定義候補",,"ファイル名・拡張子・配置のみ","メタ情報候補","個別承認後に評価"
"C:\fchart\chokan\KABUJOHO\T040121.TXT","T040121.TXT",".TXT","File","設定・定義候補",,"ファイル名・拡張子・配置のみ","メタ情報候補","個別承認後に評価"
"C:\fchart\chokan\KABUJOHO\T040126.TXT","T040126.TXT",".TXT","File","設定・定義候補",,"ファイル名・拡張子・配置のみ","メタ情報候補","個別承認後に評価"
"C:\fchart\chokan\KABUJOHO\T040127.TXT","T040127.TXT",".TXT","File","設定・定義候補",,"ファイル名・拡張子・配置のみ","メタ情報候補","個別承認後に評価"
"C:\fchart\chokan\KABUJOHO\T040128.TXT","T040128.TXT",".TXT","File","設定・定義候補",,"ファイル名・拡張子・配置のみ","メタ情報候補","個別承認後に評価"
"C:\fchart\chokan\KABUJOHO\T040129.TXT","T040129.TXT",".TXT","File","設定・定義候補",,"ファイル名・拡張子・配置のみ","メタ情報候補","個別承認後に評価"
"C:\fchart\chokan\KABUJOHO\T040202.TXT","T040202.TXT",".TXT","File","設定・定義候補",,"ファイル名・拡張子・配置のみ","メタ情報候補","個別承認後に評価"
"C:\fchart\chokan\KABUJOHO\T040203.TXT","T040203.TXT",".TXT","File","設定・定義候補",,"ファイル名・拡張子・配置のみ","メタ情報候補","個別承認後に評価"
"C:\fchart\chokan\KABUJOHO\T040209.TXT","T040209.TXT",".TXT","File","設定・定義候補",,"ファイル名・拡張子・配置のみ","メタ情報候補","個別承認後に評価"
"C:\fchart\chokan\KABUJOHO\T040210.TXT","T040210.TXT",".TXT","File","設定・定義候補",,"ファイル名・拡張子・配置のみ","メタ情報候補","個別承認後に評価"
"C:\fchart\chokan\KABUJOHO\T040212.TXT","T040212.TXT",".TXT","File","設定・定義候補",,"ファイル名・拡張子・配置のみ","メタ情報候補","個別承認後に評価"
"C:\fchart\chokan\KABUJOHO\T040216.TXT","T040216.TXT",".TXT","File","設定・定義候補",,"ファイル名・拡張子・配置のみ","メタ情報候補","個別承認後に評価"
"C:\fchart\chokan\KABUJOHO\T040217.TXT","T040217.TXT",".TXT","File","設定・定義候補",,"ファイル名・拡張子・配置のみ","メタ情報候補","個別承認後に評価"
"C:\fchart\chokan\KABUJOHO\T040218.TXT","T040218.TXT",".TXT","File","設定・定義候補",,"ファイル名・拡張子・配置のみ","メタ情報候補","個別承認後に評価"
"C:\fchart\chokan\KABUJOHO\T040219.TXT","T040219.TXT",".TXT","File","設定・定義候補",,"ファイル名・拡張子・配置のみ","メタ情報候補","個別承認後に評価"
"C:\fchart\chokan\KABUJOHO\T040223.TXT","T040223.TXT",".TXT","File","設定・定義候補",,"ファイル名・拡張子・配置のみ","メタ情報候補","個別承認後に評価"
"C:\fchart\chokan\KABUJOHO\T040301.TXT","T040301.TXT",".TXT","File","設定・定義候補",,"ファイル名・拡張子・配置のみ","メタ情報候補","個別承認後に評価"
"C:\fchart\chokan\KABUJOHO\T040302.TXT","T040302.TXT",".TXT","File","設定・定義候補",,"ファイル名・拡張子・配置のみ","メタ情報候補","個別承認後に評価"
"C:\fchart\chokan\KABUJOHO\T040303.TXT","T040303.TXT",".TXT","File","設定・定義候補",,"ファイル名・拡張子・配置のみ","メタ情報候補","個別承認後に評価"
"C:\fchart\chokan\KABUJOHO\T040304.TXT","T040304.TXT",".TXT","File","設定・定義候補",,"ファイル名・拡張子・配置のみ","メタ情報候補","個別承認後に評価"
"C:\fchart\chokan\KABUJOHO\T040305.TXT","T040305.TXT",".TXT","File","設定・定義候補",,"ファイル名・拡張子・配置のみ","メタ情報候補","個別承認後に評価"
"C:\fchart\chokan\KABUJOHO\T040308.TXT","T040308.TXT",".TXT","File","設定・定義候補",,"ファイル名・拡張子・配置のみ","メタ情報候補","個別承認後に評価"
"C:\fchart\chokan\KABUJOHO\T040309.TXT","T040309.TXT",".TXT","File","設定・定義候補",,"ファイル名・拡張子・配置のみ","メタ情報候補","個別承認後に評価"
"C:\fchart\chokan\KABUJOHO\T040310.TXT","T040310.TXT",".TXT","File","設定・定義候補",,"ファイル名・拡張子・配置のみ","メタ情報候補","個別承認後に評価"
"C:\fchart\chokan\KABUJOHO\T040311.TXT","T040311.TXT",".TXT","File","設定・定義候補",,"ファイル名・拡張子・配置のみ","メタ情報候補","個別承認後に評価"
"C:\fchart\chokan\KABUJOHO\T040315.TXT","T040315.TXT",".TXT","File","設定・定義候補",,"ファイル名・拡張子・配置のみ","メタ情報候補","個別承認後に評価"
"C:\fchart\chokan\KABUJOHO\T040316.TXT","T040316.TXT",".TXT","File","設定・定義候補",,"ファイル名・拡張子・配置のみ","メタ情報候補","個別承認後に評価"
"C:\fchart\chokan\KABUJOHO\T040317.TXT","T040317.TXT",".TXT","File","設定・定義候補",,"ファイル名・拡張子・配置のみ","メタ情報候補","個別承認後に評価"
"C:\fchart\chokan\KABUJOHO\T040322.TXT","T040322.TXT",".TXT","File","設定・定義候補",,"ファイル名・拡張子・配置のみ","メタ情報候補","個別承認後に評価"
"C:\fchart\chokan\KABUJOHO\T040323.TXT","T040323.TXT",".TXT","File","設定・定義候補",,"ファイル名・拡張子・配置のみ","メタ情報候補","個別承認後に評価"
"C:\fchart\chokan\KABUJOHO\T040405.TXT","T040405.TXT",".TXT","File","設定・定義候補",,"ファイル名・拡張子・配置のみ","メタ情報候補","個別承認後に評価"
"C:\fchart\chokan\KABUJOHO\T040406.TXT","T040406.TXT",".TXT","File","設定・定義候補",,"ファイル名・拡張子・配置のみ","メタ情報候補","個別承認後に評価"
"C:\fchart\chokan\KABUJOHO\T040407.TXT","T040407.TXT",".TXT","File","設定・定義候補",,"ファイル名・拡張子・配置のみ","メタ情報候補","個別承認後に評価"
"C:\fchart\chokan\KABUJOHO\T040408.TXT","T040408.TXT",".TXT","File","設定・定義候補",,"ファイル名・拡張子・配置のみ","メタ情報候補","個別承認後に評価"
"C:\fchart\chokan\KABUJOHO\T040412.TXT","T040412.TXT",".TXT","File","設定・定義候補",,"ファイル名・拡張子・配置のみ","メタ情報候補","個別承認後に評価"
"C:\fchart\chokan\KABUJOHO\T040413.TXT","T040413.TXT",".TXT","File","設定・定義候補",,"ファイル名・拡張子・配置のみ","メタ情報候補","個別承認後に評価"
"C:\fchart\chokan\KABUJOHO\T040414.TXT","T040414.TXT",".TXT","File","設定・定義候補",,"ファイル名・拡張子・配置のみ","メタ情報候補","個別承認後に評価"
"C:\fchart\chokan\KABUJOHO\T040415.TXT","T040415.TXT",".TXT","File","設定・定義候補",,"ファイル名・拡張子・配置のみ","メタ情報候補","個別承認後に評価"
"C:\fchart\chokan\KABUJOHO\T040419.TXT","T040419.TXT",".TXT","File","設定・定義候補",,"ファイル名・拡張子・配置のみ","メタ情報候補","個別承認後に評価"
"C:\fchart\chokan\KABUJOHO\T040420.TXT","T040420.TXT",".TXT","File","設定・定義候補",,"ファイル名・拡張子・配置のみ","メタ情報候補","個別承認後に評価"
"C:\fchart\chokan\KABUJOHO\T040421.TXT","T040421.TXT",".TXT","File","設定・定義候補",,"ファイル名・拡張子・配置のみ","メタ情報候補","個別承認後に評価"
"C:\fchart\chokan\KABUJOHO\T040428.TXT","T040428.TXT",".TXT","File","設定・定義候補",,"ファイル名・拡張子・配置のみ","メタ情報候補","個別承認後に評価"
"C:\fchart\chokan\KABUJOHO\T040506.TXT","T040506.TXT",".TXT","File","設定・定義候補",,"ファイル名・拡張子・配置のみ","メタ情報候補","個別承認後に評価"
"C:\fchart\chokan\KABUJOHO\T040507.TXT","T040507.TXT",".TXT","File","設定・定義候補",,"ファイル名・拡張子・配置のみ","メタ情報候補","個別承認後に評価"
"C:\fchart\chokan\KABUJOHO\T040510.TXT","T040510.TXT",".TXT","File","設定・定義候補",,"ファイル名・拡張子・配置のみ","メタ情報候補","個別承認後に評価"
"C:\fchart\chokan\KABUJOHO\T040511.TXT","T040511.TXT",".TXT","File","設定・定義候補",,"ファイル名・拡張子・配置のみ","メタ情報候補","個別承認後に評価"
"C:\fchart\chokan\KABUJOHO\T040512.TXT","T040512.TXT",".TXT","File","設定・定義候補",,"ファイル名・拡張子・配置のみ","メタ情報候補","個別承認後に評価"
"C:\fchart\chokan\KABUJOHO\T040513.TXT","T040513.TXT",".TXT","File","設定・定義候補",,"ファイル名・拡張子・配置のみ","メタ情報候補","個別承認後に評価"
"C:\fchart\chokan\KABUJOHO\T040514.TXT","T040514.TXT",".TXT","File","設定・定義候補",,"ファイル名・拡張子・配置のみ","メタ情報候補","個別承認後に評価"
"C:\fchart\chokan\KABUJOHO\T040517.TXT","T040517.TXT",".TXT","File","設定・定義候補",,"ファイル名・拡張子・配置のみ","メタ情報候補","個別承認後に評価"
"C:\fchart\chokan\KABUJOHO\T040518.TXT","T040518.TXT",".TXT","File","設定・定義候補",,"ファイル名・拡張子・配置のみ","メタ情報候補","個別承認後に評価"
"C:\fchart\chokan\KABUJOHO\T040519.TXT","T040519.TXT",".TXT","File","設定・定義候補",,"ファイル名・拡張子・配置のみ","メタ情報候補","個別承認後に評価"
"C:\fchart\chokan\KABUJOHO\T040520.TXT","T040520.TXT",".TXT","File","設定・定義候補",,"ファイル名・拡張子・配置のみ","メタ情報候補","個別承認後に評価"
"C:\fchart\chokan\KABUJOHO\T040521.TXT","T040521.TXT",".TXT","File","設定・定義候補",,"ファイル名・拡張子・配置のみ","メタ情報候補","個別承認後に評価"
"C:\fchart\chokan\KABUJOHO\T040524.TXT","T040524.TXT",".TXT","File","設定・定義候補",,"ファイル名・拡張子・配置のみ","メタ情報候補","個別承認後に評価"
"C:\fchart\chokan\KABUJOHO\T040525.TXT","T040525.TXT",".TXT","File","設定・定義候補",,"ファイル名・拡張子・配置のみ","メタ情報候補","個別承認後に評価"
"C:\fchart\chokan\KABUJOHO\T040526.TXT","T040526.TXT",".TXT","File","設定・定義候補",,"ファイル名・拡張子・配置のみ","メタ情報候補","個別承認後に評価"
"C:\fchart\chokan\KABUJOHO\T040527.TXT","T040527.TXT",".TXT","File","設定・定義候補",,"ファイル名・拡張子・配置のみ","メタ情報候補","個別承認後に評価"
"C:\fchart\chokan\KABUJOHO\T040528.TXT","T040528.TXT",".TXT","File","設定・定義候補",,"ファイル名・拡張子・配置のみ","メタ情報候補","個別承認後に評価"
"C:\fchart\chokan\KABUJOHO\T040531.TXT","T040531.TXT",".TXT","File","設定・定義候補",,"ファイル名・拡張子・配置のみ","メタ情報候補","個別承認後に評価"
"C:\fchart\chokan\KABUJOHO\T040601.TXT","T040601.TXT",".TXT","File","設定・定義候補",,"ファイル名・拡張子・配置のみ","メタ情報候補","個別承認後に評価"
"C:\fchart\chokan\KABUJOHO\T040602.TXT","T040602.TXT",".TXT","File","設定・定義候補",,"ファイル名・拡張子・配置のみ","メタ情報候補","個別承認後に評価"
"C:\fchart\chokan\KABUJOHO\T040603.TXT","T040603.TXT",".TXT","File","設定・定義候補",,"ファイル名・拡張子・配置のみ","メタ情報候補","個別承認後に評価"
"C:\fchart\chokan\KABUJOHO\T040604.TXT","T040604.TXT",".TXT","File","設定・定義候補",,"ファイル名・拡張子・配置のみ","メタ情報候補","個別承認後に評価"
"C:\fchart\chokan\KABUJOHO\T040608.txt","T040608.txt",".txt","File","設定・定義候補",,"ファイル名・拡張子・配置のみ","メタ情報候補","個別承認後に評価"
"C:\fchart\chokan\KABUJOHO\T040609.txt","T040609.txt",".txt","File","設定・定義候補",,"ファイル名・拡張子・配置のみ","メタ情報候補","個別承認後に評価"
"C:\fchart\chokan\KABUJOHO\T040610.txt","T040610.txt",".txt","File","設定・定義候補",,"ファイル名・拡張子・配置のみ","メタ情報候補","個別承認後に評価"
"C:\fchart\chokan\KABUJOHO\T040611.txt","T040611.txt",".txt","File","設定・定義候補",,"ファイル名・拡張子・配置のみ","メタ情報候補","個別承認後に評価"
"C:\fchart\chokan\KABUJOHO\T040614.txt","T040614.txt",".txt","File","設定・定義候補",,"ファイル名・拡張子・配置のみ","メタ情報候補","個別承認後に評価"
"C:\fchart\chokan\KABUJOHO\T040615.txt","T040615.txt",".txt","File","設定・定義候補",,"ファイル名・拡張子・配置のみ","メタ情報候補","個別承認後に評価"
"C:\fchart\chokan\KABUJOHO\T040616.txt","T040616.txt",".txt","File","設定・定義候補",,"ファイル名・拡張子・配置のみ","メタ情報候補","個別承認後に評価"
"C:\fchart\chokan\KABUJOHO\T040617.txt","T040617.txt",".txt","File","設定・定義候補",,"ファイル名・拡張子・配置のみ","メタ情報候補","個別承認後に評価"
"C:\fchart\chokan\KABUJOHO\T040618.txt","T040618.txt",".txt","File","設定・定義候補",,"ファイル名・拡張子・配置のみ","メタ情報候補","個別承認後に評価"
"C:\fchart\chokan\KABUJOHO\T040621.txt","T040621.txt",".txt","File","設定・定義候補",,"ファイル名・拡張子・配置のみ","メタ情報候補","個別承認後に評価"
"C:\fchart\chokan\KABUJOHO\T040622.txt","T040622.txt",".txt","File","設定・定義候補",,"ファイル名・拡張子・配置のみ","メタ情報候補","個別承認後に評価"
"C:\fchart\chokan\KABUJOHO\T040623.txt","T040623.txt",".txt","File","設定・定義候補",,"ファイル名・拡張子・配置のみ","メタ情報候補","個別承認後に評価"
"C:\fchart\chokan\KABUJOHO\T040624.txt","T040624.txt",".txt","File","設定・定義候補",,"ファイル名・拡張子・配置のみ","メタ情報候補","個別承認後に評価"
"C:\fchart\chokan\KABUJOHO\T040625.txt","T040625.txt",".txt","File","設定・定義候補",,"ファイル名・拡張子・配置のみ","メタ情報候補","個別承認後に評価"
"C:\fchart\chokan\KABUJOHO\T040628.txt","T040628.txt",".txt","File","設定・定義候補",,"ファイル名・拡張子・配置のみ","メタ情報候補","個別承認後に評価"
"C:\fchart\chokan\KABUJOHO\T040629.txt","T040629.txt",".txt","File","設定・定義候補",,"ファイル名・拡張子・配置のみ","メタ情報候補","個別承認後に評価"
"C:\fchart\chokan\KABUJOHO\T040630.txt","T040630.txt",".txt","File","設定・定義候補",,"ファイル名・拡張子・配置のみ","メタ情報候補","個別承認後に評価"
"C:\fchart\chokan\KABUJOHO\T040701.txt","T040701.txt",".txt","File","設定・定義候補",,"ファイル名・拡張子・配置のみ","メタ情報候補","個別承認後に評価"
"C:\fchart\chokan\KABUJOHO\T040702.txt","T040702.txt",".txt","File","設定・定義候補",,"ファイル名・拡張子・配置のみ","メタ情報候補","個別承認後に評価"
"C:\fchart\chokan\KABUJOHO\T040705.txt","T040705.txt",".txt","File","設定・定義候補",,"ファイル名・拡張子・配置のみ","メタ情報候補","個別承認後に評価"
"C:\fchart\chokan\KABUJOHO\T040706.txt","T040706.txt",".txt","File","設定・定義候補",,"ファイル名・拡張子・配置のみ","メタ情報候補","個別承認後に評価"
"C:\fchart\chokan\KABUJOHO\T040707.txt","T040707.txt",".txt","File","設定・定義候補",,"ファイル名・拡張子・配置のみ","メタ情報候補","個別承認後に評価"
"C:\fchart\chokan\KABUJOHO\T040708.txt","T040708.txt",".txt","File","設定・定義候補",,"ファイル名・拡張子・配置のみ","メタ情報候補","個別承認後に評価"
"C:\fchart\chokan\KABUJOHO\T040709.txt","T040709.txt",".txt","File","設定・定義候補",,"ファイル名・拡張子・配置のみ","メタ情報候補","個別承認後に評価"
"C:\fchart\chokan\KABUJOHO\T040712.txt","T040712.txt",".txt","File","設定・定義候補",,"ファイル名・拡張子・配置のみ","メタ情報候補","個別承認後に評価"
"C:\fchart\chokan\KABUJOHO\T040713.txt","T040713.txt",".txt","File","設定・定義候補",,"ファイル名・拡張子・配置のみ","メタ情報候補","個別承認後に評価"
"C:\fchart\chokan\KABUJOHO\T040714.txt","T040714.txt",".txt","File","設定・定義候補",,"ファイル名・拡張子・配置のみ","メタ情報候補","個別承認後に評価"
"C:\fchart\chokan\KABUJOHO\T040715.txt","T040715.txt",".txt","File","設定・定義候補",,"ファイル名・拡張子・配置のみ","メタ情報候補","個別承認後に評価"
"C:\fchart\chokan\KABUJOHO\T040716.txt","T040716.txt",".txt","File","設定・定義候補",,"ファイル名・拡張子・配置のみ","メタ情報候補","個別承認後に評価"
"C:\fchart\chokan\KABUJOHO\T040720.txt","T040720.txt",".txt","File","設定・定義候補",,"ファイル名・拡張子・配置のみ","メタ情報候補","個別承認後に評価"
"C:\fchart\chokan\KABUJOHO\T040721.txt","T040721.txt",".txt","File","設定・定義候補",,"ファイル名・拡張子・配置のみ","メタ情報候補","個別承認後に評価"
"C:\fchart\chokan\KABUJOHO\T040722.txt","T040722.txt",".txt","File","設定・定義候補",,"ファイル名・拡張子・配置のみ","メタ情報候補","個別承認後に評価"
"C:\fchart\chokan\KABUJOHO\T040723.txt","T040723.txt",".txt","File","設定・定義候補",,"ファイル名・拡張子・配置のみ","メタ情報候補","個別承認後に評価"
"C:\fchart\chokan\KABUJOHO\T040726.txt","T040726.txt",".txt","File","設定・定義候補",,"ファイル名・拡張子・配置のみ","メタ情報候補","個別承認後に評価"
"C:\fchart\chokan\KABUJOHO\T040727.txt","T040727.txt",".txt","File","設定・定義候補",,"ファイル名・拡張子・配置のみ","メタ情報候補","個別承認後に評価"
"C:\fchart\chokan\KABUJOHO\T040802.txt","T040802.txt",".txt","File","設定・定義候補",,"ファイル名・拡張子・配置のみ","メタ情報候補","個別承認後に評価"
"C:\fchart\chokan\KABUJOHO\T040803.txt","T040803.txt",".txt","File","設定・定義候補",,"ファイル名・拡張子・配置のみ","メタ情報候補","個別承認後に評価"
"C:\fchart\chokan\KABUJOHO\T040804.txt","T040804.txt",".txt","File","設定・定義候補",,"ファイル名・拡張子・配置のみ","メタ情報候補","個別承認後に評価"
"C:\fchart\chokan\KABUJOHO\T040805.txt","T040805.txt",".txt","File","設定・定義候補",,"ファイル名・拡張子・配置のみ","メタ情報候補","個別承認後に評価"
"C:\fchart\chokan\KABUJOHO\T040806.txt","T040806.txt",".txt","File","設定・定義候補",,"ファイル名・拡張子・配置のみ","メタ情報候補","個別承認後に評価"
"C:\fchart\chokan\KABUJOHO\T040809.txt","T040809.txt",".txt","File","設定・定義候補",,"ファイル名・拡張子・配置のみ","メタ情報候補","個別承認後に評価"
"C:\fchart\chokan\KABUJOHO\T040811.txt","T040811.txt",".txt","File","設定・定義候補",,"ファイル名・拡張子・配置のみ","メタ情報候補","個別承認後に評価"
"C:\fchart\chokan\KABUJOHO\T040812.txt","T040812.txt",".txt","File","設定・定義候補",,"ファイル名・拡張子・配置のみ","メタ情報候補","個別承認後に評価"
"C:\fchart\chokan\KABUJOHO\T040816.txt","T040816.txt",".txt","File","設定・定義候補",,"ファイル名・拡張子・配置のみ","メタ情報候補","個別承認後に評価"
"C:\fchart\chokan\KABUJOHO\T040817.txt","T040817.txt",".txt","File","設定・定義候補",,"ファイル名・拡張子・配置のみ","メタ情報候補","個別承認後に評価"
"C:\fchart\chokan\KABUJOHO\T040818.txt","T040818.txt",".txt","File","設定・定義候補",,"ファイル名・拡張子・配置のみ","メタ情報候補","個別承認後に評価"
"C:\fchart\chokan\KABUJOHO\T040819.txt","T040819.txt",".txt","File","設定・定義候補",,"ファイル名・拡張子・配置のみ","メタ情報候補","個別承認後に評価"
"C:\fchart\chokan\KABUJOHO\T040823.txt","T040823.txt",".txt","File","設定・定義候補",,"ファイル名・拡張子・配置のみ","メタ情報候補","個別承認後に評価"
"C:\fchart\chokan\KABUJOHO\T040824.txt","T040824.txt",".txt","File","設定・定義候補",,"ファイル名・拡張子・配置のみ","メタ情報候補","個別承認後に評価"
"C:\fchart\chokan\KABUJOHO\T040825.txt","T040825.txt",".txt","File","設定・定義候補",,"ファイル名・拡張子・配置のみ","メタ情報候補","個別承認後に評価"
"C:\fchart\chokan\KABUJOHO\T040826.txt","T040826.txt",".txt","File","設定・定義候補",,"ファイル名・拡張子・配置のみ","メタ情報候補","個別承認後に評価"
"C:\fchart\chokan\KABUJOHO\T040830.txt","T040830.txt",".txt","File","設定・定義候補",,"ファイル名・拡張子・配置のみ","メタ情報候補","個別承認後に評価"
"C:\fchart\chokan\KABUJOHO\T040831.txt","T040831.txt",".txt","File","設定・定義候補",,"ファイル名・拡張子・配置のみ","メタ情報候補","個別承認後に評価"
"C:\fchart\chokan\KABUJOHO\T040901.txt","T040901.txt",".txt","File","設定・定義候補",,"ファイル名・拡張子・配置のみ","メタ情報候補","個別承認後に評価"
"C:\fchart\chokan\KABUJOHO\T040906.txt","T040906.txt",".txt","File","設定・定義候補",,"ファイル名・拡張子・配置のみ","メタ情報候補","個別承認後に評価"
"C:\fchart\chokan\KABUJOHO\T040907.txt","T040907.txt",".txt","File","設定・定義候補",,"ファイル名・拡張子・配置のみ","メタ情報候補","個別承認後に評価"
"C:\fchart\chokan\KABUJOHO\T040908.txt","T040908.txt",".txt","File","設定・定義候補",,"ファイル名・拡張子・配置のみ","メタ情報候補","個別承認後に評価"
"C:\fchart\chokan\KABUJOHO\T040909.txt","T040909.txt",".txt","File","設定・定義候補",,"ファイル名・拡張子・配置のみ","メタ情報候補","個別承認後に評価"
"C:\fchart\chokan\KABUJOHO\T040910.txt","T040910.txt",".txt","File","設定・定義候補",,"ファイル名・拡張子・配置のみ","メタ情報候補","個別承認後に評価"
"C:\fchart\chokan\KABUJOHO\T040913.txt","T040913.txt",".txt","File","設定・定義候補",,"ファイル名・拡張子・配置のみ","メタ情報候補","個別承認後に評価"
"C:\fchart\chokan\KABUJOHO\T040914.txt","T040914.txt",".txt","File","設定・定義候補",,"ファイル名・拡張子・配置のみ","メタ情報候補","個別承認後に評価"
"C:\fchart\chokan\KABUJOHO\T040916.txt","T040916.txt",".txt","File","設定・定義候補",,"ファイル名・拡張子・配置のみ","メタ情報候補","個別承認後に評価"
"C:\fchart\chokan\KABUJOHO\T040917.txt","T040917.txt",".txt","File","設定・定義候補",,"ファイル名・拡張子・配置のみ","メタ情報候補","個別承認後に評価"
"C:\fchart\chokan\KABUJOHO\T040921.txt","T040921.txt",".txt","File","設定・定義候補",,"ファイル名・拡張子・配置のみ","メタ情報候補","個別承認後に評価"
"C:\fchart\chokan\KABUJOHO\T040930.txt","T040930.txt",".txt","File","設定・定義候補",,"ファイル名・拡張子・配置のみ","メタ情報候補","個別承認後に評価"
"C:\fchart\chokan\KABUJOHO\T041008.csv","T041008.csv",".csv","File","設定・定義候補",,"ファイル名・拡張子・配置のみ","メタ情報候補","個別承認後に評価"
"C:\fchart\chokan\KABUJOHO\T041012.csv","T041012.csv",".csv","File","設定・定義候補",,"ファイル名・拡張子・配置のみ","メタ情報候補","個別承認後に評価"
"C:\fchart\chokan\KABUJOHO\T041013.csv","T041013.csv",".csv","File","設定・定義候補",,"ファイル名・拡張子・配置のみ","メタ情報候補","個別承認後に評価"
"C:\fchart\chokan\KABUJOHO\T041014.csv","T041014.csv",".csv","File","設定・定義候補",,"ファイル名・拡張子・配置のみ","メタ情報候補","個別承認後に評価"
"C:\fchart\chokan\KABUJOHO\T041015.csv","T041015.csv",".csv","File","設定・定義候補",,"ファイル名・拡張子・配置のみ","メタ情報候補","個別承認後に評価"
"C:\fchart\chokan\KABUJOHO\T041018.csv","T041018.csv",".csv","File","設定・定義候補",,"ファイル名・拡張子・配置のみ","メタ情報候補","個別承認後に評価"
"C:\fchart\chokan\KABUJOHO\T041019.csv","T041019.csv",".csv","File","設定・定義候補",,"ファイル名・拡張子・配置のみ","メタ情報候補","個別承認後に評価"
"C:\fchart\chokan\KABUJOHO\T041025.csv","T041025.csv",".csv","File","設定・定義候補",,"ファイル名・拡張子・配置のみ","メタ情報候補","個別承認後に評価"
"C:\fchart\chokan\KABUJOHO\T041026.csv","T041026.csv",".csv","File","設定・定義候補",,"ファイル名・拡張子・配置のみ","メタ情報候補","個別承認後に評価"
"C:\fchart\chokan\KABUJOHO\T041027.csv","T041027.csv",".csv","File","設定・定義候補",,"ファイル名・拡張子・配置のみ","メタ情報候補","個別承認後に評価"
"C:\fchart\chokan\KABUJOHO\T041101.csv","T041101.csv",".csv","File","設定・定義候補",,"ファイル名・拡張子・配置のみ","メタ情報候補","個別承認後に評価"
"C:\fchart\chokan\KABUJOHO\T041104.csv","T041104.csv",".csv","File","設定・定義候補",,"ファイル名・拡張子・配置のみ","メタ情報候補","個別承認後に評価"
"C:\fchart\chokan\KABUJOHO\T041105.csv","T041105.csv",".csv","File","設定・定義候補",,"ファイル名・拡張子・配置のみ","メタ情報候補","個別承認後に評価"
"C:\fchart\chokan\KABUJOHO\T041108.csv","T041108.csv",".csv","File","設定・定義候補",,"ファイル名・拡張子・配置のみ","メタ情報候補","個別承認後に評価"
"C:\fchart\chokan\KABUJOHO\T041109.csv","T041109.csv",".csv","File","設定・定義候補",,"ファイル名・拡張子・配置のみ","メタ情報候補","個別承認後に評価"
"C:\fchart\chokan\KABUJOHO\T041110.csv","T041110.csv",".csv","File","設定・定義候補",,"ファイル名・拡張子・配置のみ","メタ情報候補","個別承認後に評価"
"C:\fchart\chokan\KABUJOHO\T041115.csv","T041115.csv",".csv","File","設定・定義候補",,"ファイル名・拡張子・配置のみ","メタ情報候補","個別承認後に評価"
"C:\fchart\chokan\KABUJOHO\T041116.csv","T041116.csv",".csv","File","設定・定義候補",,"ファイル名・拡張子・配置のみ","メタ情報候補","個別承認後に評価"
"C:\fchart\chokan\KABUJOHO\T041117.csv","T041117.csv",".csv","File","設定・定義候補",,"ファイル名・拡張子・配置のみ","メタ情報候補","個別承認後に評価"
"C:\fchart\chokan\KABUJOHO\T041119.csv","T041119.csv",".csv","File","設定・定義候補",,"ファイル名・拡張子・配置のみ","メタ情報候補","個別承認後に評価"
"C:\fchart\chokan\KABUJOHO\T041129.csv","T041129.csv",".csv","File","設定・定義候補",,"ファイル名・拡張子・配置のみ","メタ情報候補","個別承認後に評価"
"C:\fchart\chokan\KABUJOHO\T041130.csv","T041130.csv",".csv","File","設定・定義候補",,"ファイル名・拡張子・配置のみ","メタ情報候補","個別承認後に評価"
"C:\fchart\chokan\KABUJOHO\T041203.csv","T041203.csv",".csv","File","設定・定義候補",,"ファイル名・拡張子・配置のみ","メタ情報候補","個別承認後に評価"
"C:\fchart\chokan\KABUJOHO\T041213.csv","T041213.csv",".csv","File","設定・定義候補",,"ファイル名・拡張子・配置のみ","メタ情報候補","個別承認後に評価"
"C:\fchart\chokan\KABUJOHO\T041217.csv","T041217.csv",".csv","File","設定・定義候補",,"ファイル名・拡張子・配置のみ","メタ情報候補","個別承認後に評価"
"C:\fchart\chokan\KABUJOHO\T041220.csv","T041220.csv",".csv","File","設定・定義候補",,"ファイル名・拡張子・配置のみ","メタ情報候補","個別承認後に評価"
"C:\fchart\chokan\KABUJOHO\T041224.csv","T041224.csv",".csv","File","設定・定義候補",,"ファイル名・拡張子・配置のみ","メタ情報候補","個別承認後に評価"
"C:\fchart\chokan\KABUJOHO\T041227.csv","T041227.csv",".csv","File","設定・定義候補",,"ファイル名・拡張子・配置のみ","メタ情報候補","個別承認後に評価"
"C:\fchart\chokan\KABUJOHO\T050104.csv","T050104.csv",".csv","File","設定・定義候補",,"ファイル名・拡張子・配置のみ","メタ情報候補","個別承認後に評価"
"C:\fchart\chokan\KABUJOHO\T050105.csv","T050105.csv",".csv","File","設定・定義候補",,"ファイル名・拡張子・配置のみ","メタ情報候補","個別承認後に評価"
"C:\fchart\chokan\KABUJOHO\T050114.csv","T050114.csv",".csv","File","設定・定義候補",,"ファイル名・拡張子・配置のみ","メタ情報候補","個別承認後に評価"
"C:\fchart\chokan\KABUJOHO\T050117.csv","T050117.csv",".csv","File","設定・定義候補",,"ファイル名・拡張子・配置のみ","メタ情報候補","個別承認後に評価"
"C:\fchart\chokan\KABUJOHO\T050118.csv","T050118.csv",".csv","File","設定・定義候補",,"ファイル名・拡張子・配置のみ","メタ情報候補","個別承認後に評価"
"C:\fchart\chokan\KABUJOHO\T050119.csv","T050119.csv",".csv","File","設定・定義候補",,"ファイル名・拡張子・配置のみ","メタ情報候補","個別承認後に評価"
"C:\fchart\chokan\KABUJOHO\T050120.csv","T050120.csv",".csv","File","設定・定義候補",,"ファイル名・拡張子・配置のみ","メタ情報候補","個別承認後に評価"
"C:\fchart\chokan\KABUJOHO\T050124.csv","T050124.csv",".csv","File","設定・定義候補",,"ファイル名・拡張子・配置のみ","メタ情報候補","個別承認後に評価"
"C:\fchart\chokan\KABUJOHO\T050125.csv","T050125.csv",".csv","File","設定・定義候補",,"ファイル名・拡張子・配置のみ","メタ情報候補","個別承認後に評価"
"C:\fchart\chokan\KABUJOHO\T050126.csv","T050126.csv",".csv","File","設定・定義候補",,"ファイル名・拡張子・配置のみ","メタ情報候補","個別承認後に評価"
"C:\fchart\chokan\KABUJOHO\T050127.csv","T050127.csv",".csv","File","設定・定義候補",,"ファイル名・拡張子・配置のみ","メタ情報候補","個別承認後に評価"
"C:\fchart\chokan\KABUJOHO\T050131.csv","T050131.csv",".csv","File","設定・定義候補",,"ファイル名・拡張子・配置のみ","メタ情報候補","個別承認後に評価"
"C:\fchart\chokan\KABUJOHO\T050201.csv","T050201.csv",".csv","File","設定・定義候補",,"ファイル名・拡張子・配置のみ","メタ情報候補","個別承認後に評価"
"C:\fchart\chokan\KABUJOHO\T050202.csv","T050202.csv",".csv","File","設定・定義候補",,"ファイル名・拡張子・配置のみ","メタ情報候補","個別承認後に評価"
"C:\fchart\chokan\KABUJOHO\T050204.csv","T050204.csv",".csv","File","設定・定義候補",,"ファイル名・拡張子・配置のみ","メタ情報候補","個別承認後に評価"
"C:\fchart\chokan\KABUJOHO\T050207.csv","T050207.csv",".csv","File","設定・定義候補",,"ファイル名・拡張子・配置のみ","メタ情報候補","個別承認後に評価"
"C:\fchart\chokan\KABUJOHO\T050208.csv","T050208.csv",".csv","File","設定・定義候補",,"ファイル名・拡張子・配置のみ","メタ情報候補","個別承認後に評価"
"C:\fchart\chokan\KABUJOHO\T050214.csv","T050214.csv",".csv","File","設定・定義候補",,"ファイル名・拡張子・配置のみ","メタ情報候補","個別承認後に評価"
"C:\fchart\chokan\KABUJOHO\T050215.csv","T050215.csv",".csv","File","設定・定義候補",,"ファイル名・拡張子・配置のみ","メタ情報候補","個別承認後に評価"
"C:\fchart\chokan\KABUJOHO\T050216.csv","T050216.csv",".csv","File","設定・定義候補",,"ファイル名・拡張子・配置のみ","メタ情報候補","個別承認後に評価"
"C:\fchart\chokan\KABUJOHO\T050221.csv","T050221.csv",".csv","File","設定・定義候補",,"ファイル名・拡張子・配置のみ","メタ情報候補","個別承認後に評価"
"C:\fchart\chokan\KABUJOHO\T050222.csv","T050222.csv",".csv","File","設定・定義候補",,"ファイル名・拡張子・配置のみ","メタ情報候補","個別承認後に評価"
"C:\fchart\chokan\KABUJOHO\T050223.csv","T050223.csv",".csv","File","設定・定義候補",,"ファイル名・拡張子・配置のみ","メタ情報候補","個別承認後に評価"
"C:\fchart\chokan\KABUJOHO\T050228.csv","T050228.csv",".csv","File","設定・定義候補",,"ファイル名・拡張子・配置のみ","メタ情報候補","個別承認後に評価"
"C:\fchart\chokan\KABUJOHO\T050301.csv","T050301.csv",".csv","File","設定・定義候補",,"ファイル名・拡張子・配置のみ","メタ情報候補","個別承認後に評価"
"C:\fchart\chokan\KABUJOHO\T050307.csv","T050307.csv",".csv","File","設定・定義候補",,"ファイル名・拡張子・配置のみ","メタ情報候補","個別承認後に評価"
"C:\fchart\chokan\KABUJOHO\T050308.csv","T050308.csv",".csv","File","設定・定義候補",,"ファイル名・拡張子・配置のみ","メタ情報候補","個別承認後に評価"
"C:\fchart\chokan\KABUJOHO\T050309.csv","T050309.csv",".csv","File","設定・定義候補",,"ファイル名・拡張子・配置のみ","メタ情報候補","個別承認後に評価"
"C:\fchart\chokan\KABUJOHO\T050310.csv","T050310.csv",".csv","File","設定・定義候補",,"ファイル名・拡張子・配置のみ","メタ情報候補","個別承認後に評価"
"C:\fchart\chokan\KABUJOHO\T050314.csv","T050314.csv",".csv","File","設定・定義候補",,"ファイル名・拡張子・配置のみ","メタ情報候補","個別承認後に評価"
"C:\fchart\chokan\KABUJOHO\T050315.csv","T050315.csv",".csv","File","設定・定義候補",,"ファイル名・拡張子・配置のみ","メタ情報候補","個別承認後に評価"
"C:\fchart\chokan\KABUJOHO\T050316.csv","T050316.csv",".csv","File","設定・定義候補",,"ファイル名・拡張子・配置のみ","メタ情報候補","個別承認後に評価"
"C:\fchart\chokan\KABUJOHO\T050317.csv","T050317.csv",".csv","File","設定・定義候補",,"ファイル名・拡張子・配置のみ","メタ情報候補","個別承認後に評価"
"C:\fchart\chokan\KABUJOHO\T050322.csv","T050322.csv",".csv","File","設定・定義候補",,"ファイル名・拡張子・配置のみ","メタ情報候補","個別承認後に評価"
"C:\fchart\chokan\KABUJOHO\T050323.csv","T050323.csv",".csv","File","設定・定義候補",,"ファイル名・拡張子・配置のみ","メタ情報候補","個別承認後に評価"
"C:\fchart\chokan\KABUJOHO\T050325.csv","T050325.csv",".csv","File","設定・定義候補",,"ファイル名・拡張子・配置のみ","メタ情報候補","個別承認後に評価"
"C:\fchart\chokan\KABUJOHO\T050328.csv","T050328.csv",".csv","File","設定・定義候補",,"ファイル名・拡張子・配置のみ","メタ情報候補","個別承認後に評価"
"C:\fchart\chokan\KABUJOHO\T050329.csv","T050329.csv",".csv","File","設定・定義候補",,"ファイル名・拡張子・配置のみ","メタ情報候補","個別承認後に評価"
"C:\fchart\chokan\KABUJOHO\T050330.csv","T050330.csv",".csv","File","設定・定義候補",,"ファイル名・拡張子・配置のみ","メタ情報候補","個別承認後に評価"
"C:\fchart\chokan\KABUJOHO\T050331.csv","T050331.csv",".csv","File","設定・定義候補",,"ファイル名・拡張子・配置のみ","メタ情報候補","個別承認後に評価"
"C:\fchart\chokan\KABUJOHO\T050401.csv","T050401.csv",".csv","File","設定・定義候補",,"ファイル名・拡張子・配置のみ","メタ情報候補","個別承認後に評価"
"C:\fchart\chokan\KABUJOHO\T050404.csv","T050404.csv",".csv","File","設定・定義候補",,"ファイル名・拡張子・配置のみ","メタ情報候補","個別承認後に評価"
"C:\fchart\chokan\KABUJOHO\T050405.csv","T050405.csv",".csv","File","設定・定義候補",,"ファイル名・拡張子・配置のみ","メタ情報候補","個別承認後に評価"
"C:\fchart\chokan\KABUJOHO\T050406.csv","T050406.csv",".csv","File","設定・定義候補",,"ファイル名・拡張子・配置のみ","メタ情報候補","個別承認後に評価"
"C:\fchart\chokan\KABUJOHO\T050407.csv","T050407.csv",".csv","File","設定・定義候補",,"ファイル名・拡張子・配置のみ","メタ情報候補","個別承認後に評価"
"C:\fchart\chokan\KABUJOHO\T050408.csv","T050408.csv",".csv","File","設定・定義候補",,"ファイル名・拡張子・配置のみ","メタ情報候補","個別承認後に評価"
"C:\fchart\chokan\KABUJOHO\T050411.csv","T050411.csv",".csv","File","設定・定義候補",,"ファイル名・拡張子・配置のみ","メタ情報候補","個別承認後に評価"
"C:\fchart\chokan\KABUJOHO\T050412.csv","T050412.csv",".csv","File","設定・定義候補",,"ファイル名・拡張子・配置のみ","メタ情報候補","個別承認後に評価"
"C:\fchart\chokan\KABUJOHO\T050413.csv","T050413.csv",".csv","File","設定・定義候補",,"ファイル名・拡張子・配置のみ","メタ情報候補","個別承認後に評価"
"C:\fchart\chokan\KABUJOHO\T050418.csv","T050418.csv",".csv","File","設定・定義候補",,"ファイル名・拡張子・配置のみ","メタ情報候補","個別承認後に評価"
"C:\fchart\chokan\KABUJOHO\T050419.csv","T050419.csv",".csv","File","設定・定義候補",,"ファイル名・拡張子・配置のみ","メタ情報候補","個別承認後に評価"
"C:\fchart\chokan\KABUJOHO\T050420.csv","T050420.csv",".csv","File","設定・定義候補",,"ファイル名・拡張子・配置のみ","メタ情報候補","個別承認後に評価"
"C:\fchart\chokan\KABUJOHO\T050425.csv","T050425.csv",".csv","File","設定・定義候補",,"ファイル名・拡張子・配置のみ","メタ情報候補","個別承認後に評価"
"C:\fchart\chokan\KABUJOHO\T050502.csv","T050502.csv",".csv","File","設定・定義候補",,"ファイル名・拡張子・配置のみ","メタ情報候補","個別承認後に評価"
"C:\fchart\chokan\KABUJOHO\T050506.csv","T050506.csv",".csv","File","設定・定義候補",,"ファイル名・拡張子・配置のみ","メタ情報候補","個別承認後に評価"
"C:\fchart\chokan\KABUJOHO\T050509.csv","T050509.csv",".csv","File","設定・定義候補",,"ファイル名・拡張子・配置のみ","メタ情報候補","個別承認後に評価"
"C:\fchart\chokan\KABUJOHO\T050510.csv","T050510.csv",".csv","File","設定・定義候補",,"ファイル名・拡張子・配置のみ","メタ情報候補","個別承認後に評価"
"C:\fchart\chokan\KABUJOHO\T050516.csv","T050516.csv",".csv","File","設定・定義候補",,"ファイル名・拡張子・配置のみ","メタ情報候補","個別承認後に評価"
"C:\fchart\chokan\KABUJOHO\T050517.csv","T050517.csv",".csv","File","設定・定義候補",,"ファイル名・拡張子・配置のみ","メタ情報候補","個別承認後に評価"
"C:\fchart\chokan\KABUJOHO\T050518.csv","T050518.csv",".csv","File","設定・定義候補",,"ファイル名・拡張子・配置のみ","メタ情報候補","個別承認後に評価"
"C:\fchart\chokan\KABUJOHO\T050523.csv","T050523.csv",".csv","File","設定・定義候補",,"ファイル名・拡張子・配置のみ","メタ情報候補","個別承認後に評価"
"C:\fchart\chokan\KABUJOHO\T050524.csv","T050524.csv",".csv","File","設定・定義候補",,"ファイル名・拡張子・配置のみ","メタ情報候補","個別承認後に評価"
"C:\fchart\chokan\KABUJOHO\T050525.csv","T050525.csv",".csv","File","設定・定義候補",,"ファイル名・拡張子・配置のみ","メタ情報候補","個別承認後に評価"
"C:\fchart\chokan\KABUJOHO\T050526.csv","T050526.csv",".csv","File","設定・定義候補",,"ファイル名・拡張子・配置のみ","メタ情報候補","個別承認後に評価"
"C:\fchart\chokan\KABUJOHO\T050530.csv","T050530.csv",".csv","File","設定・定義候補",,"ファイル名・拡張子・配置のみ","メタ情報候補","個別承認後に評価"
"C:\fchart\chokan\KABUJOHO\T050531.csv","T050531.csv",".csv","File","設定・定義候補",,"ファイル名・拡張子・配置のみ","メタ情報候補","個別承認後に評価"
"C:\fchart\chokan\KABUJOHO\T050721.csv","T050721.csv",".csv","File","設定・定義候補",,"ファイル名・拡張子・配置のみ","メタ情報候補","個別承認後に評価"
"C:\fchart\chokan\KABUJOHO\T050722.csv","T050722.csv",".csv","File","設定・定義候補",,"ファイル名・拡張子・配置のみ","メタ情報候補","個別承認後に評価"
"C:\fchart\chokan\KABUJOHO\T050725.csv","T050725.csv",".csv","File","設定・定義候補",,"ファイル名・拡張子・配置のみ","メタ情報候補","個別承認後に評価"
"C:\fchart\chokan\KABUJOHO\T050726.csv","T050726.csv",".csv","File","設定・定義候補",,"ファイル名・拡張子・配置のみ","メタ情報候補","個別承認後に評価"
"C:\fchart\chokan\KABUJOHO\T050727.csv","T050727.csv",".csv","File","設定・定義候補",,"ファイル名・拡張子・配置のみ","メタ情報候補","個別承認後に評価"
"C:\fchart\chokan\KABUJOHO\T050728.csv","T050728.csv",".csv","File","設定・定義候補",,"ファイル名・拡張子・配置のみ","メタ情報候補","個別承認後に評価"
"C:\fchart\chokan\KABUJOHO\T050801.csv","T050801.csv",".csv","File","設定・定義候補",,"ファイル名・拡張子・配置のみ","メタ情報候補","個別承認後に評価"
"C:\fchart\chokan\KABUJOHO\T050802.csv","T050802.csv",".csv","File","設定・定義候補",,"ファイル名・拡張子・配置のみ","メタ情報候補","個別承認後に評価"
"C:\fchart\chokan\KABUJOHO\T050803.csv","T050803.csv",".csv","File","設定・定義候補",,"ファイル名・拡張子・配置のみ","メタ情報候補","個別承認後に評価"
"C:\fchart\chokan\KABUJOHO\T050804.csv","T050804.csv",".csv","File","設定・定義候補",,"ファイル名・拡張子・配置のみ","メタ情報候補","個別承認後に評価"
"C:\fchart\chokan\KABUJOHO\T050808.csv","T050808.csv",".csv","File","設定・定義候補",,"ファイル名・拡張子・配置のみ","メタ情報候補","個別承認後に評価"
"C:\fchart\chokan\KABUJOHO\T050809.csv","T050809.csv",".csv","File","設定・定義候補",,"ファイル名・拡張子・配置のみ","メタ情報候補","個別承認後に評価"
"C:\fchart\chokan\KABUJOHO\T050810.csv","T050810.csv",".csv","File","設定・定義候補",,"ファイル名・拡張子・配置のみ","メタ情報候補","個別承認後に評価"
"C:\fchart\chokan\KABUJOHO\T050811.csv","T050811.csv",".csv","File","設定・定義候補",,"ファイル名・拡張子・配置のみ","メタ情報候補","個別承認後に評価"
"C:\fchart\chokan\KABUJOHO\T050812.csv","T050812.csv",".csv","File","設定・定義候補",,"ファイル名・拡張子・配置のみ","メタ情報候補","個別承認後に評価"
"C:\fchart\chokan\KABUJOHO\T050815.csv","T050815.csv",".csv","File","設定・定義候補",,"ファイル名・拡張子・配置のみ","メタ情報候補","個別承認後に評価"
"C:\fchart\chokan\KABUJOHO\T050816.csv","T050816.csv",".csv","File","設定・定義候補",,"ファイル名・拡張子・配置のみ","メタ情報候補","個別承認後に評価"
"C:\fchart\chokan\KABUJOHO\T050817.csv","T050817.csv",".csv","File","設定・定義候補",,"ファイル名・拡張子・配置のみ","メタ情報候補","個別承認後に評価"
"C:\fchart\chokan\KABUJOHO\T050818.csv","T050818.csv",".csv","File","設定・定義候補",,"ファイル名・拡張子・配置のみ","メタ情報候補","個別承認後に評価"
"C:\fchart\chokan\KABUJOHO\T050822.csv","T050822.csv",".csv","File","設定・定義候補",,"ファイル名・拡張子・配置のみ","メタ情報候補","個別承認後に評価"
"C:\fchart\chokan\KABUJOHO\T050823.csv","T050823.csv",".csv","File","設定・定義候補",,"ファイル名・拡張子・配置のみ","メタ情報候補","個別承認後に評価"
"C:\fchart\chokan\KABUJOHO\T050824.csv","T050824.csv",".csv","File","設定・定義候補",,"ファイル名・拡張子・配置のみ","メタ情報候補","個別承認後に評価"
"C:\fchart\chokan\KABUJOHO\T050825.csv","T050825.csv",".csv","File","設定・定義候補",,"ファイル名・拡張子・配置のみ","メタ情報候補","個別承認後に評価"
"C:\fchart\chokan\KABUJOHO\T050829.csv","T050829.csv",".csv","File","設定・定義候補",,"ファイル名・拡張子・配置のみ","メタ情報候補","個別承認後に評価"
"C:\fchart\chokan\KABUJOHO\T050830.csv","T050830.csv",".csv","File","設定・定義候補",,"ファイル名・拡張子・配置のみ","メタ情報候補","個別承認後に評価"
"C:\fchart\chokan\KABUJOHO\T050831.csv","T050831.csv",".csv","File","設定・定義候補",,"ファイル名・拡張子・配置のみ","メタ情報候補","個別承認後に評価"
"C:\fchart\chokan\KABUJOHO\T050901.csv","T050901.csv",".csv","File","設定・定義候補",,"ファイル名・拡張子・配置のみ","メタ情報候補","個別承認後に評価"
"C:\fchart\chokan\KABUJOHO\T050905.csv","T050905.csv",".csv","File","設定・定義候補",,"ファイル名・拡張子・配置のみ","メタ情報候補","個別承認後に評価"
"C:\fchart\chokan\KABUJOHO\T050906.csv","T050906.csv",".csv","File","設定・定義候補",,"ファイル名・拡張子・配置のみ","メタ情報候補","個別承認後に評価"
"C:\fchart\chokan\KABUJOHO\T050907.csv","T050907.csv",".csv","File","設定・定義候補",,"ファイル名・拡張子・配置のみ","メタ情報候補","個別承認後に評価"
"C:\fchart\chokan\KABUJOHO\T050908.csv","T050908.csv",".csv","File","設定・定義候補",,"ファイル名・拡張子・配置のみ","メタ情報候補","個別承認後に評価"
"C:\fchart\chokan\KABUJOHO\T050912.csv","T050912.csv",".csv","File","設定・定義候補",,"ファイル名・拡張子・配置のみ","メタ情報候補","個別承認後に評価"
"C:\fchart\chokan\KABUJOHO\T050913.csv","T050913.csv",".csv","File","設定・定義候補",,"ファイル名・拡張子・配置のみ","メタ情報候補","個別承認後に評価"
"C:\fchart\chokan\KABUJOHO\T050914.csv","T050914.csv",".csv","File","設定・定義候補",,"ファイル名・拡張子・配置のみ","メタ情報候補","個別承認後に評価"
"C:\fchart\chokan\KABUJOHO\T050916.csv","T050916.csv",".csv","File","設定・定義候補",,"ファイル名・拡張子・配置のみ","メタ情報候補","個別承認後に評価"
"C:\fchart\chokan\KABUJOHO\T050920.csv","T050920.csv",".csv","File","設定・定義候補",,"ファイル名・拡張子・配置のみ","メタ情報候補","個別承認後に評価"
"C:\fchart\chokan\KABUJOHO\T050921.csv","T050921.csv",".csv","File","設定・定義候補",,"ファイル名・拡張子・配置のみ","メタ情報候補","個別承認後に評価"
"C:\fchart\chokan\KABUJOHO\T050922.csv","T050922.csv",".csv","File","設定・定義候補",,"ファイル名・拡張子・配置のみ","メタ情報候補","個別承認後に評価"
"C:\fchart\chokan\KABUJOHO\T050926.csv","T050926.csv",".csv","File","設定・定義候補",,"ファイル名・拡張子・配置のみ","メタ情報候補","個別承認後に評価"
"C:\fchart\chokan\KABUJOHO\T050927.csv","T050927.csv",".csv","File","設定・定義候補",,"ファイル名・拡張子・配置のみ","メタ情報候補","個別承認後に評価"
"C:\fchart\chokan\KABUJOHO\T050928.csv","T050928.csv",".csv","File","設定・定義候補",,"ファイル名・拡張子・配置のみ","メタ情報候補","個別承認後に評価"
"C:\fchart\chokan\KABUJOHO\T050929.csv","T050929.csv",".csv","File","設定・定義候補",,"ファイル名・拡張子・配置のみ","メタ情報候補","個別承認後に評価"
"C:\fchart\chokan\KABUJOHO\T051005.csv","T051005.csv",".csv","File","設定・定義候補",,"ファイル名・拡張子・配置のみ","メタ情報候補","個別承認後に評価"
"C:\fchart\chokan\KABUJOHO\T051006.csv","T051006.csv",".csv","File","設定・定義候補",,"ファイル名・拡張子・配置のみ","メタ情報候補","個別承認後に評価"
"C:\fchart\chokan\KABUJOHO\T051007.csv","T051007.csv",".csv","File","設定・定義候補",,"ファイル名・拡張子・配置のみ","メタ情報候補","個別承認後に評価"
"C:\fchart\chokan\KABUJOHO\T051011.csv","T051011.csv",".csv","File","設定・定義候補",,"ファイル名・拡張子・配置のみ","メタ情報候補","個別承認後に評価"
"C:\fchart\chokan\KABUJOHO\T051012.csv","T051012.csv",".csv","File","設定・定義候補",,"ファイル名・拡張子・配置のみ","メタ情報候補","個別承認後に評価"
"C:\fchart\chokan\KABUJOHO\T051013.csv","T051013.csv",".csv","File","設定・定義候補",,"ファイル名・拡張子・配置のみ","メタ情報候補","個別承認後に評価"
"C:\fchart\chokan\KABUJOHO\T051014.csv","T051014.csv",".csv","File","設定・定義候補",,"ファイル名・拡張子・配置のみ","メタ情報候補","個別承認後に評価"
"C:\fchart\chokan\KABUJOHO\T051017.csv","T051017.csv",".csv","File","設定・定義候補",,"ファイル名・拡張子・配置のみ","メタ情報候補","個別承認後に評価"
"C:\fchart\chokan\KABUJOHO\T051018.csv","T051018.csv",".csv","File","設定・定義候補",,"ファイル名・拡張子・配置のみ","メタ情報候補","個別承認後に評価"
"C:\fchart\chokan\KABUJOHO\T051019.csv","T051019.csv",".csv","File","設定・定義候補",,"ファイル名・拡張子・配置のみ","メタ情報候補","個別承認後に評価"
"C:\fchart\chokan\KABUJOHO\T051020.csv","T051020.csv",".csv","File","設定・定義候補",,"ファイル名・拡張子・配置のみ","メタ情報候補","個別承認後に評価"
"C:\fchart\chokan\KABUJOHO\T051021.csv","T051021.csv",".csv","File","設定・定義候補",,"ファイル名・拡張子・配置のみ","メタ情報候補","個別承認後に評価"
"C:\fchart\chokan\KABUJOHO\T051024.csv","T051024.csv",".csv","File","設定・定義候補",,"ファイル名・拡張子・配置のみ","メタ情報候補","個別承認後に評価"
"C:\fchart\chokan\KABUJOHO\T051025.csv","T051025.csv",".csv","File","設定・定義候補",,"ファイル名・拡張子・配置のみ","メタ情報候補","個別承認後に評価"
"C:\fchart\chokan\KABUJOHO\T051026.csv","T051026.csv",".csv","File","設定・定義候補",,"ファイル名・拡張子・配置のみ","メタ情報候補","個別承認後に評価"
"C:\fchart\chokan\KABUJOHO\T051027.csv","T051027.csv",".csv","File","設定・定義候補",,"ファイル名・拡張子・配置のみ","メタ情報候補","個別承認後に評価"
"C:\fchart\chokan\KABUJOHO\T051028.csv","T051028.csv",".csv","File","設定・定義候補",,"ファイル名・拡張子・配置のみ","メタ情報候補","個別承認後に評価"
"C:\fchart\chokan\KABUJOHO\T051031.csv","T051031.csv",".csv","File","設定・定義候補",,"ファイル名・拡張子・配置のみ","メタ情報候補","個別承認後に評価"
"C:\fchart\chokan\KABUJOHO\T051101.csv","T051101.csv",".csv","File","設定・定義候補",,"ファイル名・拡張子・配置のみ","メタ情報候補","個別承認後に評価"
"C:\fchart\chokan\KABUJOHO\T051102.csv","T051102.csv",".csv","File","設定・定義候補",,"ファイル名・拡張子・配置のみ","メタ情報候補","個別承認後に評価"
"C:\fchart\chokan\KABUJOHO\T051107.csv","T051107.csv",".csv","File","設定・定義候補",,"ファイル名・拡張子・配置のみ","メタ情報候補","個別承認後に評価"
"C:\fchart\chokan\KABUJOHO\T051108.csv","T051108.csv",".csv","File","設定・定義候補",,"ファイル名・拡張子・配置のみ","メタ情報候補","個別承認後に評価"
"C:\fchart\chokan\KABUJOHO\T051109.csv","T051109.csv",".csv","File","設定・定義候補",,"ファイル名・拡張子・配置のみ","メタ情報候補","個別承認後に評価"
"C:\fchart\chokan\KABUJOHO\T051110.csv","T051110.csv",".csv","File","設定・定義候補",,"ファイル名・拡張子・配置のみ","メタ情報候補","個別承認後に評価"
"C:\fchart\chokan\KABUJOHO\T051111.csv","T051111.csv",".csv","File","設定・定義候補",,"ファイル名・拡張子・配置のみ","メタ情報候補","個別承認後に評価"
"C:\fchart\chokan\KABUJOHO\T051114.csv","T051114.csv",".csv","File","設定・定義候補",,"ファイル名・拡張子・配置のみ","メタ情報候補","個別承認後に評価"
"C:\fchart\chokan\KABUJOHO\T051115.csv","T051115.csv",".csv","File","設定・定義候補",,"ファイル名・拡張子・配置のみ","メタ情報候補","個別承認後に評価"
"C:\fchart\chokan\KABUJOHO\T051116.csv","T051116.csv",".csv","File","設定・定義候補",,"ファイル名・拡張子・配置のみ","メタ情報候補","個別承認後に評価"
"C:\fchart\chokan\KABUJOHO\T051117.csv","T051117.csv",".csv","File","設定・定義候補",,"ファイル名・拡張子・配置のみ","メタ情報候補","個別承認後に評価"
"C:\fchart\chokan\KABUJOHO\T051121.csv","T051121.csv",".csv","File","設定・定義候補",,"ファイル名・拡張子・配置のみ","メタ情報候補","個別承認後に評価"
"C:\fchart\chokan\KABUJOHO\T051122.csv","T051122.csv",".csv","File","設定・定義候補",,"ファイル名・拡張子・配置のみ","メタ情報候補","個別承認後に評価"
"C:\fchart\chokan\KABUJOHO\T051124.csv","T051124.csv",".csv","File","設定・定義候補",,"ファイル名・拡張子・配置のみ","メタ情報候補","個別承認後に評価"
"C:\fchart\chokan\KABUJOHO\T051128.csv","T051128.csv",".csv","File","設定・定義候補",,"ファイル名・拡張子・配置のみ","メタ情報候補","個別承認後に評価"
"C:\fchart\chokan\KABUJOHO\T051129.csv","T051129.csv",".csv","File","設定・定義候補",,"ファイル名・拡張子・配置のみ","メタ情報候補","個別承認後に評価"
"C:\fchart\chokan\KABUJOHO\T051130.csv","T051130.csv",".csv","File","設定・定義候補",,"ファイル名・拡張子・配置のみ","メタ情報候補","個別承認後に評価"
"C:\fchart\chokan\KABUJOHO\T051201.csv","T051201.csv",".csv","File","設定・定義候補",,"ファイル名・拡張子・配置のみ","メタ情報候補","個別承認後に評価"
"C:\fchart\chokan\KABUJOHO\T051202.csv","T051202.csv",".csv","File","設定・定義候補",,"ファイル名・拡張子・配置のみ","メタ情報候補","個別承認後に評価"
"C:\fchart\chokan\KABUJOHO\T051205.csv","T051205.csv",".csv","File","設定・定義候補",,"ファイル名・拡張子・配置のみ","メタ情報候補","個別承認後に評価"
"C:\fchart\chokan\KABUJOHO\T051206.csv","T051206.csv",".csv","File","設定・定義候補",,"ファイル名・拡張子・配置のみ","メタ情報候補","個別承認後に評価"
"C:\fchart\chokan\KABUJOHO\T051207.csv","T051207.csv",".csv","File","設定・定義候補",,"ファイル名・拡張子・配置のみ","メタ情報候補","個別承認後に評価"
"C:\fchart\chokan\KABUJOHO\T051208.csv","T051208.csv",".csv","File","設定・定義候補",,"ファイル名・拡張子・配置のみ","メタ情報候補","個別承認後に評価"
"C:\fchart\chokan\KABUJOHO\T051209.csv","T051209.csv",".csv","File","設定・定義候補",,"ファイル名・拡張子・配置のみ","メタ情報候補","個別承認後に評価"
"C:\fchart\chokan\KABUJOHO\T051226.csv","T051226.csv",".csv","File","設定・定義候補",,"ファイル名・拡張子・配置のみ","メタ情報候補","個別承認後に評価"
"C:\fchart\chokan\KABUJOHO\T051227.csv","T051227.csv",".csv","File","設定・定義候補",,"ファイル名・拡張子・配置のみ","メタ情報候補","個別承認後に評価"
"C:\fchart\chokan\KABUJOHO\T051228.csv","T051228.csv",".csv","File","設定・定義候補",,"ファイル名・拡張子・配置のみ","メタ情報候補","個別承認後に評価"
"C:\fchart\chokan\KABUJOHO\T051229.csv","T051229.csv",".csv","File","設定・定義候補",,"ファイル名・拡張子・配置のみ","メタ情報候補","個別承認後に評価"
"C:\fchart\chokan\KABUJOHO\T051230.csv","T051230.csv",".csv","File","設定・定義候補",,"ファイル名・拡張子・配置のみ","メタ情報候補","個別承認後に評価"
"C:\fchart\chokan\KABUJOHO\T060104.csv","T060104.csv",".csv","File","設定・定義候補",,"ファイル名・拡張子・配置のみ","メタ情報候補","個別承認後に評価"
"C:\fchart\chokan\KABUJOHO\T060105.csv","T060105.csv",".csv","File","設定・定義候補",,"ファイル名・拡張子・配置のみ","メタ情報候補","個別承認後に評価"
"C:\fchart\chokan\KABUJOHO\T060106.csv","T060106.csv",".csv","File","設定・定義候補",,"ファイル名・拡張子・配置のみ","メタ情報候補","個別承認後に評価"
"C:\fchart\chokan\KABUJOHO\T060110.csv","T060110.csv",".csv","File","設定・定義候補",,"ファイル名・拡張子・配置のみ","メタ情報候補","個別承認後に評価"
"C:\fchart\chokan\KABUJOHO\T060111.csv","T060111.csv",".csv","File","設定・定義候補",,"ファイル名・拡張子・配置のみ","メタ情報候補","個別承認後に評価"
"C:\fchart\chokan\KABUJOHO\T060112.csv","T060112.csv",".csv","File","設定・定義候補",,"ファイル名・拡張子・配置のみ","メタ情報候補","個別承認後に評価"
"C:\fchart\chokan\KABUJOHO\T060113.csv","T060113.csv",".csv","File","設定・定義候補",,"ファイル名・拡張子・配置のみ","メタ情報候補","個別承認後に評価"
"C:\fchart\chokan\KABUJOHO\T060116.csv","T060116.csv",".csv","File","設定・定義候補",,"ファイル名・拡張子・配置のみ","メタ情報候補","個別承認後に評価"
"C:\fchart\chokan\KABUJOHO\T060117.csv","T060117.csv",".csv","File","設定・定義候補",,"ファイル名・拡張子・配置のみ","メタ情報候補","個別承認後に評価"
"C:\fchart\chokan\KABUJOHO\T060118.csv","T060118.csv",".csv","File","設定・定義候補",,"ファイル名・拡張子・配置のみ","メタ情報候補","個別承認後に評価"
"C:\fchart\chokan\KABUJOHO\T060119.csv","T060119.csv",".csv","File","設定・定義候補",,"ファイル名・拡張子・配置のみ","メタ情報候補","個別承認後に評価"
"C:\fchart\chokan\KABUJOHO\T060120.csv","T060120.csv",".csv","File","設定・定義候補",,"ファイル名・拡張子・配置のみ","メタ情報候補","個別承認後に評価"
"C:\fchart\chokan\KABUJOHO\T060123.csv","T060123.csv",".csv","File","設定・定義候補",,"ファイル名・拡張子・配置のみ","メタ情報候補","個別承認後に評価"
"C:\fchart\chokan\KABUJOHO\T060124.csv","T060124.csv",".csv","File","設定・定義候補",,"ファイル名・拡張子・配置のみ","メタ情報候補","個別承認後に評価"
"C:\fchart\chokan\KABUJOHO\T060125.csv","T060125.csv",".csv","File","設定・定義候補",,"ファイル名・拡張子・配置のみ","メタ情報候補","個別承認後に評価"
"C:\fchart\chokan\KABUJOHO\T060126.csv","T060126.csv",".csv","File","設定・定義候補",,"ファイル名・拡張子・配置のみ","メタ情報候補","個別承認後に評価"
"C:\fchart\chokan\KABUJOHO\T060127.csv","T060127.csv",".csv","File","設定・定義候補",,"ファイル名・拡張子・配置のみ","メタ情報候補","個別承認後に評価"
"C:\fchart\chokan\KABUJOHO\T060130.csv","T060130.csv",".csv","File","設定・定義候補",,"ファイル名・拡張子・配置のみ","メタ情報候補","個別承認後に評価"
"C:\fchart\chokan\KABUJOHO\T060131.csv","T060131.csv",".csv","File","設定・定義候補",,"ファイル名・拡張子・配置のみ","メタ情報候補","個別承認後に評価"
"C:\fchart\chokan\KABUJOHO\T060201.csv","T060201.csv",".csv","File","設定・定義候補",,"ファイル名・拡張子・配置のみ","メタ情報候補","個別承認後に評価"
"C:\fchart\chokan\KABUJOHO\T060202.csv","T060202.csv",".csv","File","設定・定義候補",,"ファイル名・拡張子・配置のみ","メタ情報候補","個別承認後に評価"
"C:\fchart\chokan\KABUJOHO\T060203.csv","T060203.csv",".csv","File","設定・定義候補",,"ファイル名・拡張子・配置のみ","メタ情報候補","個別承認後に評価"
"C:\fchart\chokan\KABUJOHO\T060206.csv","T060206.csv",".csv","File","設定・定義候補",,"ファイル名・拡張子・配置のみ","メタ情報候補","個別承認後に評価"
"C:\fchart\chokan\KABUJOHO\T060207.csv","T060207.csv",".csv","File","設定・定義候補",,"ファイル名・拡張子・配置のみ","メタ情報候補","個別承認後に評価"
"C:\fchart\chokan\KABUJOHO\T060208.csv","T060208.csv",".csv","File","設定・定義候補",,"ファイル名・拡張子・配置のみ","メタ情報候補","個別承認後に評価"
"C:\fchart\chokan\KABUJOHO\T060213.csv","T060213.csv",".csv","File","設定・定義候補",,"ファイル名・拡張子・配置のみ","メタ情報候補","個別承認後に評価"
"C:\fchart\chokan\KABUJOHO\T060214.csv","T060214.csv",".csv","File","設定・定義候補",,"ファイル名・拡張子・配置のみ","メタ情報候補","個別承認後に評価"
"C:\fchart\chokan\KABUJOHO\T060227.csv","T060227.csv",".csv","File","設定・定義候補",,"ファイル名・拡張子・配置のみ","メタ情報候補","個別承認後に評価"
"C:\fchart\chokan\KABUJOHO\T060228.csv","T060228.csv",".csv","File","設定・定義候補",,"ファイル名・拡張子・配置のみ","メタ情報候補","個別承認後に評価"
"C:\fchart\chokan\KABUJOHO\T060301.csv","T060301.csv",".csv","File","設定・定義候補",,"ファイル名・拡張子・配置のみ","メタ情報候補","個別承認後に評価"
"C:\fchart\chokan\KABUJOHO\T060306.csv","T060306.csv",".csv","File","設定・定義候補",,"ファイル名・拡張子・配置のみ","メタ情報候補","個別承認後に評価"
"C:\fchart\chokan\KABUJOHO\T060309.csv","T060309.csv",".csv","File","設定・定義候補",,"ファイル名・拡張子・配置のみ","メタ情報候補","個別承認後に評価"
"C:\fchart\chokan\KABUJOHO\T060310.csv","T060310.csv",".csv","File","設定・定義候補",,"ファイル名・拡張子・配置のみ","メタ情報候補","個別承認後に評価"
"C:\fchart\chokan\KABUJOHO\T060313.csv","T060313.csv",".csv","File","設定・定義候補",,"ファイル名・拡張子・配置のみ","メタ情報候補","個別承認後に評価"
"C:\fchart\chokan\KABUJOHO\T060314.csv","T060314.csv",".csv","File","設定・定義候補",,"ファイル名・拡張子・配置のみ","メタ情報候補","個別承認後に評価"
"C:\fchart\chokan\KABUJOHO\T060315.csv","T060315.csv",".csv","File","設定・定義候補",,"ファイル名・拡張子・配置のみ","メタ情報候補","個別承認後に評価"
"C:\fchart\chokan\KABUJOHO\T060316.csv","T060316.csv",".csv","File","設定・定義候補",,"ファイル名・拡張子・配置のみ","メタ情報候補","個別承認後に評価"
"C:\fchart\chokan\KABUJOHO\T060320.csv","T060320.csv",".csv","File","設定・定義候補",,"ファイル名・拡張子・配置のみ","メタ情報候補","個別承認後に評価"
"C:\fchart\chokan\KABUJOHO\T060322.csv","T060322.csv",".csv","File","設定・定義候補",,"ファイル名・拡張子・配置のみ","メタ情報候補","個別承認後に評価"
"C:\fchart\chokan\KABUJOHO\T060324.csv","T060324.csv",".csv","File","設定・定義候補",,"ファイル名・拡張子・配置のみ","メタ情報候補","個別承認後に評価"
"C:\fchart\chokan\KABUJOHO\T060327.csv","T060327.csv",".csv","File","設定・定義候補",,"ファイル名・拡張子・配置のみ","メタ情報候補","個別承認後に評価"
"C:\fchart\chokan\KABUJOHO\T060328.csv","T060328.csv",".csv","File","設定・定義候補",,"ファイル名・拡張子・配置のみ","メタ情報候補","個別承認後に評価"
"C:\fchart\chokan\KABUJOHO\T060329.csv","T060329.csv",".csv","File","設定・定義候補",,"ファイル名・拡張子・配置のみ","メタ情報候補","個別承認後に評価"
"C:\fchart\chokan\KABUJOHO\T060330.csv","T060330.csv",".csv","File","設定・定義候補",,"ファイル名・拡張子・配置のみ","メタ情報候補","個別承認後に評価"
"C:\fchart\chokan\KABUJOHO\T060331.csv","T060331.csv",".csv","File","設定・定義候補",,"ファイル名・拡張子・配置のみ","メタ情報候補","個別承認後に評価"
"C:\fchart\chokan\KABUJOHO\T060403.csv","T060403.csv",".csv","File","設定・定義候補",,"ファイル名・拡張子・配置のみ","メタ情報候補","個別承認後に評価"
"C:\fchart\chokan\KABUJOHO\T060404.csv","T060404.csv",".csv","File","設定・定義候補",,"ファイル名・拡張子・配置のみ","メタ情報候補","個別承認後に評価"
"C:\fchart\chokan\KABUJOHO\T060405.csv","T060405.csv",".csv","File","設定・定義候補",,"ファイル名・拡張子・配置のみ","メタ情報候補","個別承認後に評価"
"C:\fchart\chokan\KABUJOHO\T060407.csv","T060407.csv",".csv","File","設定・定義候補",,"ファイル名・拡張子・配置のみ","メタ情報候補","個別承認後に評価"
"C:\fchart\chokan\KABUJOHO\T060410.csv","T060410.csv",".csv","File","設定・定義候補",,"ファイル名・拡張子・配置のみ","メタ情報候補","個別承認後に評価"
"C:\fchart\chokan\KABUJOHO\T060411.csv","T060411.csv",".csv","File","設定・定義候補",,"ファイル名・拡張子・配置のみ","メタ情報候補","個別承認後に評価"
"C:\fchart\chokan\KABUJOHO\T060412.csv","T060412.csv",".csv","File","設定・定義候補",,"ファイル名・拡張子・配置のみ","メタ情報候補","個別承認後に評価"
"C:\fchart\chokan\KABUJOHO\T060417.csv","T060417.csv",".csv","File","設定・定義候補",,"ファイル名・拡張子・配置のみ","メタ情報候補","個別承認後に評価"
"C:\fchart\chokan\KABUJOHO\T060418.csv","T060418.csv",".csv","File","設定・定義候補",,"ファイル名・拡張子・配置のみ","メタ情報候補","個別承認後に評価"
"C:\fchart\chokan\KABUJOHO\T060419.csv","T060419.csv",".csv","File","設定・定義候補",,"ファイル名・拡張子・配置のみ","メタ情報候補","個別承認後に評価"
"C:\fchart\chokan\KABUJOHO\T060420.csv","T060420.csv",".csv","File","設定・定義候補",,"ファイル名・拡張子・配置のみ","メタ情報候補","個別承認後に評価"
"C:\fchart\chokan\KABUJOHO\T060421.csv","T060421.csv",".csv","File","設定・定義候補",,"ファイル名・拡張子・配置のみ","メタ情報候補","個別承認後に評価"
"C:\fchart\chokan\KABUJOHO\T060424.csv","T060424.csv",".csv","File","設定・定義候補",,"ファイル名・拡張子・配置のみ","メタ情報候補","個別承認後に評価"
"C:\fchart\chokan\KABUJOHO\T060425.csv","T060425.csv",".csv","File","設定・定義候補",,"ファイル名・拡張子・配置のみ","メタ情報候補","個別承認後に評価"
"C:\fchart\chokan\KABUJOHO\T060426.csv","T060426.csv",".csv","File","設定・定義候補",,"ファイル名・拡張子・配置のみ","メタ情報候補","個別承認後に評価"
"C:\fchart\chokan\KABUJOHO\T060427.csv","T060427.csv",".csv","File","設定・定義候補",,"ファイル名・拡張子・配置のみ","メタ情報候補","個別承認後に評価"
"C:\fchart\chokan\KABUJOHO\T060428.csv","T060428.csv",".csv","File","設定・定義候補",,"ファイル名・拡張子・配置のみ","メタ情報候補","個別承認後に評価"
"C:\fchart\chokan\KABUJOHO\T060501.csv","T060501.csv",".csv","File","設定・定義候補",,"ファイル名・拡張子・配置のみ","メタ情報候補","個別承認後に評価"
"C:\fchart\chokan\KABUJOHO\T060508.csv","T060508.csv",".csv","File","設定・定義候補",,"ファイル名・拡張子・配置のみ","メタ情報候補","個別承認後に評価"
"C:\fchart\chokan\KABUJOHO\T060509.csv","T060509.csv",".csv","File","設定・定義候補",,"ファイル名・拡張子・配置のみ","メタ情報候補","個別承認後に評価"
"C:\fchart\chokan\KABUJOHO\T060510.csv","T060510.csv",".csv","File","設定・定義候補",,"ファイル名・拡張子・配置のみ","メタ情報候補","個別承認後に評価"
"C:\fchart\chokan\KABUJOHO\T060511.csv","T060511.csv",".csv","File","設定・定義候補",,"ファイル名・拡張子・配置のみ","メタ情報候補","個別承認後に評価"
"C:\fchart\chokan\KABUJOHO\T060512.csv","T060512.csv",".csv","File","設定・定義候補",,"ファイル名・拡張子・配置のみ","メタ情報候補","個別承認後に評価"
"C:\fchart\chokan\KABUJOHO\T060515.csv","T060515.csv",".csv","File","設定・定義候補",,"ファイル名・拡張子・配置のみ","メタ情報候補","個別承認後に評価"
"C:\fchart\chokan\KABUJOHO\T060522.csv","T060522.csv",".csv","File","設定・定義候補",,"ファイル名・拡張子・配置のみ","メタ情報候補","個別承認後に評価"
"C:\fchart\chokan\KABUJOHO\T060529.csv","T060529.csv",".csv","File","設定・定義候補",,"ファイル名・拡張子・配置のみ","メタ情報候補","個別承認後に評価"
"C:\fchart\chokan\KABUJOHO\T060530.csv","T060530.csv",".csv","File","設定・定義候補",,"ファイル名・拡張子・配置のみ","メタ情報候補","個別承認後に評価"
"C:\fchart\chokan\KABUJOHO\T060531.csv","T060531.csv",".csv","File","設定・定義候補",,"ファイル名・拡張子・配置のみ","メタ情報候補","個別承認後に評価"
"C:\fchart\chokan\KABUJOHO\T060601.csv","T060601.csv",".csv","File","設定・定義候補",,"ファイル名・拡張子・配置のみ","メタ情報候補","個別承認後に評価"
"C:\fchart\chokan\KABUJOHO\T060602.csv","T060602.csv",".csv","File","設定・定義候補",,"ファイル名・拡張子・配置のみ","メタ情報候補","個別承認後に評価"
"C:\fchart\chokan\KABUJOHO\T060605.csv","T060605.csv",".csv","File","設定・定義候補",,"ファイル名・拡張子・配置のみ","メタ情報候補","個別承認後に評価"
"C:\fchart\chokan\KABUJOHO\T060608.csv","T060608.csv",".csv","File","設定・定義候補",,"ファイル名・拡張子・配置のみ","メタ情報候補","個別承認後に評価"
"C:\fchart\chokan\KABUJOHO\T060609.csv","T060609.csv",".csv","File","設定・定義候補",,"ファイル名・拡張子・配置のみ","メタ情報候補","個別承認後に評価"
"C:\fchart\chokan\KABUJOHO\T060613.csv","T060613.csv",".csv","File","設定・定義候補",,"ファイル名・拡張子・配置のみ","メタ情報候補","個別承認後に評価"
"C:\fchart\chokan\KABUJOHO\T060614.csv","T060614.csv",".csv","File","設定・定義候補",,"ファイル名・拡張子・配置のみ","メタ情報候補","個別承認後に評価"
"C:\fchart\chokan\KABUJOHO\T060615.csv","T060615.csv",".csv","File","設定・定義候補",,"ファイル名・拡張子・配置のみ","メタ情報候補","個別承認後に評価"
"C:\fchart\chokan\KABUJOHO\T060616.csv","T060616.csv",".csv","File","設定・定義候補",,"ファイル名・拡張子・配置のみ","メタ情報候補","個別承認後に評価"
"C:\fchart\chokan\KABUJOHO\T060619.csv","T060619.csv",".csv","File","設定・定義候補",,"ファイル名・拡張子・配置のみ","メタ情報候補","個別承認後に評価"
"C:\fchart\chokan\KABUJOHO\T060620.csv","T060620.csv",".csv","File","設定・定義候補",,"ファイル名・拡張子・配置のみ","メタ情報候補","個別承認後に評価"
"C:\fchart\chokan\KABUJOHO\T060621.csv","T060621.csv",".csv","File","設定・定義候補",,"ファイル名・拡張子・配置のみ","メタ情報候補","個別承認後に評価"
"C:\fchart\chokan\KABUJOHO\T060703.csv","T060703.csv",".csv","File","設定・定義候補",,"ファイル名・拡張子・配置のみ","メタ情報候補","個別承認後に評価"
"C:\fchart\chokan\KABUJOHO\T060710.csv","T060710.csv",".csv","File","設定・定義候補",,"ファイル名・拡張子・配置のみ","メタ情報候補","個別承認後に評価"
"C:\fchart\chokan\KABUJOHO\T060711.csv","T060711.csv",".csv","File","設定・定義候補",,"ファイル名・拡張子・配置のみ","メタ情報候補","個別承認後に評価"
"C:\fchart\chokan\KABUJOHO\T060712.csv","T060712.csv",".csv","File","設定・定義候補",,"ファイル名・拡張子・配置のみ","メタ情報候補","個別承認後に評価"
"C:\fchart\chokan\KABUJOHO\T060718.csv","T060718.csv",".csv","File","設定・定義候補",,"ファイル名・拡張子・配置のみ","メタ情報候補","個別承認後に評価"
"C:\fchart\chokan\KABUJOHO\T060719.csv","T060719.csv",".csv","File","設定・定義候補",,"ファイル名・拡張子・配置のみ","メタ情報候補","個別承認後に評価"
"C:\fchart\chokan\KABUJOHO\T060720.csv","T060720.csv",".csv","File","設定・定義候補",,"ファイル名・拡張子・配置のみ","メタ情報候補","個別承認後に評価"
"C:\fchart\chokan\KABUJOHO\T060724.csv","T060724.csv",".csv","File","設定・定義候補",,"ファイル名・拡張子・配置のみ","メタ情報候補","個別承認後に評価"
"C:\fchart\chokan\KABUJOHO\T060725.csv","T060725.csv",".csv","File","設定・定義候補",,"ファイル名・拡張子・配置のみ","メタ情報候補","個別承認後に評価"
"C:\fchart\chokan\KABUJOHO\T060726.csv","T060726.csv",".csv","File","設定・定義候補",,"ファイル名・拡張子・配置のみ","メタ情報候補","個別承認後に評価"
"C:\fchart\chokan\KABUJOHO\T060727.csv","T060727.csv",".csv","File","設定・定義候補",,"ファイル名・拡張子・配置のみ","メタ情報候補","個別承認後に評価"
"C:\fchart\chokan\KABUJOHO\T060728.csv","T060728.csv",".csv","File","設定・定義候補",,"ファイル名・拡張子・配置のみ","メタ情報候補","個別承認後に評価"
"C:\fchart\chokan\KABUJOHO\T060731.csv","T060731.csv",".csv","File","設定・定義候補",,"ファイル名・拡張子・配置のみ","メタ情報候補","個別承認後に評価"
"C:\fchart\chokan\KABUJOHO\T060801.csv","T060801.csv",".csv","File","設定・定義候補",,"ファイル名・拡張子・配置のみ","メタ情報候補","個別承認後に評価"
"C:\fchart\chokan\KABUJOHO\T060802.csv","T060802.csv",".csv","File","設定・定義候補",,"ファイル名・拡張子・配置のみ","メタ情報候補","個別承認後に評価"
"C:\fchart\chokan\KABUJOHO\T060803.csv","T060803.csv",".csv","File","設定・定義候補",,"ファイル名・拡張子・配置のみ","メタ情報候補","個別承認後に評価"
"C:\fchart\chokan\KABUJOHO\T060804.csv","T060804.csv",".csv","File","設定・定義候補",,"ファイル名・拡張子・配置のみ","メタ情報候補","個別承認後に評価"
"C:\fchart\chokan\KABUJOHO\T060807.csv","T060807.csv",".csv","File","設定・定義候補",,"ファイル名・拡張子・配置のみ","メタ情報候補","個別承認後に評価"
"C:\fchart\chokan\KABUJOHO\T060808.csv","T060808.csv",".csv","File","設定・定義候補",,"ファイル名・拡張子・配置のみ","メタ情報候補","個別承認後に評価"
"C:\fchart\chokan\KABUJOHO\T060809.csv","T060809.csv",".csv","File","設定・定義候補",,"ファイル名・拡張子・配置のみ","メタ情報候補","個別承認後に評価"
"C:\fchart\chokan\KABUJOHO\T060810.csv","T060810.csv",".csv","File","設定・定義候補",,"ファイル名・拡張子・配置のみ","メタ情報候補","個別承認後に評価"
"C:\fchart\chokan\KABUJOHO\T060811.csv","T060811.csv",".csv","File","設定・定義候補",,"ファイル名・拡張子・配置のみ","メタ情報候補","個別承認後に評価"
"C:\fchart\chokan\KABUJOHO\T060814.csv","T060814.csv",".csv","File","設定・定義候補",,"ファイル名・拡張子・配置のみ","メタ情報候補","個別承認後に評価"
"C:\fchart\chokan\KABUJOHO\T060821.csv","T060821.csv",".csv","File","設定・定義候補",,"ファイル名・拡張子・配置のみ","メタ情報候補","個別承認後に評価"
"C:\fchart\chokan\KABUJOHO\T060822.csv","T060822.csv",".csv","File","設定・定義候補",,"ファイル名・拡張子・配置のみ","メタ情報候補","個別承認後に評価"
"C:\fchart\chokan\KABUJOHO\T060823.csv","T060823.csv",".csv","File","設定・定義候補",,"ファイル名・拡張子・配置のみ","メタ情報候補","個別承認後に評価"
"C:\fchart\chokan\KABUJOHO\T060824.csv","T060824.csv",".csv","File","設定・定義候補",,"ファイル名・拡張子・配置のみ","メタ情報候補","個別承認後に評価"
"C:\fchart\chokan\KABUJOHO\T060828.csv","T060828.csv",".csv","File","設定・定義候補",,"ファイル名・拡張子・配置のみ","メタ情報候補","個別承認後に評価"
"C:\fchart\chokan\KABUJOHO\T060829.csv","T060829.csv",".csv","File","設定・定義候補",,"ファイル名・拡張子・配置のみ","メタ情報候補","個別承認後に評価"
"C:\fchart\chokan\KABUJOHO\T060830.csv","T060830.csv",".csv","File","設定・定義候補",,"ファイル名・拡張子・配置のみ","メタ情報候補","個別承認後に評価"
"C:\fchart\chokan\KABUJOHO\T060904.csv","T060904.csv",".csv","File","設定・定義候補",,"ファイル名・拡張子・配置のみ","メタ情報候補","個別承認後に評価"
"C:\fchart\chokan\KABUJOHO\T060911.csv","T060911.csv",".csv","File","設定・定義候補",,"ファイル名・拡張子・配置のみ","メタ情報候補","個別承認後に評価"
"C:\fchart\chokan\KABUJOHO\T060912.csv","T060912.csv",".csv","File","設定・定義候補",,"ファイル名・拡張子・配置のみ","メタ情報候補","個別承認後に評価"
"C:\fchart\chokan\KABUJOHO\T060913.csv","T060913.csv",".csv","File","設定・定義候補",,"ファイル名・拡張子・配置のみ","メタ情報候補","個別承認後に評価"
"C:\fchart\chokan\KABUJOHO\T060928.csv","T060928.csv",".csv","File","設定・定義候補",,"ファイル名・拡張子・配置のみ","メタ情報候補","個別承認後に評価"
"C:\fchart\chokan\KABUJOHO\T060929.csv","T060929.csv",".csv","File","設定・定義候補",,"ファイル名・拡張子・配置のみ","メタ情報候補","個別承認後に評価"
"C:\fchart\chokan\KABUJOHO\T061010.csv","T061010.csv",".csv","File","設定・定義候補",,"ファイル名・拡張子・配置のみ","メタ情報候補","個別承認後に評価"
"C:\fchart\chokan\KABUJOHO\T061011.csv","T061011.csv",".csv","File","設定・定義候補",,"ファイル名・拡張子・配置のみ","メタ情報候補","個別承認後に評価"
"C:\fchart\chokan\KABUJOHO\T061016.csv","T061016.csv",".csv","File","設定・定義候補",,"ファイル名・拡張子・配置のみ","メタ情報候補","個別承認後に評価"
"C:\fchart\chokan\KABUJOHO\T061017.csv","T061017.csv",".csv","File","設定・定義候補",,"ファイル名・拡張子・配置のみ","メタ情報候補","個別承認後に評価"
"C:\fchart\chokan\KABUJOHO\T061018.csv","T061018.csv",".csv","File","設定・定義候補",,"ファイル名・拡張子・配置のみ","メタ情報候補","個別承認後に評価"
"C:\fchart\chokan\KABUJOHO\T061020.csv","T061020.csv",".csv","File","設定・定義候補",,"ファイル名・拡張子・配置のみ","メタ情報候補","個別承認後に評価"
"C:\fchart\chokan\KABUJOHO\T061023.csv","T061023.csv",".csv","File","設定・定義候補",,"ファイル名・拡張子・配置のみ","メタ情報候補","個別承認後に評価"
"C:\fchart\chokan\KABUJOHO\T061024.csv","T061024.csv",".csv","File","設定・定義候補",,"ファイル名・拡張子・配置のみ","メタ情報候補","個別承認後に評価"
"C:\fchart\chokan\KABUJOHO\T061025.csv","T061025.csv",".csv","File","設定・定義候補",,"ファイル名・拡張子・配置のみ","メタ情報候補","個別承認後に評価"
"C:\fchart\chokan\KABUJOHO\T061026.csv","T061026.csv",".csv","File","設定・定義候補",,"ファイル名・拡張子・配置のみ","メタ情報候補","個別承認後に評価"
"C:\fchart\chokan\KABUJOHO\T061030.csv","T061030.csv",".csv","File","設定・定義候補",,"ファイル名・拡張子・配置のみ","メタ情報候補","個別承認後に評価"
"C:\fchart\chokan\KABUJOHO\T061031.csv","T061031.csv",".csv","File","設定・定義候補",,"ファイル名・拡張子・配置のみ","メタ情報候補","個別承認後に評価"
"C:\fchart\chokan\KABUJOHO\T061101.csv","T061101.csv",".csv","File","設定・定義候補",,"ファイル名・拡張子・配置のみ","メタ情報候補","個別承認後に評価"
"C:\fchart\chokan\KABUJOHO\T061102.csv","T061102.csv",".csv","File","設定・定義候補",,"ファイル名・拡張子・配置のみ","メタ情報候補","個別承認後に評価"
"C:\fchart\chokan\KABUJOHO\T061106.csv","T061106.csv",".csv","File","設定・定義候補",,"ファイル名・拡張子・配置のみ","メタ情報候補","個別承認後に評価"
"C:\fchart\chokan\KABUJOHO\T061107.csv","T061107.csv",".csv","File","設定・定義候補",,"ファイル名・拡張子・配置のみ","メタ情報候補","個別承認後に評価"
"C:\fchart\chokan\KABUJOHO\T061108.csv","T061108.csv",".csv","File","設定・定義候補",,"ファイル名・拡張子・配置のみ","メタ情報候補","個別承認後に評価"
"C:\fchart\chokan\KABUJOHO\T061109.csv","T061109.csv",".csv","File","設定・定義候補",,"ファイル名・拡張子・配置のみ","メタ情報候補","個別承認後に評価"
"C:\fchart\chokan\KABUJOHO\T061110.csv","T061110.csv",".csv","File","設定・定義候補",,"ファイル名・拡張子・配置のみ","メタ情報候補","個別承認後に評価"
"C:\fchart\chokan\KABUJOHO\T061113.csv","T061113.csv",".csv","File","設定・定義候補",,"ファイル名・拡張子・配置のみ","メタ情報候補","個別承認後に評価"
"C:\fchart\chokan\KABUJOHO\T061114.csv","T061114.csv",".csv","File","設定・定義候補",,"ファイル名・拡張子・配置のみ","メタ情報候補","個別承認後に評価"
"C:\fchart\chokan\KABUJOHO\T061115.csv","T061115.csv",".csv","File","設定・定義候補",,"ファイル名・拡張子・配置のみ","メタ情報候補","個別承認後に評価"
"C:\fchart\chokan\KABUJOHO\T061116.csv","T061116.csv",".csv","File","設定・定義候補",,"ファイル名・拡張子・配置のみ","メタ情報候補","個別承認後に評価"
"C:\fchart\chokan\KABUJOHO\T061117.csv","T061117.csv",".csv","File","設定・定義候補",,"ファイル名・拡張子・配置のみ","メタ情報候補","個別承認後に評価"
"C:\fchart\chokan\KABUJOHO\T061120.csv","T061120.csv",".csv","File","設定・定義候補",,"ファイル名・拡張子・配置のみ","メタ情報候補","個別承認後に評価"
"C:\fchart\chokan\KABUJOHO\T061124.csv","T061124.csv",".csv","File","設定・定義候補",,"ファイル名・拡張子・配置のみ","メタ情報候補","個別承認後に評価"
"C:\fchart\chokan\KABUJOHO\T061204.csv","T061204.csv",".csv","File","設定・定義候補",,"ファイル名・拡張子・配置のみ","メタ情報候補","個別承認後に評価"
"C:\fchart\chokan\KABUJOHO\T061205.csv","T061205.csv",".csv","File","設定・定義候補",,"ファイル名・拡張子・配置のみ","メタ情報候補","個別承認後に評価"
"C:\fchart\chokan\KABUJOHO\T061206.csv","T061206.csv",".csv","File","設定・定義候補",,"ファイル名・拡張子・配置のみ","メタ情報候補","個別承認後に評価"
"C:\fchart\chokan\KABUJOHO\T061207.csv","T061207.csv",".csv","File","設定・定義候補",,"ファイル名・拡張子・配置のみ","メタ情報候補","個別承認後に評価"
"C:\fchart\chokan\KABUJOHO\T061208.csv","T061208.csv",".csv","File","設定・定義候補",,"ファイル名・拡張子・配置のみ","メタ情報候補","個別承認後に評価"
"C:\fchart\chokan\KABUJOHO\T061211.csv","T061211.csv",".csv","File","設定・定義候補",,"ファイル名・拡張子・配置のみ","メタ情報候補","個別承認後に評価"
"C:\fchart\chokan\KABUJOHO\T061212.csv","T061212.csv",".csv","File","設定・定義候補",,"ファイル名・拡張子・配置のみ","メタ情報候補","個別承認後に評価"
"C:\fchart\chokan\KABUJOHO\T061213.csv","T061213.csv",".csv","File","設定・定義候補",,"ファイル名・拡張子・配置のみ","メタ情報候補","個別承認後に評価"
"C:\fchart\chokan\KABUJOHO\T061214.csv","T061214.csv",".csv","File","設定・定義候補",,"ファイル名・拡張子・配置のみ","メタ情報候補","個別承認後に評価"
"C:\fchart\chokan\KABUJOHO\T061218.csv","T061218.csv",".csv","File","設定・定義候補",,"ファイル名・拡張子・配置のみ","メタ情報候補","個別承認後に評価"
"C:\fchart\chokan\KABUJOHO\T061219.csv","T061219.csv",".csv","File","設定・定義候補",,"ファイル名・拡張子・配置のみ","メタ情報候補","個別承認後に評価"
"C:\fchart\chokan\KABUJOHO\T061220.csv","T061220.csv",".csv","File","設定・定義候補",,"ファイル名・拡張子・配置のみ","メタ情報候補","個別承認後に評価"
"C:\fchart\chokan\KABUJOHO\T061221.csv","T061221.csv",".csv","File","設定・定義候補",,"ファイル名・拡張子・配置のみ","メタ情報候補","個別承認後に評価"
"C:\fchart\chokan\KABUJOHO\T061222.csv","T061222.csv",".csv","File","設定・定義候補",,"ファイル名・拡張子・配置のみ","メタ情報候補","個別承認後に評価"
"C:\fchart\chokan\KABUJOHO\T061225.csv","T061225.csv",".csv","File","設定・定義候補",,"ファイル名・拡張子・配置のみ","メタ情報候補","個別承認後に評価"
"C:\fchart\chokan\KABUJOHO\T061226.csv","T061226.csv",".csv","File","設定・定義候補",,"ファイル名・拡張子・配置のみ","メタ情報候補","個別承認後に評価"
"C:\fchart\chokan\KABUJOHO\T061227.csv","T061227.csv",".csv","File","設定・定義候補",,"ファイル名・拡張子・配置のみ","メタ情報候補","個別承認後に評価"
"C:\fchart\chokan\KABUJOHO\T070109.csv","T070109.csv",".csv","File","設定・定義候補",,"ファイル名・拡張子・配置のみ","メタ情報候補","個別承認後に評価"
"C:\fchart\chokan\KABUJOHO\T070110.csv","T070110.csv",".csv","File","設定・定義候補",,"ファイル名・拡張子・配置のみ","メタ情報候補","個別承認後に評価"
"C:\fchart\chokan\KABUJOHO\T070115.csv","T070115.csv",".csv","File","設定・定義候補",,"ファイル名・拡張子・配置のみ","メタ情報候補","個別承認後に評価"
"C:\fchart\chokan\KABUJOHO\T070116.csv","T070116.csv",".csv","File","設定・定義候補",,"ファイル名・拡張子・配置のみ","メタ情報候補","個別承認後に評価"
"C:\fchart\chokan\KABUJOHO\T070117.csv","T070117.csv",".csv","File","設定・定義候補",,"ファイル名・拡張子・配置のみ","メタ情報候補","個別承認後に評価"
"C:\fchart\chokan\KABUJOHO\T070119.csv","T070119.csv",".csv","File","設定・定義候補",,"ファイル名・拡張子・配置のみ","メタ情報候補","個別承認後に評価"
"C:\fchart\chokan\KABUJOHO\T070122.csv","T070122.csv",".csv","File","設定・定義候補",,"ファイル名・拡張子・配置のみ","メタ情報候補","個別承認後に評価"
"C:\fchart\chokan\KABUJOHO\T070123.csv","T070123.csv",".csv","File","設定・定義候補",,"ファイル名・拡張子・配置のみ","メタ情報候補","個別承認後に評価"
"C:\fchart\chokan\KABUJOHO\T070124.csv","T070124.csv",".csv","File","設定・定義候補",,"ファイル名・拡張子・配置のみ","メタ情報候補","個別承認後に評価"
"C:\fchart\chokan\KABUJOHO\T070125.csv","T070125.csv",".csv","File","設定・定義候補",,"ファイル名・拡張子・配置のみ","メタ情報候補","個別承認後に評価"
"C:\fchart\chokan\KABUJOHO\T070126.csv","T070126.csv",".csv","File","設定・定義候補",,"ファイル名・拡張子・配置のみ","メタ情報候補","個別承認後に評価"
"C:\fchart\chokan\KABUJOHO\T070129.csv","T070129.csv",".csv","File","設定・定義候補",,"ファイル名・拡張子・配置のみ","メタ情報候補","個別承認後に評価"
"C:\fchart\chokan\KABUJOHO\T070130.csv","T070130.csv",".csv","File","設定・定義候補",,"ファイル名・拡張子・配置のみ","メタ情報候補","個別承認後に評価"
"C:\fchart\chokan\KABUJOHO\T070131.csv","T070131.csv",".csv","File","設定・定義候補",,"ファイル名・拡張子・配置のみ","メタ情報候補","個別承認後に評価"
"C:\fchart\chokan\KABUJOHO\T070201.csv","T070201.csv",".csv","File","設定・定義候補",,"ファイル名・拡張子・配置のみ","メタ情報候補","個別承認後に評価"
"C:\fchart\chokan\KABUJOHO\T070202.csv","T070202.csv",".csv","File","設定・定義候補",,"ファイル名・拡張子・配置のみ","メタ情報候補","個別承認後に評価"
"C:\fchart\chokan\KABUJOHO\T070205.csv","T070205.csv",".csv","File","設定・定義候補",,"ファイル名・拡張子・配置のみ","メタ情報候補","個別承認後に評価"
"C:\fchart\chokan\KABUJOHO\T070206.csv","T070206.csv",".csv","File","設定・定義候補",,"ファイル名・拡張子・配置のみ","メタ情報候補","個別承認後に評価"
"C:\fchart\chokan\KABUJOHO\T070207.csv","T070207.csv",".csv","File","設定・定義候補",,"ファイル名・拡張子・配置のみ","メタ情報候補","個別承認後に評価"
"C:\fchart\chokan\KABUJOHO\T070208.csv","T070208.csv",".csv","File","設定・定義候補",,"ファイル名・拡張子・配置のみ","メタ情報候補","個別承認後に評価"
"C:\fchart\chokan\KABUJOHO\T070213.csv","T070213.csv",".csv","File","設定・定義候補",,"ファイル名・拡張子・配置のみ","メタ情報候補","個別承認後に評価"
"C:\fchart\chokan\KABUJOHO\T070214.csv","T070214.csv",".csv","File","設定・定義候補",,"ファイル名・拡張子・配置のみ","メタ情報候補","個別承認後に評価"
"C:\fchart\chokan\KABUJOHO\T070215.csv","T070215.csv",".csv","File","設定・定義候補",,"ファイル名・拡張子・配置のみ","メタ情報候補","個別承認後に評価"
"C:\fchart\chokan\KABUJOHO\T070216.csv","T070216.csv",".csv","File","設定・定義候補",,"ファイル名・拡張子・配置のみ","メタ情報候補","個別承認後に評価"
"C:\fchart\chokan\KABUJOHO\T070219.csv","T070219.csv",".csv","File","設定・定義候補",,"ファイル名・拡張子・配置のみ","メタ情報候補","個別承認後に評価"
"C:\fchart\chokan\KABUJOHO\T070220.csv","T070220.csv",".csv","File","設定・定義候補",,"ファイル名・拡張子・配置のみ","メタ情報候補","個別承認後に評価"
"C:\fchart\chokan\KABUJOHO\T070221.csv","T070221.csv",".csv","File","設定・定義候補",,"ファイル名・拡張子・配置のみ","メタ情報候補","個別承認後に評価"
"C:\fchart\chokan\KABUJOHO\T070222.csv","T070222.csv",".csv","File","設定・定義候補",,"ファイル名・拡張子・配置のみ","メタ情報候補","個別承認後に評価"
"C:\fchart\chokan\KABUJOHO\T070226.csv","T070226.csv",".csv","File","設定・定義候補",,"ファイル名・拡張子・配置のみ","メタ情報候補","個別承認後に評価"
"C:\fchart\chokan\KABUJOHO\T070227.csv","T070227.csv",".csv","File","設定・定義候補",,"ファイル名・拡張子・配置のみ","メタ情報候補","個別承認後に評価"
"C:\fchart\chokan\KABUJOHO\T070228.csv","T070228.csv",".csv","File","設定・定義候補",,"ファイル名・拡張子・配置のみ","メタ情報候補","個別承認後に評価"
"C:\fchart\chokan\KABUJOHO\お客様へ.TXT","お客様へ.TXT",".TXT","File","設定・定義候補",,"ファイル名・拡張子・配置のみ","メタ情報候補","個別承認後に評価"
"C:\fchart\chokan\taisei\D000913J.csv","D000913J.csv",".csv","File","設定・定義候補",,"ファイル名・拡張子・配置のみ","メタ情報候補","個別承認後に評価"
"C:\fchart\chokan\taisei\D000914J.csv","D000914J.csv",".csv","File","設定・定義候補",,"ファイル名・拡張子・配置のみ","メタ情報候補","個別承認後に評価"
"C:\fchart\chokan\taisei\D000915J.csv","D000915J.csv",".csv","File","設定・定義候補",,"ファイル名・拡張子・配置のみ","メタ情報候補","個別承認後に評価"
"C:\fchart\chokan\taisei\D000918J.csv","D000918J.csv",".csv","File","設定・定義候補",,"ファイル名・拡張子・配置のみ","メタ情報候補","個別承認後に評価"
"C:\fchart\chokan\taisei\D000919J.csv","D000919J.csv",".csv","File","設定・定義候補",,"ファイル名・拡張子・配置のみ","メタ情報候補","個別承認後に評価"
"C:\fchart\chokan\taisei\D000920J.csv","D000920J.csv",".csv","File","設定・定義候補",,"ファイル名・拡張子・配置のみ","メタ情報候補","個別承認後に評価"
"C:\fchart\chokan\taisei\D000921J.csv","D000921J.csv",".csv","File","設定・定義候補",,"ファイル名・拡張子・配置のみ","メタ情報候補","個別承認後に評価"
"C:\fchart\chokan\taisei\D000922J.csv","D000922J.csv",".csv","File","設定・定義候補",,"ファイル名・拡張子・配置のみ","メタ情報候補","個別承認後に評価"
"C:\fchart\chokan\taisei\D000925J.csv","D000925J.csv",".csv","File","設定・定義候補",,"ファイル名・拡張子・配置のみ","メタ情報候補","個別承認後に評価"
"C:\fchart\chokan\taisei\D000926J.csv","D000926J.csv",".csv","File","設定・定義候補",,"ファイル名・拡張子・配置のみ","メタ情報候補","個別承認後に評価"
"C:\fchart\chokan\taisei\D000927J.csv","D000927J.csv",".csv","File","設定・定義候補",,"ファイル名・拡張子・配置のみ","メタ情報候補","個別承認後に評価"
"C:\fchart\chokan\taisei\D000928J.csv","D000928J.csv",".csv","File","設定・定義候補",,"ファイル名・拡張子・配置のみ","メタ情報候補","個別承認後に評価"
"C:\fchart\chokan\taisei\D000929J.csv","D000929J.csv",".csv","File","設定・定義候補",,"ファイル名・拡張子・配置のみ","メタ情報候補","個別承認後に評価"
"C:\fchart\chokan\taisei\D001002J.csv","D001002J.csv",".csv","File","設定・定義候補",,"ファイル名・拡張子・配置のみ","メタ情報候補","個別承認後に評価"
"C:\fchart\chokan\taisei\D001003J.csv","D001003J.csv",".csv","File","設定・定義候補",,"ファイル名・拡張子・配置のみ","メタ情報候補","個別承認後に評価"
"C:\fchart\chokan\taisei\D001004J.csv","D001004J.csv",".csv","File","設定・定義候補",,"ファイル名・拡張子・配置のみ","メタ情報候補","個別承認後に評価"
"C:\fchart\chokan\taisei\D001005J.csv","D001005J.csv",".csv","File","設定・定義候補",,"ファイル名・拡張子・配置のみ","メタ情報候補","個別承認後に評価"
"C:\fchart\chokan\taisei\D001009J.csv","D001009J.csv",".csv","File","設定・定義候補",,"ファイル名・拡張子・配置のみ","メタ情報候補","個別承認後に評価"
"C:\fchart\chokan\taisei\D001103J.csv","D001103J.csv",".csv","File","設定・定義候補",,"ファイル名・拡張子・配置のみ","メタ情報候補","個別承認後に評価"
"C:\fchart\chokan\taisei\D001123J.csv","D001123J.csv",".csv","File","設定・定義候補",,"ファイル名・拡張子・配置のみ","メタ情報候補","個別承認後に評価"
"C:\fchart\chokan\taisei\D001229J.csv","D001229J.csv",".csv","File","設定・定義候補",,"ファイル名・拡張子・配置のみ","メタ情報候補","個別承認後に評価"
"C:\fchart\chokan\taisei\D010102J.csv","D010102J.csv",".csv","File","設定・定義候補",,"ファイル名・拡張子・配置のみ","メタ情報候補","個別承認後に評価"
"C:\fchart\chokan\taisei\D010103J.csv","D010103J.csv",".csv","File","設定・定義候補",,"ファイル名・拡張子・配置のみ","メタ情報候補","個別承認後に評価"
"C:\fchart\chokan\taisei\D010106J.csv","D010106J.csv",".csv","File","設定・定義候補",,"ファイル名・拡張子・配置のみ","メタ情報候補","個別承認後に評価"
"C:\fchart\chokan\taisei\D010212J.csv","D010212J.csv",".csv","File","設定・定義候補",,"ファイル名・拡張子・配置のみ","メタ情報候補","個別承認後に評価"
"C:\fchart\chokan\taisei\D010320J.csv","D010320J.csv",".csv","File","設定・定義候補",,"ファイル名・拡張子・配置のみ","メタ情報候補","個別承認後に評価"
"C:\fchart\chokan\taisei\D010430J.csv","D010430J.csv",".csv","File","設定・定義候補",,"ファイル名・拡張子・配置のみ","メタ情報候補","個別承認後に評価"
"C:\fchart\chokan\taisei\D010503J.csv","D010503J.csv",".csv","File","設定・定義候補",,"ファイル名・拡張子・配置のみ","メタ情報候補","個別承認後に評価"
"C:\fchart\chokan\taisei\D010504J.csv","D010504J.csv",".csv","File","設定・定義候補",,"ファイル名・拡張子・配置のみ","メタ情報候補","個別承認後に評価"
"C:\fchart\chokan\taisei\D010720J.csv","D010720J.csv",".csv","File","設定・定義候補",,"ファイル名・拡張子・配置のみ","メタ情報候補","個別承認後に評価"
"C:\fchart\chokan\taisei\D010823J.csv","D010823J.csv",".csv","File","設定・定義候補",,"ファイル名・拡張子・配置のみ","メタ情報候補","個別承認後に評価"
"C:\fchart\chokan\taisei\D010824J.csv","D010824J.csv",".csv","File","設定・定義候補",,"ファイル名・拡張子・配置のみ","メタ情報候補","個別承認後に評価"
"C:\fchart\chokan\taisei\D010827J.csv","D010827J.csv",".csv","File","設定・定義候補",,"ファイル名・拡張子・配置のみ","メタ情報候補","個別承認後に評価"
"C:\fchart\chokan\taisei\D010828J.csv","D010828J.csv",".csv","File","設定・定義候補",,"ファイル名・拡張子・配置のみ","メタ情報候補","個別承認後に評価"
"C:\fchart\chokan\taisei\D010829J.csv","D010829J.csv",".csv","File","設定・定義候補",,"ファイル名・拡張子・配置のみ","メタ情報候補","個別承認後に評価"
"C:\fchart\chokan\taisei\D010830J.csv","D010830J.csv",".csv","File","設定・定義候補",,"ファイル名・拡張子・配置のみ","メタ情報候補","個別承認後に評価"
"C:\fchart\chokan\taisei\D010831J.csv","D010831J.csv",".csv","File","設定・定義候補",,"ファイル名・拡張子・配置のみ","メタ情報候補","個別承認後に評価"
"C:\fchart\chokan\taisei\D010904J.csv","D010904J.csv",".csv","File","設定・定義候補",,"ファイル名・拡張子・配置のみ","メタ情報候補","個別承認後に評価"
"C:\fchart\chokan\taisei\D010905J.csv","D010905J.csv",".csv","File","設定・定義候補",,"ファイル名・拡張子・配置のみ","メタ情報候補","個別承認後に評価"
"C:\fchart\chokan\taisei\D010906J.csv","D010906J.csv",".csv","File","設定・定義候補",,"ファイル名・拡張子・配置のみ","メタ情報候補","個別承認後に評価"
"C:\fchart\chokan\taisei\D010907J.csv","D010907J.csv",".csv","File","設定・定義候補",,"ファイル名・拡張子・配置のみ","メタ情報候補","個別承認後に評価"
"C:\fchart\chokan\taisei\D010910J.csv","D010910J.csv",".csv","File","設定・定義候補",,"ファイル名・拡張子・配置のみ","メタ情報候補","個別承認後に評価"
"C:\fchart\chokan\taisei\D010911J.csv","D010911J.csv",".csv","File","設定・定義候補",,"ファイル名・拡張子・配置のみ","メタ情報候補","個別承認後に評価"
"C:\fchart\chokan\taisei\D010912J.csv","D010912J.csv",".csv","File","設定・定義候補",,"ファイル名・拡張子・配置のみ","メタ情報候補","個別承認後に評価"
"C:\fchart\chokan\taisei\D010913J.csv","D010913J.csv",".csv","File","設定・定義候補",,"ファイル名・拡張子・配置のみ","メタ情報候補","個別承認後に評価"
"C:\fchart\chokan\taisei\D010914J.csv","D010914J.csv",".csv","File","設定・定義候補",,"ファイル名・拡張子・配置のみ","メタ情報候補","個別承認後に評価"
"C:\fchart\chokan\taisei\D010917J.csv","D010917J.csv",".csv","File","設定・定義候補",,"ファイル名・拡張子・配置のみ","メタ情報候補","個別承認後に評価"
"C:\fchart\chokan\taisei\D010918J.csv","D010918J.csv",".csv","File","設定・定義候補",,"ファイル名・拡張子・配置のみ","メタ情報候補","個別承認後に評価"
"C:\fchart\chokan\taisei\D010919J.csv","D010919J.csv",".csv","File","設定・定義候補",,"ファイル名・拡張子・配置のみ","メタ情報候補","個別承認後に評価"
"C:\fchart\chokan\taisei\D010920J.csv","D010920J.csv",".csv","File","設定・定義候補",,"ファイル名・拡張子・配置のみ","メタ情報候補","個別承認後に評価"
"C:\fchart\chokan\taisei\D010921J.csv","D010921J.csv",".csv","File","設定・定義候補",,"ファイル名・拡張子・配置のみ","メタ情報候補","個別承認後に評価"
"C:\fchart\chokan\taisei\D010925J.csv","D010925J.csv",".csv","File","設定・定義候補",,"ファイル名・拡張子・配置のみ","メタ情報候補","個別承認後に評価"
"C:\fchart\chokan\taisei\D010926J.csv","D010926J.csv",".csv","File","設定・定義候補",,"ファイル名・拡張子・配置のみ","メタ情報候補","個別承認後に評価"
"C:\fchart\chokan\taisei\D010927J.csv","D010927J.csv",".csv","File","設定・定義候補",,"ファイル名・拡張子・配置のみ","メタ情報候補","個別承認後に評価"
"C:\fchart\chokan\taisei\D010928J.csv","D010928J.csv",".csv","File","設定・定義候補",,"ファイル名・拡張子・配置のみ","メタ情報候補","個別承認後に評価"
"C:\fchart\chokan\taisei\D011001J.csv","D011001J.csv",".csv","File","設定・定義候補",,"ファイル名・拡張子・配置のみ","メタ情報候補","個別承認後に評価"
"C:\fchart\chokan\taisei\D011002J.csv","D011002J.csv",".csv","File","設定・定義候補",,"ファイル名・拡張子・配置のみ","メタ情報候補","個別承認後に評価"
"C:\fchart\chokan\taisei\D011003J.csv","D011003J.csv",".csv","File","設定・定義候補",,"ファイル名・拡張子・配置のみ","メタ情報候補","個別承認後に評価"
"C:\fchart\chokan\taisei\D011004F.csv","D011004F.csv",".csv","File","設定・定義候補",,"ファイル名・拡張子・配置のみ","メタ情報候補","個別承認後に評価"
"C:\fchart\chokan\taisei\D011004J.csv","D011004J.csv",".csv","File","設定・定義候補",,"ファイル名・拡張子・配置のみ","メタ情報候補","個別承認後に評価"
"C:\fchart\chokan\taisei\D011005J.csv","D011005J.csv",".csv","File","設定・定義候補",,"ファイル名・拡張子・配置のみ","メタ情報候補","個別承認後に評価"
"C:\fchart\chokan\taisei\D011009J.csv","D011009J.csv",".csv","File","設定・定義候補",,"ファイル名・拡張子・配置のみ","メタ情報候補","個別承認後に評価"
"C:\fchart\chokan\taisei\D011010J.csv","D011010J.csv",".csv","File","設定・定義候補",,"ファイル名・拡張子・配置のみ","メタ情報候補","個別承認後に評価"
"C:\fchart\chokan\taisei\D011011J.csv","D011011J.csv",".csv","File","設定・定義候補",,"ファイル名・拡張子・配置のみ","メタ情報候補","個別承認後に評価"
"C:\fchart\chokan\taisei\D011012J.csv","D011012J.csv",".csv","File","設定・定義候補",,"ファイル名・拡張子・配置のみ","メタ情報候補","個別承認後に評価"
"C:\fchart\chokan\taisei\D011015J.csv","D011015J.csv",".csv","File","設定・定義候補",,"ファイル名・拡張子・配置のみ","メタ情報候補","個別承認後に評価"
"C:\fchart\chokan\taisei\D011016J.csv","D011016J.csv",".csv","File","設定・定義候補",,"ファイル名・拡張子・配置のみ","メタ情報候補","個別承認後に評価"
"C:\fchart\chokan\taisei\D011017J.csv","D011017J.csv",".csv","File","設定・定義候補",,"ファイル名・拡張子・配置のみ","メタ情報候補","個別承認後に評価"
"C:\fchart\chokan\taisei\D011018J.csv","D011018J.csv",".csv","File","設定・定義候補",,"ファイル名・拡張子・配置のみ","メタ情報候補","個別承認後に評価"
"C:\fchart\chokan\taisei\D011019J.csv","D011019J.csv",".csv","File","設定・定義候補",,"ファイル名・拡張子・配置のみ","メタ情報候補","個別承認後に評価"
"C:\fchart\chokan\taisei\D011022J.csv","D011022J.csv",".csv","File","設定・定義候補",,"ファイル名・拡張子・配置のみ","メタ情報候補","個別承認後に評価"
"C:\fchart\chokan\taisei\D011023J.csv","D011023J.csv",".csv","File","設定・定義候補",,"ファイル名・拡張子・配置のみ","メタ情報候補","個別承認後に評価"
"C:\fchart\chokan\taisei\D011024J.csv","D011024J.csv",".csv","File","設定・定義候補",,"ファイル名・拡張子・配置のみ","メタ情報候補","個別承認後に評価"
"C:\fchart\chokan\taisei\D011025J.csv","D011025J.csv",".csv","File","設定・定義候補",,"ファイル名・拡張子・配置のみ","メタ情報候補","個別承認後に評価"
"C:\fchart\chokan\taisei\D011026J.csv","D011026J.csv",".csv","File","設定・定義候補",,"ファイル名・拡張子・配置のみ","メタ情報候補","個別承認後に評価"
"C:\fchart\chokan\taisei\D011029J.csv","D011029J.csv",".csv","File","設定・定義候補",,"ファイル名・拡張子・配置のみ","メタ情報候補","個別承認後に評価"
"C:\fchart\chokan\taisei\D011030J.csv","D011030J.csv",".csv","File","設定・定義候補",,"ファイル名・拡張子・配置のみ","メタ情報候補","個別承認後に評価"
"C:\fchart\chokan\taisei\D011031J.csv","D011031J.csv",".csv","File","設定・定義候補",,"ファイル名・拡張子・配置のみ","メタ情報候補","個別承認後に評価"
"C:\fchart\chokan\taisei\D011101J.csv","D011101J.csv",".csv","File","設定・定義候補",,"ファイル名・拡張子・配置のみ","メタ情報候補","個別承認後に評価"
"C:\fchart\chokan\taisei\D011102J.csv","D011102J.csv",".csv","File","設定・定義候補",,"ファイル名・拡張子・配置のみ","メタ情報候補","個別承認後に評価"
"C:\fchart\chokan\taisei\D011105J.csv","D011105J.csv",".csv","File","設定・定義候補",,"ファイル名・拡張子・配置のみ","メタ情報候補","個別承認後に評価"
"C:\fchart\chokan\taisei\D011106J.csv","D011106J.csv",".csv","File","設定・定義候補",,"ファイル名・拡張子・配置のみ","メタ情報候補","個別承認後に評価"
"C:\fchart\chokan\taisei\D011107J.csv","D011107J.csv",".csv","File","設定・定義候補",,"ファイル名・拡張子・配置のみ","メタ情報候補","個別承認後に評価"
"C:\fchart\chokan\taisei\D011108J.csv","D011108J.csv",".csv","File","設定・定義候補",,"ファイル名・拡張子・配置のみ","メタ情報候補","個別承認後に評価"
"C:\fchart\chokan\taisei\D011109J.csv","D011109J.csv",".csv","File","設定・定義候補",,"ファイル名・拡張子・配置のみ","メタ情報候補","個別承認後に評価"
"C:\fchart\chokan\taisei\D011112J.csv","D011112J.csv",".csv","File","設定・定義候補",,"ファイル名・拡張子・配置のみ","メタ情報候補","個別承認後に評価"
"C:\fchart\chokan\taisei\D011113J.csv","D011113J.csv",".csv","File","設定・定義候補",,"ファイル名・拡張子・配置のみ","メタ情報候補","個別承認後に評価"
"C:\fchart\chokan\taisei\D011114J.csv","D011114J.csv",".csv","File","設定・定義候補",,"ファイル名・拡張子・配置のみ","メタ情報候補","個別承認後に評価"
"C:\fchart\chokan\taisei\D011115J.csv","D011115J.csv",".csv","File","設定・定義候補",,"ファイル名・拡張子・配置のみ","メタ情報候補","個別承認後に評価"
"C:\fchart\chokan\taisei\D011116J.csv","D011116J.csv",".csv","File","設定・定義候補",,"ファイル名・拡張子・配置のみ","メタ情報候補","個別承認後に評価"
"C:\fchart\chokan\taisei\D011119J.csv","D011119J.csv",".csv","File","設定・定義候補",,"ファイル名・拡張子・配置のみ","メタ情報候補","個別承認後に評価"
"C:\fchart\chokan\taisei\D011120J.csv","D011120J.csv",".csv","File","設定・定義候補",,"ファイル名・拡張子・配置のみ","メタ情報候補","個別承認後に評価"
"C:\fchart\chokan\taisei\D011121J.csv","D011121J.csv",".csv","File","設定・定義候補",,"ファイル名・拡張子・配置のみ","メタ情報候補","個別承認後に評価"
"C:\fchart\chokan\taisei\D011122J.csv","D011122J.csv",".csv","File","設定・定義候補",,"ファイル名・拡張子・配置のみ","メタ情報候補","個別承認後に評価"
"C:\fchart\chokan\taisei\D011126J.csv","D011126J.csv",".csv","File","設定・定義候補",,"ファイル名・拡張子・配置のみ","メタ情報候補","個別承認後に評価"
"C:\fchart\chokan\taisei\D011127J.csv","D011127J.csv",".csv","File","設定・定義候補",,"ファイル名・拡張子・配置のみ","メタ情報候補","個別承認後に評価"
"C:\fchart\chokan\taisei\D011128J.csv","D011128J.csv",".csv","File","設定・定義候補",,"ファイル名・拡張子・配置のみ","メタ情報候補","個別承認後に評価"
"C:\fchart\chokan\taisei\D011129J.csv","D011129J.csv",".csv","File","設定・定義候補",,"ファイル名・拡張子・配置のみ","メタ情報候補","個別承認後に評価"
"C:\fchart\chokan\taisei\D011130J.csv","D011130J.csv",".csv","File","設定・定義候補",,"ファイル名・拡張子・配置のみ","メタ情報候補","個別承認後に評価"
"C:\fchart\chokan\taisei\D011203J.csv","D011203J.csv",".csv","File","設定・定義候補",,"ファイル名・拡張子・配置のみ","メタ情報候補","個別承認後に評価"
"C:\fchart\chokan\taisei\D011204J.csv","D011204J.csv",".csv","File","設定・定義候補",,"ファイル名・拡張子・配置のみ","メタ情報候補","個別承認後に評価"
"C:\fchart\chokan\taisei\D011205J.csv","D011205J.csv",".csv","File","設定・定義候補",,"ファイル名・拡張子・配置のみ","メタ情報候補","個別承認後に評価"
"C:\fchart\chokan\taisei\D011206J.csv","D011206J.csv",".csv","File","設定・定義候補",,"ファイル名・拡張子・配置のみ","メタ情報候補","個別承認後に評価"
"C:\fchart\chokan\taisei\D011207J.csv","D011207J.csv",".csv","File","設定・定義候補",,"ファイル名・拡張子・配置のみ","メタ情報候補","個別承認後に評価"
"C:\fchart\chokan\taisei\D011210J.csv","D011210J.csv",".csv","File","設定・定義候補",,"ファイル名・拡張子・配置のみ","メタ情報候補","個別承認後に評価"
"C:\fchart\chokan\taisei\D011211F.csv","D011211F.csv",".csv","File","設定・定義候補",,"ファイル名・拡張子・配置のみ","メタ情報候補","個別承認後に評価"
"C:\fchart\chokan\taisei\D011211J.csv","D011211J.csv",".csv","File","設定・定義候補",,"ファイル名・拡張子・配置のみ","メタ情報候補","個別承認後に評価"
"C:\fchart\chokan\taisei\D011212F.csv","D011212F.csv",".csv","File","設定・定義候補",,"ファイル名・拡張子・配置のみ","メタ情報候補","個別承認後に評価"
"C:\fchart\chokan\taisei\D011212J.csv","D011212J.csv",".csv","File","設定・定義候補",,"ファイル名・拡張子・配置のみ","メタ情報候補","個別承認後に評価"
"C:\fchart\chokan\taisei\D011213J.csv","D011213J.csv",".csv","File","設定・定義候補",,"ファイル名・拡張子・配置のみ","メタ情報候補","個別承認後に評価"
"C:\fchart\chokan\taisei\D011214J.csv","D011214J.csv",".csv","File","設定・定義候補",,"ファイル名・拡張子・配置のみ","メタ情報候補","個別承認後に評価"
"C:\fchart\chokan\taisei\D011217J.csv","D011217J.csv",".csv","File","設定・定義候補",,"ファイル名・拡張子・配置のみ","メタ情報候補","個別承認後に評価"
"C:\fchart\chokan\taisei\D011218J.csv","D011218J.csv",".csv","File","設定・定義候補",,"ファイル名・拡張子・配置のみ","メタ情報候補","個別承認後に評価"
"C:\fchart\chokan\taisei\D011219J.csv","D011219J.csv",".csv","File","設定・定義候補",,"ファイル名・拡張子・配置のみ","メタ情報候補","個別承認後に評価"
"C:\fchart\chokan\taisei\D011220J.csv","D011220J.csv",".csv","File","設定・定義候補",,"ファイル名・拡張子・配置のみ","メタ情報候補","個別承認後に評価"
"C:\fchart\chokan\taisei\D011221J.csv","D011221J.csv",".csv","File","設定・定義候補",,"ファイル名・拡張子・配置のみ","メタ情報候補","個別承認後に評価"
"C:\fchart\chokan\taisei\D011225J.csv","D011225J.csv",".csv","File","設定・定義候補",,"ファイル名・拡張子・配置のみ","メタ情報候補","個別承認後に評価"
"C:\fchart\chokan\taisei\D011226J.csv","D011226J.csv",".csv","File","設定・定義候補",,"ファイル名・拡張子・配置のみ","メタ情報候補","個別承認後に評価"
"C:\fchart\chokan\taisei\D011227J.csv","D011227J.csv",".csv","File","設定・定義候補",,"ファイル名・拡張子・配置のみ","メタ情報候補","個別承認後に評価"
"C:\fchart\chokan\taisei\D011228J.csv","D011228J.csv",".csv","File","設定・定義候補",,"ファイル名・拡張子・配置のみ","メタ情報候補","個別承認後に評価"
"C:\fchart\chokan\taisei\D020104J.csv","D020104J.csv",".csv","File","設定・定義候補",,"ファイル名・拡張子・配置のみ","メタ情報候補","個別承認後に評価"
"C:\fchart\chokan\taisei\D020107J.csv","D020107J.csv",".csv","File","設定・定義候補",,"ファイル名・拡張子・配置のみ","メタ情報候補","個別承認後に評価"
"C:\fchart\chokan\taisei\D020108J.csv","D020108J.csv",".csv","File","設定・定義候補",,"ファイル名・拡張子・配置のみ","メタ情報候補","個別承認後に評価"
"C:\fchart\chokan\taisei\D020109J.csv","D020109J.csv",".csv","File","設定・定義候補",,"ファイル名・拡張子・配置のみ","メタ情報候補","個別承認後に評価"
"C:\fchart\chokan\taisei\D020110J.csv","D020110J.csv",".csv","File","設定・定義候補",,"ファイル名・拡張子・配置のみ","メタ情報候補","個別承認後に評価"
"C:\fchart\chokan\taisei\D020111J.csv","D020111J.csv",".csv","File","設定・定義候補",,"ファイル名・拡張子・配置のみ","メタ情報候補","個別承認後に評価"
"C:\fchart\chokan\taisei\D020115J.csv","D020115J.csv",".csv","File","設定・定義候補",,"ファイル名・拡張子・配置のみ","メタ情報候補","個別承認後に評価"
"C:\fchart\chokan\taisei\D020116J.csv","D020116J.csv",".csv","File","設定・定義候補",,"ファイル名・拡張子・配置のみ","メタ情報候補","個別承認後に評価"
"C:\fchart\chokan\taisei\D020117J.csv","D020117J.csv",".csv","File","設定・定義候補",,"ファイル名・拡張子・配置のみ","メタ情報候補","個別承認後に評価"
"C:\fchart\chokan\taisei\D020118J.csv","D020118J.csv",".csv","File","設定・定義候補",,"ファイル名・拡張子・配置のみ","メタ情報候補","個別承認後に評価"
"C:\fchart\chokan\taisei\D020121J.csv","D020121J.csv",".csv","File","設定・定義候補",,"ファイル名・拡張子・配置のみ","メタ情報候補","個別承認後に評価"
"C:\fchart\chokan\taisei\D020122J.csv","D020122J.csv",".csv","File","設定・定義候補",,"ファイル名・拡張子・配置のみ","メタ情報候補","個別承認後に評価"
"C:\fchart\chokan\taisei\D020123J.csv","D020123J.csv",".csv","File","設定・定義候補",,"ファイル名・拡張子・配置のみ","メタ情報候補","個別承認後に評価"
"C:\fchart\chokan\taisei\D020124J.csv","D020124J.csv",".csv","File","設定・定義候補",,"ファイル名・拡張子・配置のみ","メタ情報候補","個別承認後に評価"
"C:\fchart\chokan\taisei\D020125J.csv","D020125J.csv",".csv","File","設定・定義候補",,"ファイル名・拡張子・配置のみ","メタ情報候補","個別承認後に評価"
"C:\fchart\chokan\taisei\D020128J.csv","D020128J.csv",".csv","File","設定・定義候補",,"ファイル名・拡張子・配置のみ","メタ情報候補","個別承認後に評価"
"C:\fchart\chokan\taisei\D020211J.csv","D020211J.csv",".csv","File","設定・定義候補",,"ファイル名・拡張子・配置のみ","メタ情報候補","個別承認後に評価"
"C:\fchart\chokan\taisei\D020321J.csv","D020321J.csv",".csv","File","設定・定義候補",,"ファイル名・拡張子・配置のみ","メタ情報候補","個別承認後に評価"
"C:\fchart\chokan\taisei\D020429J.csv","D020429J.csv",".csv","File","設定・定義候補",,"ファイル名・拡張子・配置のみ","メタ情報候補","個別承認後に評価"
"C:\fchart\chokan\taisei\D020503J.csv","D020503J.csv",".csv","File","設定・定義候補",,"ファイル名・拡張子・配置のみ","メタ情報候補","個別承認後に評価"
"C:\fchart\chokan\taisei\D020506J.csv","D020506J.csv",".csv","File","設定・定義候補",,"ファイル名・拡張子・配置のみ","メタ情報候補","個別承認後に評価"
"C:\fchart\chokan\taisei\D020916J.csv","D020916J.csv",".csv","File","設定・定義候補",,"ファイル名・拡張子・配置のみ","メタ情報候補","個別承認後に評価"
"C:\fchart\chokan\taisei\D020920F.csv","D020920F.csv",".csv","File","設定・定義候補",,"ファイル名・拡張子・配置のみ","メタ情報候補","個別承認後に評価"
"C:\fchart\chokan\taisei\D020920J.csv","D020920J.csv",".csv","File","設定・定義候補",,"ファイル名・拡張子・配置のみ","メタ情報候補","個別承認後に評価"
"C:\fchart\chokan\taisei\D020924J.csv","D020924J.csv",".csv","File","設定・定義候補",,"ファイル名・拡張子・配置のみ","メタ情報候補","個別承認後に評価"
"C:\fchart\chokan\taisei\D020925J.csv","D020925J.csv",".csv","File","設定・定義候補",,"ファイル名・拡張子・配置のみ","メタ情報候補","個別承認後に評価"
"C:\fchart\chokan\taisei\D020926J.csv","D020926J.csv",".csv","File","設定・定義候補",,"ファイル名・拡張子・配置のみ","メタ情報候補","個別承認後に評価"
"C:\fchart\chokan\taisei\D020927J.csv","D020927J.csv",".csv","File","設定・定義候補",,"ファイル名・拡張子・配置のみ","メタ情報候補","個別承認後に評価"
"C:\fchart\chokan\taisei\D020930J.csv","D020930J.csv",".csv","File","設定・定義候補",,"ファイル名・拡張子・配置のみ","メタ情報候補","個別承認後に評価"
"C:\fchart\chokan\taisei\D021014J.csv","D021014J.csv",".csv","File","設定・定義候補",,"ファイル名・拡張子・配置のみ","メタ情報候補","個別承認後に評価"
"C:\fchart\chokan\taisei\D021104J.csv","D021104J.csv",".csv","File","設定・定義候補",,"ファイル名・拡張子・配置のみ","メタ情報候補","個別承認後に評価"
"C:\fchart\chokan\taisei\D021223J.csv","D021223J.csv",".csv","File","設定・定義候補",,"ファイル名・拡張子・配置のみ","メタ情報候補","個別承認後に評価"
"C:\fchart\chokan\taisei\D021230J.csv","D021230J.csv",".csv","File","設定・定義候補",,"ファイル名・拡張子・配置のみ","メタ情報候補","個別承認後に評価"
"C:\fchart\chokan\taisei\D021231J.csv","D021231J.csv",".csv","File","設定・定義候補",,"ファイル名・拡張子・配置のみ","メタ情報候補","個別承認後に評価"
"C:\fchart\chokan\taisei\D030101J.csv","D030101J.csv",".csv","File","設定・定義候補",,"ファイル名・拡張子・配置のみ","メタ情報候補","個別承認後に評価"
"C:\fchart\chokan\taisei\D030102J.csv","D030102J.csv",".csv","File","設定・定義候補",,"ファイル名・拡張子・配置のみ","メタ情報候補","個別承認後に評価"
"C:\fchart\chokan\taisei\D030103J.csv","D030103J.csv",".csv","File","設定・定義候補",,"ファイル名・拡張子・配置のみ","メタ情報候補","個別承認後に評価"
"C:\fchart\chokan\taisei\D030113J.csv","D030113J.csv",".csv","File","設定・定義候補",,"ファイル名・拡張子・配置のみ","メタ情報候補","個別承認後に評価"
"C:\fchart\chokan\taisei\D030211J.csv","D030211J.csv",".csv","File","設定・定義候補",,"ファイル名・拡張子・配置のみ","メタ情報候補","個別承認後に評価"
"C:\fchart\chokan\taisei\D03031JJ.csv","D03031JJ.csv",".csv","File","設定・定義候補",,"ファイル名・拡張子・配置のみ","メタ情報候補","個別承認後に評価"
"C:\fchart\chokan\taisei\D030321J.csv","D030321J.csv",".csv","File","設定・定義候補",,"ファイル名・拡張子・配置のみ","メタ情報候補","個別承認後に評価"
"C:\fchart\chokan\taisei\D030429J.csv","D030429J.csv",".csv","File","設定・定義候補",,"ファイル名・拡張子・配置のみ","メタ情報候補","個別承認後に評価"
"C:\fchart\chokan\taisei\D030721J.csv","D030721J.csv",".csv","File","設定・定義候補",,"ファイル名・拡張子・配置のみ","メタ情報候補","個別承認後に評価"
"C:\fchart\chokan\taisei\D030915J.csv","D030915J.csv",".csv","File","設定・定義候補",,"ファイル名・拡張子・配置のみ","メタ情報候補","個別承認後に評価"
"C:\fchart\chokan\taisei\D030923J.csv","D030923J.csv",".csv","File","設定・定義候補",,"ファイル名・拡張子・配置のみ","メタ情報候補","個別承認後に評価"
"C:\fchart\chokan\taisei\D031013J.csv","D031013J.csv",".csv","File","設定・定義候補",,"ファイル名・拡張子・配置のみ","メタ情報候補","個別承認後に評価"
"C:\fchart\chokan\taisei\D031103J.csv","D031103J.csv",".csv","File","設定・定義候補",,"ファイル名・拡張子・配置のみ","メタ情報候補","個別承認後に評価"
"C:\fchart\chokan\taisei\D031124J.csv","D031124J.csv",".csv","File","設定・定義候補",,"ファイル名・拡張子・配置のみ","メタ情報候補","個別承認後に評価"
"C:\fchart\chokan\taisei\D031223J.csv","D031223J.csv",".csv","File","設定・定義候補",,"ファイル名・拡張子・配置のみ","メタ情報候補","個別承認後に評価"
"C:\fchart\chokan\taisei\D031229J.csv","D031229J.csv",".csv","File","設定・定義候補",,"ファイル名・拡張子・配置のみ","メタ情報候補","個別承認後に評価"
"C:\fchart\chokan\taisei\D031230J.csv","D031230J.csv",".csv","File","設定・定義候補",,"ファイル名・拡張子・配置のみ","メタ情報候補","個別承認後に評価"
"C:\fchart\chokan\taisei\D031231J.csv","D031231J.csv",".csv","File","設定・定義候補",,"ファイル名・拡張子・配置のみ","メタ情報候補","個別承認後に評価"
"C:\fchart\chokan\taisei\D040101J.csv","D040101J.csv",".csv","File","設定・定義候補",,"ファイル名・拡張子・配置のみ","メタ情報候補","個別承認後に評価"
"C:\fchart\chokan\taisei\D040102J.csv","D040102J.csv",".csv","File","設定・定義候補",,"ファイル名・拡張子・配置のみ","メタ情報候補","個別承認後に評価"
"C:\fchart\chokan\taisei\D040112J.csv","D040112J.csv",".csv","File","設定・定義候補",,"ファイル名・拡張子・配置のみ","メタ情報候補","個別承認後に評価"
"C:\fchart\chokan\taisei\D040211J.csv","D040211J.csv",".csv","File","設定・定義候補",,"ファイル名・拡張子・配置のみ","メタ情報候補","個別承認後に評価"
"C:\fchart\chokan\taisei\D040429J.csv","D040429J.csv",".csv","File","設定・定義候補",,"ファイル名・拡張子・配置のみ","メタ情報候補","個別承認後に評価"
"C:\fchart\chokan\taisei\D040503J.csv","D040503J.csv",".csv","File","設定・定義候補",,"ファイル名・拡張子・配置のみ","メタ情報候補","個別承認後に評価"
"C:\fchart\chokan\taisei\D040504J.csv","D040504J.csv",".csv","File","設定・定義候補",,"ファイル名・拡張子・配置のみ","メタ情報候補","個別承認後に評価"
"C:\fchart\chokan\taisei\D040505J.csv","D040505J.csv",".csv","File","設定・定義候補",,"ファイル名・拡張子・配置のみ","メタ情報候補","個別承認後に評価"
"C:\fchart\chokan\taisei\s20040803.csv","s20040803.csv",".csv","File","設定・定義候補",,"ファイル名・拡張子・配置のみ","メタ情報候補","個別承認後に評価"
"C:\fchart\chokan\taisei\s20071114.csv","s20071114.csv",".csv","File","設定・定義候補",,"ファイル名・拡張子・配置のみ","メタ情報候補","個別承認後に評価"
"C:\fchart\chokan\taisei\z20040618.csv","z20040618.csv",".csv","File","設定・定義候補",,"ファイル名・拡張子・配置のみ","メタ情報候補","個別承認後に評価"
"C:\fchart\chokan\taisei\z20040621.csv","z20040621.csv",".csv","File","設定・定義候補",,"ファイル名・拡張子・配置のみ","メタ情報候補","個別承認後に評価"
"C:\fchart\chokan\taisei\z20040622.csv","z20040622.csv",".csv","File","設定・定義候補",,"ファイル名・拡張子・配置のみ","メタ情報候補","個別承認後に評価"
"C:\fchart\chokan\taisei\z20040623.csv","z20040623.csv",".csv","File","設定・定義候補",,"ファイル名・拡張子・配置のみ","メタ情報候補","個別承認後に評価"
"C:\fchart\chokan\taisei\z20040624.csv","z20040624.csv",".csv","File","設定・定義候補",,"ファイル名・拡張子・配置のみ","メタ情報候補","個別承認後に評価"
"C:\fchart\chokan\taisei\z20040625.csv","z20040625.csv",".csv","File","設定・定義候補",,"ファイル名・拡張子・配置のみ","メタ情報候補","個別承認後に評価"
"C:\fchart\chokan\taisei\z20040628.csv","z20040628.csv",".csv","File","設定・定義候補",,"ファイル名・拡張子・配置のみ","メタ情報候補","個別承認後に評価"
"C:\fchart\chokan\taisei\z20040629.csv","z20040629.csv",".csv","File","設定・定義候補",,"ファイル名・拡張子・配置のみ","メタ情報候補","個別承認後に評価"
"C:\fchart\chokan\taisei\z20040630.csv","z20040630.csv",".csv","File","設定・定義候補",,"ファイル名・拡張子・配置のみ","メタ情報候補","個別承認後に評価"
"C:\fchart\chokan\taisei\z20040701.csv","z20040701.csv",".csv","File","設定・定義候補",,"ファイル名・拡張子・配置のみ","メタ情報候補","個別承認後に評価"
"C:\fchart\chokan\taisei\z20040702.csv","z20040702.csv",".csv","File","設定・定義候補",,"ファイル名・拡張子・配置のみ","メタ情報候補","個別承認後に評価"
"C:\fchart\chokan\taisei\z20040705.csv","z20040705.csv",".csv","File","設定・定義候補",,"ファイル名・拡張子・配置のみ","メタ情報候補","個別承認後に評価"
"C:\fchart\chokan\taisei\z20040706.csv","z20040706.csv",".csv","File","設定・定義候補",,"ファイル名・拡張子・配置のみ","メタ情報候補","個別承認後に評価"
"C:\fchart\chokan\taisei\z20040707.csv","z20040707.csv",".csv","File","設定・定義候補",,"ファイル名・拡張子・配置のみ","メタ情報候補","個別承認後に評価"
"C:\fchart\chokan\taisei\z20040708.csv","z20040708.csv",".csv","File","設定・定義候補",,"ファイル名・拡張子・配置のみ","メタ情報候補","個別承認後に評価"
"C:\fchart\chokan\taisei\z20040709.csv","z20040709.csv",".csv","File","設定・定義候補",,"ファイル名・拡張子・配置のみ","メタ情報候補","個別承認後に評価"
"C:\fchart\chokan\taisei\z20040712.csv","z20040712.csv",".csv","File","設定・定義候補",,"ファイル名・拡張子・配置のみ","メタ情報候補","個別承認後に評価"
"C:\fchart\chokan\taisei\z20040713.csv","z20040713.csv",".csv","File","設定・定義候補",,"ファイル名・拡張子・配置のみ","メタ情報候補","個別承認後に評価"
"C:\fchart\chokan\taisei\z20040714.csv","z20040714.csv",".csv","File","設定・定義候補",,"ファイル名・拡張子・配置のみ","メタ情報候補","個別承認後に評価"
"C:\fchart\chokan\taisei\z20040715.csv","z20040715.csv",".csv","File","設定・定義候補",,"ファイル名・拡張子・配置のみ","メタ情報候補","個別承認後に評価"
"C:\fchart\chokan\taisei\z20040716.csv","z20040716.csv",".csv","File","設定・定義候補",,"ファイル名・拡張子・配置のみ","メタ情報候補","個別承認後に評価"
"C:\fchart\chokan\taisei\z20040719.csv","z20040719.csv",".csv","File","設定・定義候補",,"ファイル名・拡張子・配置のみ","メタ情報候補","個別承認後に評価"
"C:\fchart\chokan\taisei\z20040720.csv","z20040720.csv",".csv","File","設定・定義候補",,"ファイル名・拡張子・配置のみ","メタ情報候補","個別承認後に評価"
"C:\fchart\chokan\taisei\z20040721.csv","z20040721.csv",".csv","File","設定・定義候補",,"ファイル名・拡張子・配置のみ","メタ情報候補","個別承認後に評価"
"C:\fchart\chokan\taisei\z20040722.csv","z20040722.csv",".csv","File","設定・定義候補",,"ファイル名・拡張子・配置のみ","メタ情報候補","個別承認後に評価"
"C:\fchart\chokan\taisei\z20040723.csv","z20040723.csv",".csv","File","設定・定義候補",,"ファイル名・拡張子・配置のみ","メタ情報候補","個別承認後に評価"
"C:\fchart\chokan\taisei\z20040726.csv","z20040726.csv",".csv","File","設定・定義候補",,"ファイル名・拡張子・配置のみ","メタ情報候補","個別承認後に評価"
"C:\fchart\chokan\taisei\z20040727.csv","z20040727.csv",".csv","File","設定・定義候補",,"ファイル名・拡張子・配置のみ","メタ情報候補","個別承認後に評価"
"C:\fchart\chokan\taisei\z20040728.csv","z20040728.csv",".csv","File","設定・定義候補",,"ファイル名・拡張子・配置のみ","メタ情報候補","個別承認後に評価"
"C:\fchart\chokan\taisei\z20040729.csv","z20040729.csv",".csv","File","設定・定義候補",,"ファイル名・拡張子・配置のみ","メタ情報候補","個別承認後に評価"
"C:\fchart\chokan\taisei\z20040730.csv","z20040730.csv",".csv","File","設定・定義候補",,"ファイル名・拡張子・配置のみ","メタ情報候補","個別承認後に評価"
"C:\fchart\chokan\taisei\z20040802.csv","z20040802.csv",".csv","File","設定・定義候補",,"ファイル名・拡張子・配置のみ","メタ情報候補","個別承認後に評価"
"C:\fchart\chokan\taisei\z20040803.csv","z20040803.csv",".csv","File","設定・定義候補",,"ファイル名・拡張子・配置のみ","メタ情報候補","個別承認後に評価"
"C:\fchart\chokan\taisei\z20040804.csv","z20040804.csv",".csv","File","設定・定義候補",,"ファイル名・拡張子・配置のみ","メタ情報候補","個別承認後に評価"
"C:\fchart\chokan\taisei\z20040805.csv","z20040805.csv",".csv","File","設定・定義候補",,"ファイル名・拡張子・配置のみ","メタ情報候補","個別承認後に評価"
"C:\fchart\chokan\taisei\z20040806.csv","z20040806.csv",".csv","File","設定・定義候補",,"ファイル名・拡張子・配置のみ","メタ情報候補","個別承認後に評価"
"C:\fchart\chokan\taisei\z20040809.csv","z20040809.csv",".csv","File","設定・定義候補",,"ファイル名・拡張子・配置のみ","メタ情報候補","個別承認後に評価"
"C:\fchart\chokan\taisei\z20040810.csv","z20040810.csv",".csv","File","設定・定義候補",,"ファイル名・拡張子・配置のみ","メタ情報候補","個別承認後に評価"
"C:\fchart\chokan\taisei\z20040811.csv","z20040811.csv",".csv","File","設定・定義候補",,"ファイル名・拡張子・配置のみ","メタ情報候補","個別承認後に評価"
"C:\fchart\chokan\taisei\z20040812.csv","z20040812.csv",".csv","File","設定・定義候補",,"ファイル名・拡張子・配置のみ","メタ情報候補","個別承認後に評価"
"C:\fchart\chokan\taisei\z20040813.csv","z20040813.csv",".csv","File","設定・定義候補",,"ファイル名・拡張子・配置のみ","メタ情報候補","個別承認後に評価"
"C:\fchart\chokan\taisei\z20040816.csv","z20040816.csv",".csv","File","設定・定義候補",,"ファイル名・拡張子・配置のみ","メタ情報候補","個別承認後に評価"
"C:\fchart\chokan\taisei\z20040817.csv","z20040817.csv",".csv","File","設定・定義候補",,"ファイル名・拡張子・配置のみ","メタ情報候補","個別承認後に評価"
"C:\fchart\chokan\taisei\z20040818.csv","z20040818.csv",".csv","File","設定・定義候補",,"ファイル名・拡張子・配置のみ","メタ情報候補","個別承認後に評価"
"C:\fchart\chokan\taisei\z20040819.csv","z20040819.csv",".csv","File","設定・定義候補",,"ファイル名・拡張子・配置のみ","メタ情報候補","個別承認後に評価"
"C:\fchart\chokan\taisei\z20040820.csv","z20040820.csv",".csv","File","設定・定義候補",,"ファイル名・拡張子・配置のみ","メタ情報候補","個別承認後に評価"
"C:\fchart\chokan\taisei\z20040823.csv","z20040823.csv",".csv","File","設定・定義候補",,"ファイル名・拡張子・配置のみ","メタ情報候補","個別承認後に評価"
"C:\fchart\chokan\taisei\z20040824.csv","z20040824.csv",".csv","File","設定・定義候補",,"ファイル名・拡張子・配置のみ","メタ情報候補","個別承認後に評価"
"C:\fchart\chokan\taisei\z20040825.csv","z20040825.csv",".csv","File","設定・定義候補",,"ファイル名・拡張子・配置のみ","メタ情報候補","個別承認後に評価"
"C:\fchart\chokan\taisei\z20040826.csv","z20040826.csv",".csv","File","設定・定義候補",,"ファイル名・拡張子・配置のみ","メタ情報候補","個別承認後に評価"
"C:\fchart\chokan\taisei\z20040827.csv","z20040827.csv",".csv","File","設定・定義候補",,"ファイル名・拡張子・配置のみ","メタ情報候補","個別承認後に評価"
"C:\fchart\chokan\taisei\z20040830.csv","z20040830.csv",".csv","File","設定・定義候補",,"ファイル名・拡張子・配置のみ","メタ情報候補","個別承認後に評価"
"C:\fchart\chokan\taisei\z20040831.csv","z20040831.csv",".csv","File","設定・定義候補",,"ファイル名・拡張子・配置のみ","メタ情報候補","個別承認後に評価"
"C:\fchart\chokan\taisei\z20040901.csv","z20040901.csv",".csv","File","設定・定義候補",,"ファイル名・拡張子・配置のみ","メタ情報候補","個別承認後に評価"
"C:\fchart\chokan\taisei\z20040902.csv","z20040902.csv",".csv","File","設定・定義候補",,"ファイル名・拡張子・配置のみ","メタ情報候補","個別承認後に評価"
"C:\fchart\chokan\taisei\z20040903.csv","z20040903.csv",".csv","File","設定・定義候補",,"ファイル名・拡張子・配置のみ","メタ情報候補","個別承認後に評価"
"C:\fchart\chokan\taisei\z20040906.csv","z20040906.csv",".csv","File","設定・定義候補",,"ファイル名・拡張子・配置のみ","メタ情報候補","個別承認後に評価"
"C:\fchart\chokan\taisei\z20040907.csv","z20040907.csv",".csv","File","設定・定義候補",,"ファイル名・拡張子・配置のみ","メタ情報候補","個別承認後に評価"
"C:\fchart\chokan\taisei\z20040908.csv","z20040908.csv",".csv","File","設定・定義候補",,"ファイル名・拡張子・配置のみ","メタ情報候補","個別承認後に評価"
"C:\fchart\chokan\taisei\z20040909.csv","z20040909.csv",".csv","File","設定・定義候補",,"ファイル名・拡張子・配置のみ","メタ情報候補","個別承認後に評価"
"C:\fchart\chokan\taisei\z20040910.csv","z20040910.csv",".csv","File","設定・定義候補",,"ファイル名・拡張子・配置のみ","メタ情報候補","個別承認後に評価"
"C:\fchart\chokan\taisei\z20040913.csv","z20040913.csv",".csv","File","設定・定義候補",,"ファイル名・拡張子・配置のみ","メタ情報候補","個別承認後に評価"
"C:\fchart\chokan\taisei\z20040914.csv","z20040914.csv",".csv","File","設定・定義候補",,"ファイル名・拡張子・配置のみ","メタ情報候補","個別承認後に評価"
"C:\fchart\chokan\taisei\z20040915.csv","z20040915.csv",".csv","File","設定・定義候補",,"ファイル名・拡張子・配置のみ","メタ情報候補","個別承認後に評価"
"C:\fchart\chokan\taisei\z20040916.csv","z20040916.csv",".csv","File","設定・定義候補",,"ファイル名・拡張子・配置のみ","メタ情報候補","個別承認後に評価"
"C:\fchart\chokan\taisei\z20040917.csv","z20040917.csv",".csv","File","設定・定義候補",,"ファイル名・拡張子・配置のみ","メタ情報候補","個別承認後に評価"
"C:\fchart\chokan\taisei\z20040920.csv","z20040920.csv",".csv","File","設定・定義候補",,"ファイル名・拡張子・配置のみ","メタ情報候補","個別承認後に評価"
"C:\fchart\chokan\taisei\z20040921.csv","z20040921.csv",".csv","File","設定・定義候補",,"ファイル名・拡張子・配置のみ","メタ情報候補","個別承認後に評価"
"C:\fchart\chokan\taisei\z20040922.csv","z20040922.csv",".csv","File","設定・定義候補",,"ファイル名・拡張子・配置のみ","メタ情報候補","個別承認後に評価"
"C:\fchart\chokan\taisei\z20040923.csv","z20040923.csv",".csv","File","設定・定義候補",,"ファイル名・拡張子・配置のみ","メタ情報候補","個別承認後に評価"
"C:\fchart\chokan\taisei\z20040924.csv","z20040924.csv",".csv","File","設定・定義候補",,"ファイル名・拡張子・配置のみ","メタ情報候補","個別承認後に評価"
"C:\fchart\chokan\taisei\z20040927.csv","z20040927.csv",".csv","File","設定・定義候補",,"ファイル名・拡張子・配置のみ","メタ情報候補","個別承認後に評価"
"C:\fchart\chokan\taisei\z20040928.csv","z20040928.csv",".csv","File","設定・定義候補",,"ファイル名・拡張子・配置のみ","メタ情報候補","個別承認後に評価"
"C:\fchart\chokan\taisei\z20040929.csv","z20040929.csv",".csv","File","設定・定義候補",,"ファイル名・拡張子・配置のみ","メタ情報候補","個別承認後に評価"
"C:\fchart\chokan\taisei\z20040930.csv","z20040930.csv",".csv","File","設定・定義候補",,"ファイル名・拡張子・配置のみ","メタ情報候補","個別承認後に評価"
"C:\fchart\chokan\taisei\z20041004.csv","z20041004.csv",".csv","File","設定・定義候補",,"ファイル名・拡張子・配置のみ","メタ情報候補","個別承認後に評価"
"C:\fchart\chokan\taisei\z20041005.csv","z20041005.csv",".csv","File","設定・定義候補",,"ファイル名・拡張子・配置のみ","メタ情報候補","個別承認後に評価"
"C:\fchart\chokan\taisei\z20041006.csv","z20041006.csv",".csv","File","設定・定義候補",,"ファイル名・拡張子・配置のみ","メタ情報候補","個別承認後に評価"
"C:\fchart\chokan\taisei\z20041007.csv","z20041007.csv",".csv","File","設定・定義候補",,"ファイル名・拡張子・配置のみ","メタ情報候補","個別承認後に評価"
"C:\fchart\chokan\taisei\z20041008.csv","z20041008.csv",".csv","File","設定・定義候補",,"ファイル名・拡張子・配置のみ","メタ情報候補","個別承認後に評価"
"C:\fchart\chokan\taisei\z20041011.csv","z20041011.csv",".csv","File","設定・定義候補",,"ファイル名・拡張子・配置のみ","メタ情報候補","個別承認後に評価"
"C:\fchart\chokan\taisei\z20041012.csv","z20041012.csv",".csv","File","設定・定義候補",,"ファイル名・拡張子・配置のみ","メタ情報候補","個別承認後に評価"
"C:\fchart\chokan\taisei\z20041013.csv","z20041013.csv",".csv","File","設定・定義候補",,"ファイル名・拡張子・配置のみ","メタ情報候補","個別承認後に評価"
"C:\fchart\chokan\taisei\z20041014.csv","z20041014.csv",".csv","File","設定・定義候補",,"ファイル名・拡張子・配置のみ","メタ情報候補","個別承認後に評価"
"C:\fchart\chokan\taisei\z20041015.csv","z20041015.csv",".csv","File","設定・定義候補",,"ファイル名・拡張子・配置のみ","メタ情報候補","個別承認後に評価"
"C:\fchart\chokan\taisei\z20041018.csv","z20041018.csv",".csv","File","設定・定義候補",,"ファイル名・拡張子・配置のみ","メタ情報候補","個別承認後に評価"
"C:\fchart\chokan\taisei\z20041019.csv","z20041019.csv",".csv","File","設定・定義候補",,"ファイル名・拡張子・配置のみ","メタ情報候補","個別承認後に評価"
"C:\fchart\chokan\taisei\z20041020.csv","z20041020.csv",".csv","File","設定・定義候補",,"ファイル名・拡張子・配置のみ","メタ情報候補","個別承認後に評価"
"C:\fchart\chokan\taisei\z20041021.csv","z20041021.csv",".csv","File","設定・定義候補",,"ファイル名・拡張子・配置のみ","メタ情報候補","個別承認後に評価"
"C:\fchart\chokan\taisei\z20041022.csv","z20041022.csv",".csv","File","設定・定義候補",,"ファイル名・拡張子・配置のみ","メタ情報候補","個別承認後に評価"
"C:\fchart\chokan\taisei\z20041025.csv","z20041025.csv",".csv","File","設定・定義候補",,"ファイル名・拡張子・配置のみ","メタ情報候補","個別承認後に評価"
"C:\fchart\chokan\taisei\z20041026.csv","z20041026.csv",".csv","File","設定・定義候補",,"ファイル名・拡張子・配置のみ","メタ情報候補","個別承認後に評価"
"C:\fchart\chokan\taisei\z20041027.csv","z20041027.csv",".csv","File","設定・定義候補",,"ファイル名・拡張子・配置のみ","メタ情報候補","個別承認後に評価"
"C:\fchart\chokan\taisei\z20041028.csv","z20041028.csv",".csv","File","設定・定義候補",,"ファイル名・拡張子・配置のみ","メタ情報候補","個別承認後に評価"
"C:\fchart\chokan\taisei\z20041029.csv","z20041029.csv",".csv","File","設定・定義候補",,"ファイル名・拡張子・配置のみ","メタ情報候補","個別承認後に評価"
"C:\fchart\chokan\taisei\z20041101.csv","z20041101.csv",".csv","File","設定・定義候補",,"ファイル名・拡張子・配置のみ","メタ情報候補","個別承認後に評価"
"C:\fchart\chokan\taisei\z20041102.csv","z20041102.csv",".csv","File","設定・定義候補",,"ファイル名・拡張子・配置のみ","メタ情報候補","個別承認後に評価"
"C:\fchart\chokan\taisei\z20041103.csv","z20041103.csv",".csv","File","設定・定義候補",,"ファイル名・拡張子・配置のみ","メタ情報候補","個別承認後に評価"
"C:\fchart\chokan\taisei\z20041104.csv","z20041104.csv",".csv","File","設定・定義候補",,"ファイル名・拡張子・配置のみ","メタ情報候補","個別承認後に評価"
"C:\fchart\chokan\taisei\z20041105.csv","z20041105.csv",".csv","File","設定・定義候補",,"ファイル名・拡張子・配置のみ","メタ情報候補","個別承認後に評価"
"C:\fchart\chokan\taisei\z20041108.csv","z20041108.csv",".csv","File","設定・定義候補",,"ファイル名・拡張子・配置のみ","メタ情報候補","個別承認後に評価"
"C:\fchart\chokan\taisei\z20041109.csv","z20041109.csv",".csv","File","設定・定義候補",,"ファイル名・拡張子・配置のみ","メタ情報候補","個別承認後に評価"
"C:\fchart\chokan\taisei\z20041110.csv","z20041110.csv",".csv","File","設定・定義候補",,"ファイル名・拡張子・配置のみ","メタ情報候補","個別承認後に評価"
"C:\fchart\chokan\taisei\z20041111.csv","z20041111.csv",".csv","File","設定・定義候補",,"ファイル名・拡張子・配置のみ","メタ情報候補","個別承認後に評価"
"C:\fchart\chokan\taisei\z20041112.csv","z20041112.csv",".csv","File","設定・定義候補",,"ファイル名・拡張子・配置のみ","メタ情報候補","個別承認後に評価"
"C:\fchart\chokan\taisei\z20041115.csv","z20041115.csv",".csv","File","設定・定義候補",,"ファイル名・拡張子・配置のみ","メタ情報候補","個別承認後に評価"
"C:\fchart\chokan\taisei\z20041116.csv","z20041116.csv",".csv","File","設定・定義候補",,"ファイル名・拡張子・配置のみ","メタ情報候補","個別承認後に評価"
"C:\fchart\chokan\taisei\z20041117.csv","z20041117.csv",".csv","File","設定・定義候補",,"ファイル名・拡張子・配置のみ","メタ情報候補","個別承認後に評価"
"C:\fchart\chokan\taisei\z20041118.csv","z20041118.csv",".csv","File","設定・定義候補",,"ファイル名・拡張子・配置のみ","メタ情報候補","個別承認後に評価"
"C:\fchart\chokan\taisei\z20041119.csv","z20041119.csv",".csv","File","設定・定義候補",,"ファイル名・拡張子・配置のみ","メタ情報候補","個別承認後に評価"
"C:\fchart\chokan\taisei\z20041122.csv","z20041122.csv",".csv","File","設定・定義候補",,"ファイル名・拡張子・配置のみ","メタ情報候補","個別承認後に評価"
"C:\fchart\chokan\taisei\z20041123.csv","z20041123.csv",".csv","File","設定・定義候補",,"ファイル名・拡張子・配置のみ","メタ情報候補","個別承認後に評価"
"C:\fchart\chokan\taisei\z20041124.csv","z20041124.csv",".csv","File","設定・定義候補",,"ファイル名・拡張子・配置のみ","メタ情報候補","個別承認後に評価"
"C:\fchart\chokan\taisei\z20041125.csv","z20041125.csv",".csv","File","設定・定義候補",,"ファイル名・拡張子・配置のみ","メタ情報候補","個別承認後に評価"
"C:\fchart\chokan\taisei\z20041126.csv","z20041126.csv",".csv","File","設定・定義候補",,"ファイル名・拡張子・配置のみ","メタ情報候補","個別承認後に評価"
"C:\fchart\chokan\taisei\z20041129.csv","z20041129.csv",".csv","File","設定・定義候補",,"ファイル名・拡張子・配置のみ","メタ情報候補","個別承認後に評価"
"C:\fchart\chokan\taisei\z20041130.csv","z20041130.csv",".csv","File","設定・定義候補",,"ファイル名・拡張子・配置のみ","メタ情報候補","個別承認後に評価"
"C:\fchart\chokan\taisei\z20041206.csv","z20041206.csv",".csv","File","設定・定義候補",,"ファイル名・拡張子・配置のみ","メタ情報候補","個別承認後に評価"
"C:\fchart\chokan\taisei\z20041207.csv","z20041207.csv",".csv","File","設定・定義候補",,"ファイル名・拡張子・配置のみ","メタ情報候補","個別承認後に評価"
"C:\fchart\chokan\taisei\z20041208.csv","z20041208.csv",".csv","File","設定・定義候補",,"ファイル名・拡張子・配置のみ","メタ情報候補","個別承認後に評価"
"C:\fchart\chokan\taisei\z20041209.csv","z20041209.csv",".csv","File","設定・定義候補",,"ファイル名・拡張子・配置のみ","メタ情報候補","個別承認後に評価"
"C:\fchart\chokan\taisei\z20041210.csv","z20041210.csv",".csv","File","設定・定義候補",,"ファイル名・拡張子・配置のみ","メタ情報候補","個別承認後に評価"
"C:\fchart\chokan\taisei\z20041213.csv","z20041213.csv",".csv","File","設定・定義候補",,"ファイル名・拡張子・配置のみ","メタ情報候補","個別承認後に評価"
"C:\fchart\chokan\taisei\z20041214.csv","z20041214.csv",".csv","File","設定・定義候補",,"ファイル名・拡張子・配置のみ","メタ情報候補","個別承認後に評価"
"C:\fchart\chokan\taisei\z20041215.csv","z20041215.csv",".csv","File","設定・定義候補",,"ファイル名・拡張子・配置のみ","メタ情報候補","個別承認後に評価"
"C:\fchart\chokan\taisei\z20041216.csv","z20041216.csv",".csv","File","設定・定義候補",,"ファイル名・拡張子・配置のみ","メタ情報候補","個別承認後に評価"
"C:\fchart\chokan\taisei\z20041217.csv","z20041217.csv",".csv","File","設定・定義候補",,"ファイル名・拡張子・配置のみ","メタ情報候補","個別承認後に評価"
"C:\fchart\chokan\taisei\z20041220.csv","z20041220.csv",".csv","File","設定・定義候補",,"ファイル名・拡張子・配置のみ","メタ情報候補","個別承認後に評価"
"C:\fchart\chokan\taisei\z20041221.csv","z20041221.csv",".csv","File","設定・定義候補",,"ファイル名・拡張子・配置のみ","メタ情報候補","個別承認後に評価"
"C:\fchart\chokan\taisei\z20041222.csv","z20041222.csv",".csv","File","設定・定義候補",,"ファイル名・拡張子・配置のみ","メタ情報候補","個別承認後に評価"
"C:\fchart\chokan\taisei\z20041223.csv","z20041223.csv",".csv","File","設定・定義候補",,"ファイル名・拡張子・配置のみ","メタ情報候補","個別承認後に評価"
"C:\fchart\chokan\taisei\z20041224.csv","z20041224.csv",".csv","File","設定・定義候補",,"ファイル名・拡張子・配置のみ","メタ情報候補","個別承認後に評価"
"C:\fchart\chokan\taisei\z20041227.csv","z20041227.csv",".csv","File","設定・定義候補",,"ファイル名・拡張子・配置のみ","メタ情報候補","個別承認後に評価"
"C:\fchart\chokan\taisei\z20041228.csv","z20041228.csv",".csv","File","設定・定義候補",,"ファイル名・拡張子・配置のみ","メタ情報候補","個別承認後に評価"
"C:\fchart\chokan\taisei\z20041229.csv","z20041229.csv",".csv","File","設定・定義候補",,"ファイル名・拡張子・配置のみ","メタ情報候補","個別承認後に評価"
"C:\fchart\chokan\taisei\z20041230.csv","z20041230.csv",".csv","File","設定・定義候補",,"ファイル名・拡張子・配置のみ","メタ情報候補","個別承認後に評価"
"C:\fchart\chokan\taisei\z20041231.csv","z20041231.csv",".csv","File","設定・定義候補",,"ファイル名・拡張子・配置のみ","メタ情報候補","個別承認後に評価"
"C:\fchart\chokan\taisei\z20050103.csv","z20050103.csv",".csv","File","設定・定義候補",,"ファイル名・拡張子・配置のみ","メタ情報候補","個別承認後に評価"
"C:\fchart\chokan\taisei\z20050104.csv","z20050104.csv",".csv","File","設定・定義候補",,"ファイル名・拡張子・配置のみ","メタ情報候補","個別承認後に評価"
"C:\fchart\chokan\taisei\z20050105.csv","z20050105.csv",".csv","File","設定・定義候補",,"ファイル名・拡張子・配置のみ","メタ情報候補","個別承認後に評価"
"C:\fchart\chokan\taisei\z20050112.csv","z20050112.csv",".csv","File","設定・定義候補",,"ファイル名・拡張子・配置のみ","メタ情報候補","個別承認後に評価"
"C:\fchart\chokan\taisei\z20050113.csv","z20050113.csv",".csv","File","設定・定義候補",,"ファイル名・拡張子・配置のみ","メタ情報候補","個別承認後に評価"
"C:\fchart\chokan\taisei\z20050114.csv","z20050114.csv",".csv","File","設定・定義候補",,"ファイル名・拡張子・配置のみ","メタ情報候補","個別承認後に評価"
"C:\fchart\chokan\taisei\z20050117.csv","z20050117.csv",".csv","File","設定・定義候補",,"ファイル名・拡張子・配置のみ","メタ情報候補","個別承認後に評価"
"C:\fchart\chokan\taisei\z20050118.csv","z20050118.csv",".csv","File","設定・定義候補",,"ファイル名・拡張子・配置のみ","メタ情報候補","個別承認後に評価"
"C:\fchart\chokan\taisei\z20050119.csv","z20050119.csv",".csv","File","設定・定義候補",,"ファイル名・拡張子・配置のみ","メタ情報候補","個別承認後に評価"
"C:\fchart\chokan\taisei\z20050120.csv","z20050120.csv",".csv","File","設定・定義候補",,"ファイル名・拡張子・配置のみ","メタ情報候補","個別承認後に評価"
"C:\fchart\chokan\taisei\z20050121.csv","z20050121.csv",".csv","File","設定・定義候補",,"ファイル名・拡張子・配置のみ","メタ情報候補","個別承認後に評価"
"C:\fchart\chokan\taisei\z20050124.csv","z20050124.csv",".csv","File","設定・定義候補",,"ファイル名・拡張子・配置のみ","メタ情報候補","個別承認後に評価"
"C:\fchart\chokan\taisei\z20050125.csv","z20050125.csv",".csv","File","設定・定義候補",,"ファイル名・拡張子・配置のみ","メタ情報候補","個別承認後に評価"
"C:\fchart\chokan\taisei\z20050126.csv","z20050126.csv",".csv","File","設定・定義候補",,"ファイル名・拡張子・配置のみ","メタ情報候補","個別承認後に評価"
"C:\fchart\chokan\taisei\z20050127.csv","z20050127.csv",".csv","File","設定・定義候補",,"ファイル名・拡張子・配置のみ","メタ情報候補","個別承認後に評価"
"C:\fchart\chokan\taisei\z20050128.csv","z20050128.csv",".csv","File","設定・定義候補",,"ファイル名・拡張子・配置のみ","メタ情報候補","個別承認後に評価"
"C:\fchart\chokan\taisei\z20050131.csv","z20050131.csv",".csv","File","設定・定義候補",,"ファイル名・拡張子・配置のみ","メタ情報候補","個別承認後に評価"
"C:\fchart\chokan\taisei\z20050201.csv","z20050201.csv",".csv","File","設定・定義候補",,"ファイル名・拡張子・配置のみ","メタ情報候補","個別承認後に評価"
"C:\fchart\chokan\taisei\z20050202.csv","z20050202.csv",".csv","File","設定・定義候補",,"ファイル名・拡張子・配置のみ","メタ情報候補","個別承認後に評価"
"C:\fchart\chokan\taisei\z20050203.csv","z20050203.csv",".csv","File","設定・定義候補",,"ファイル名・拡張子・配置のみ","メタ情報候補","個別承認後に評価"
"C:\fchart\chokan\taisei\z20050204.csv","z20050204.csv",".csv","File","設定・定義候補",,"ファイル名・拡張子・配置のみ","メタ情報候補","個別承認後に評価"
"C:\fchart\chokan\taisei\z20050207.csv","z20050207.csv",".csv","File","設定・定義候補",,"ファイル名・拡張子・配置のみ","メタ情報候補","個別承認後に評価"
"C:\fchart\chokan\taisei\z20050208.csv","z20050208.csv",".csv","File","設定・定義候補",,"ファイル名・拡張子・配置のみ","メタ情報候補","個別承認後に評価"
"C:\fchart\chokan\taisei\z20050209.csv","z20050209.csv",".csv","File","設定・定義候補",,"ファイル名・拡張子・配置のみ","メタ情報候補","個別承認後に評価"
"C:\fchart\chokan\taisei\z20050210.csv","z20050210.csv",".csv","File","設定・定義候補",,"ファイル名・拡張子・配置のみ","メタ情報候補","個別承認後に評価"
"C:\fchart\chokan\taisei\z20050211.csv","z20050211.csv",".csv","File","設定・定義候補",,"ファイル名・拡張子・配置のみ","メタ情報候補","個別承認後に評価"
"C:\fchart\chokan\taisei\z20050214.csv","z20050214.csv",".csv","File","設定・定義候補",,"ファイル名・拡張子・配置のみ","メタ情報候補","個別承認後に評価"
"C:\fchart\chokan\taisei\z20050215.csv","z20050215.csv",".csv","File","設定・定義候補",,"ファイル名・拡張子・配置のみ","メタ情報候補","個別承認後に評価"
"C:\fchart\chokan\taisei\z20050216.csv","z20050216.csv",".csv","File","設定・定義候補",,"ファイル名・拡張子・配置のみ","メタ情報候補","個別承認後に評価"
"C:\fchart\chokan\taisei\z20050217.csv","z20050217.csv",".csv","File","設定・定義候補",,"ファイル名・拡張子・配置のみ","メタ情報候補","個別承認後に評価"
"C:\fchart\chokan\taisei\z20050218.csv","z20050218.csv",".csv","File","設定・定義候補",,"ファイル名・拡張子・配置のみ","メタ情報候補","個別承認後に評価"
"C:\fchart\chokan\taisei\z20050221.csv","z20050221.csv",".csv","File","設定・定義候補",,"ファイル名・拡張子・配置のみ","メタ情報候補","個別承認後に評価"
"C:\fchart\chokan\taisei\z20050222.csv","z20050222.csv",".csv","File","設定・定義候補",,"ファイル名・拡張子・配置のみ","メタ情報候補","個別承認後に評価"
"C:\fchart\chokan\taisei\z20050223.csv","z20050223.csv",".csv","File","設定・定義候補",,"ファイル名・拡張子・配置のみ","メタ情報候補","個別承認後に評価"
"C:\fchart\chokan\taisei\z20050224.csv","z20050224.csv",".csv","File","設定・定義候補",,"ファイル名・拡張子・配置のみ","メタ情報候補","個別承認後に評価"
"C:\fchart\chokan\taisei\z20050225.csv","z20050225.csv",".csv","File","設定・定義候補",,"ファイル名・拡張子・配置のみ","メタ情報候補","個別承認後に評価"
"C:\fchart\chokan\taisei\z20050228.csv","z20050228.csv",".csv","File","設定・定義候補",,"ファイル名・拡張子・配置のみ","メタ情報候補","個別承認後に評価"
"C:\fchart\chokan\taisei\z20050301.csv","z20050301.csv",".csv","File","設定・定義候補",,"ファイル名・拡張子・配置のみ","メタ情報候補","個別承認後に評価"
"C:\fchart\chokan\taisei\z20050302.csv","z20050302.csv",".csv","File","設定・定義候補",,"ファイル名・拡張子・配置のみ","メタ情報候補","個別承認後に評価"
"C:\fchart\chokan\taisei\z20050303.csv","z20050303.csv",".csv","File","設定・定義候補",,"ファイル名・拡張子・配置のみ","メタ情報候補","個別承認後に評価"
"C:\fchart\chokan\taisei\z20050304.csv","z20050304.csv",".csv","File","設定・定義候補",,"ファイル名・拡張子・配置のみ","メタ情報候補","個別承認後に評価"
"C:\fchart\chokan\taisei\z20050307.csv","z20050307.csv",".csv","File","設定・定義候補",,"ファイル名・拡張子・配置のみ","メタ情報候補","個別承認後に評価"
"C:\fchart\chokan\taisei\z20050308.csv","z20050308.csv",".csv","File","設定・定義候補",,"ファイル名・拡張子・配置のみ","メタ情報候補","個別承認後に評価"
"C:\fchart\chokan\taisei\z20050309.csv","z20050309.csv",".csv","File","設定・定義候補",,"ファイル名・拡張子・配置のみ","メタ情報候補","個別承認後に評価"
"C:\fchart\chokan\taisei\z20050310.csv","z20050310.csv",".csv","File","設定・定義候補",,"ファイル名・拡張子・配置のみ","メタ情報候補","個別承認後に評価"
"C:\fchart\chokan\taisei\z20050314.csv","z20050314.csv",".csv","File","設定・定義候補",,"ファイル名・拡張子・配置のみ","メタ情報候補","個別承認後に評価"
"C:\fchart\chokan\taisei\z20050315.csv","z20050315.csv",".csv","File","設定・定義候補",,"ファイル名・拡張子・配置のみ","メタ情報候補","個別承認後に評価"
"C:\fchart\chokan\taisei\z20050316.csv","z20050316.csv",".csv","File","設定・定義候補",,"ファイル名・拡張子・配置のみ","メタ情報候補","個別承認後に評価"
"C:\fchart\chokan\taisei\z20050317.csv","z20050317.csv",".csv","File","設定・定義候補",,"ファイル名・拡張子・配置のみ","メタ情報候補","個別承認後に評価"
"C:\fchart\chokan\taisei\z20050318.csv","z20050318.csv",".csv","File","設定・定義候補",,"ファイル名・拡張子・配置のみ","メタ情報候補","個別承認後に評価"
"C:\fchart\chokan\taisei\z20050321.csv","z20050321.csv",".csv","File","設定・定義候補",,"ファイル名・拡張子・配置のみ","メタ情報候補","個別承認後に評価"
"C:\fchart\chokan\taisei\z20050322.csv","z20050322.csv",".csv","File","設定・定義候補",,"ファイル名・拡張子・配置のみ","メタ情報候補","個別承認後に評価"
"C:\fchart\chokan\taisei\z20050323.csv","z20050323.csv",".csv","File","設定・定義候補",,"ファイル名・拡張子・配置のみ","メタ情報候補","個別承認後に評価"
"C:\fchart\chokan\taisei\z20050324.csv","z20050324.csv",".csv","File","設定・定義候補",,"ファイル名・拡張子・配置のみ","メタ情報候補","個別承認後に評価"
"C:\fchart\chokan\taisei\z20050325.csv","z20050325.csv",".csv","File","設定・定義候補",,"ファイル名・拡張子・配置のみ","メタ情報候補","個別承認後に評価"
"C:\fchart\chokan\taisei\z20050328.csv","z20050328.csv",".csv","File","設定・定義候補",,"ファイル名・拡張子・配置のみ","メタ情報候補","個別承認後に評価"
"C:\fchart\chokan\taisei\z20050329.csv","z20050329.csv",".csv","File","設定・定義候補",,"ファイル名・拡張子・配置のみ","メタ情報候補","個別承認後に評価"
"C:\fchart\chokan\taisei\z20050330.csv","z20050330.csv",".csv","File","設定・定義候補",,"ファイル名・拡張子・配置のみ","メタ情報候補","個別承認後に評価"
"C:\fchart\chokan\taisei\z20050331.csv","z20050331.csv",".csv","File","設定・定義候補",,"ファイル名・拡張子・配置のみ","メタ情報候補","個別承認後に評価"
"C:\fchart\chokan\taisei\z20050401.csv","z20050401.csv",".csv","File","設定・定義候補",,"ファイル名・拡張子・配置のみ","メタ情報候補","個別承認後に評価"
"C:\fchart\chokan\taisei\z20050404.csv","z20050404.csv",".csv","File","設定・定義候補",,"ファイル名・拡張子・配置のみ","メタ情報候補","個別承認後に評価"
"C:\fchart\chokan\taisei\z20050405.csv","z20050405.csv",".csv","File","設定・定義候補",,"ファイル名・拡張子・配置のみ","メタ情報候補","個別承認後に評価"
"C:\fchart\chokan\taisei\z20050408.csv","z20050408.csv",".csv","File","設定・定義候補",,"ファイル名・拡張子・配置のみ","メタ情報候補","個別承認後に評価"
"C:\fchart\chokan\taisei\z20050411.csv","z20050411.csv",".csv","File","設定・定義候補",,"ファイル名・拡張子・配置のみ","メタ情報候補","個別承認後に評価"
"C:\fchart\chokan\taisei\z20050412.csv","z20050412.csv",".csv","File","設定・定義候補",,"ファイル名・拡張子・配置のみ","メタ情報候補","個別承認後に評価"
"C:\fchart\chokan\taisei\z20050413.csv","z20050413.csv",".csv","File","設定・定義候補",,"ファイル名・拡張子・配置のみ","メタ情報候補","個別承認後に評価"
"C:\fchart\chokan\taisei\z20050414.csv","z20050414.csv",".csv","File","設定・定義候補",,"ファイル名・拡張子・配置のみ","メタ情報候補","個別承認後に評価"
"C:\fchart\chokan\taisei\z20050415.csv","z20050415.csv",".csv","File","設定・定義候補",,"ファイル名・拡張子・配置のみ","メタ情報候補","個別承認後に評価"
"C:\fchart\chokan\taisei\z20050418.csv","z20050418.csv",".csv","File","設定・定義候補",,"ファイル名・拡張子・配置のみ","メタ情報候補","個別承認後に評価"
"C:\fchart\chokan\taisei\z20050419.csv","z20050419.csv",".csv","File","設定・定義候補",,"ファイル名・拡張子・配置のみ","メタ情報候補","個別承認後に評価"
"C:\fchart\chokan\taisei\z20050420.csv","z20050420.csv",".csv","File","設定・定義候補",,"ファイル名・拡張子・配置のみ","メタ情報候補","個別承認後に評価"
"C:\fchart\chokan\taisei\z20050421.csv","z20050421.csv",".csv","File","設定・定義候補",,"ファイル名・拡張子・配置のみ","メタ情報候補","個別承認後に評価"
"C:\fchart\chokan\taisei\z20050422.csv","z20050422.csv",".csv","File","設定・定義候補",,"ファイル名・拡張子・配置のみ","メタ情報候補","個別承認後に評価"
"C:\fchart\chokan\taisei\z20050425.csv","z20050425.csv",".csv","File","設定・定義候補",,"ファイル名・拡張子・配置のみ","メタ情報候補","個別承認後に評価"
"C:\fchart\chokan\taisei\z20050429.csv","z20050429.csv",".csv","File","設定・定義候補",,"ファイル名・拡張子・配置のみ","メタ情報候補","個別承認後に評価"
"C:\fchart\chokan\taisei\z20050502.csv","z20050502.csv",".csv","File","設定・定義候補",,"ファイル名・拡張子・配置のみ","メタ情報候補","個別承認後に評価"
"C:\fchart\chokan\taisei\z20050503.csv","z20050503.csv",".csv","File","設定・定義候補",,"ファイル名・拡張子・配置のみ","メタ情報候補","個別承認後に評価"
"C:\fchart\chokan\taisei\z20050504.csv","z20050504.csv",".csv","File","設定・定義候補",,"ファイル名・拡張子・配置のみ","メタ情報候補","個別承認後に評価"
"C:\fchart\chokan\taisei\z20050505.csv","z20050505.csv",".csv","File","設定・定義候補",,"ファイル名・拡張子・配置のみ","メタ情報候補","個別承認後に評価"
"C:\fchart\chokan\taisei\z20050506.csv","z20050506.csv",".csv","File","設定・定義候補",,"ファイル名・拡張子・配置のみ","メタ情報候補","個別承認後に評価"
"C:\fchart\chokan\taisei\z20050509.csv","z20050509.csv",".csv","File","設定・定義候補",,"ファイル名・拡張子・配置のみ","メタ情報候補","個別承認後に評価"
"C:\fchart\chokan\taisei\z20050510.csv","z20050510.csv",".csv","File","設定・定義候補",,"ファイル名・拡張子・配置のみ","メタ情報候補","個別承認後に評価"
"C:\fchart\chokan\taisei\z20050511.csv","z20050511.csv",".csv","File","設定・定義候補",,"ファイル名・拡張子・配置のみ","メタ情報候補","個別承認後に評価"
"C:\fchart\chokan\taisei\z20050512.csv","z20050512.csv",".csv","File","設定・定義候補",,"ファイル名・拡張子・配置のみ","メタ情報候補","個別承認後に評価"
"C:\fchart\chokan\taisei\z20050513.csv","z20050513.csv",".csv","File","設定・定義候補",,"ファイル名・拡張子・配置のみ","メタ情報候補","個別承認後に評価"
"C:\fchart\chokan\taisei\z20050516.csv","z20050516.csv",".csv","File","設定・定義候補",,"ファイル名・拡張子・配置のみ","メタ情報候補","個別承認後に評価"
"C:\fchart\chokan\taisei\z20050517.csv","z20050517.csv",".csv","File","設定・定義候補",,"ファイル名・拡張子・配置のみ","メタ情報候補","個別承認後に評価"
"C:\fchart\chokan\taisei\z20050518.csv","z20050518.csv",".csv","File","設定・定義候補",,"ファイル名・拡張子・配置のみ","メタ情報候補","個別承認後に評価"
"C:\fchart\chokan\taisei\z20050519.csv","z20050519.csv",".csv","File","設定・定義候補",,"ファイル名・拡張子・配置のみ","メタ情報候補","個別承認後に評価"
"C:\fchart\chokan\taisei\z20050520.csv","z20050520.csv",".csv","File","設定・定義候補",,"ファイル名・拡張子・配置のみ","メタ情報候補","個別承認後に評価"
"C:\fchart\chokan\taisei\z20050523.csv","z20050523.csv",".csv","File","設定・定義候補",,"ファイル名・拡張子・配置のみ","メタ情報候補","個別承認後に評価"
"C:\fchart\chokan\taisei\z20050524.csv","z20050524.csv",".csv","File","設定・定義候補",,"ファイル名・拡張子・配置のみ","メタ情報候補","個別承認後に評価"
"C:\fchart\chokan\taisei\z20050530.csv","z20050530.csv",".csv","File","設定・定義候補",,"ファイル名・拡張子・配置のみ","メタ情報候補","個別承認後に評価"
"C:\fchart\chokan\taisei\z20050718.csv","z20050718.csv",".csv","File","設定・定義候補",,"ファイル名・拡張子・配置のみ","メタ情報候補","個別承認後に評価"
"C:\fchart\chokan\taisei\z20050719.csv","z20050719.csv",".csv","File","設定・定義候補",,"ファイル名・拡張子・配置のみ","メタ情報候補","個別承認後に評価"
"C:\fchart\chokan\taisei\z20050720.csv","z20050720.csv",".csv","File","設定・定義候補",,"ファイル名・拡張子・配置のみ","メタ情報候補","個別承認後に評価"
"C:\fchart\chokan\taisei\z20050721.csv","z20050721.csv",".csv","File","設定・定義候補",,"ファイル名・拡張子・配置のみ","メタ情報候補","個別承認後に評価"
"C:\fchart\chokan\taisei\z20050722.csv","z20050722.csv",".csv","File","設定・定義候補",,"ファイル名・拡張子・配置のみ","メタ情報候補","個別承認後に評価"
"C:\fchart\chokan\taisei\z20050725.csv","z20050725.csv",".csv","File","設定・定義候補",,"ファイル名・拡張子・配置のみ","メタ情報候補","個別承認後に評価"
"C:\fchart\chokan\taisei\z20050726.csv","z20050726.csv",".csv","File","設定・定義候補",,"ファイル名・拡張子・配置のみ","メタ情報候補","個別承認後に評価"
"C:\fchart\chokan\taisei\z20050727.csv","z20050727.csv",".csv","File","設定・定義候補",,"ファイル名・拡張子・配置のみ","メタ情報候補","個別承認後に評価"
"C:\fchart\chokan\taisei\z20050728.csv","z20050728.csv",".csv","File","設定・定義候補",,"ファイル名・拡張子・配置のみ","メタ情報候補","個別承認後に評価"
"C:\fchart\chokan\taisei\z20050729.csv","z20050729.csv",".csv","File","設定・定義候補",,"ファイル名・拡張子・配置のみ","メタ情報候補","個別承認後に評価"
"C:\fchart\chokan\taisei\z20050801.csv","z20050801.csv",".csv","File","設定・定義候補",,"ファイル名・拡張子・配置のみ","メタ情報候補","個別承認後に評価"
"C:\fchart\chokan\taisei\z20050802.csv","z20050802.csv",".csv","File","設定・定義候補",,"ファイル名・拡張子・配置のみ","メタ情報候補","個別承認後に評価"
"C:\fchart\chokan\taisei\z20050803.csv","z20050803.csv",".csv","File","設定・定義候補",,"ファイル名・拡張子・配置のみ","メタ情報候補","個別承認後に評価"
"C:\fchart\chokan\taisei\z20050804.csv","z20050804.csv",".csv","File","設定・定義候補",,"ファイル名・拡張子・配置のみ","メタ情報候補","個別承認後に評価"
"C:\fchart\chokan\taisei\z20050805.csv","z20050805.csv",".csv","File","設定・定義候補",,"ファイル名・拡張子・配置のみ","メタ情報候補","個別承認後に評価"
"C:\fchart\chokan\taisei\z20050808.csv","z20050808.csv",".csv","File","設定・定義候補",,"ファイル名・拡張子・配置のみ","メタ情報候補","個別承認後に評価"
"C:\fchart\chokan\taisei\z20050809.csv","z20050809.csv",".csv","File","設定・定義候補",,"ファイル名・拡張子・配置のみ","メタ情報候補","個別承認後に評価"
"C:\fchart\chokan\taisei\z20050810.csv","z20050810.csv",".csv","File","設定・定義候補",,"ファイル名・拡張子・配置のみ","メタ情報候補","個別承認後に評価"
"C:\fchart\chokan\taisei\z20050811.csv","z20050811.csv",".csv","File","設定・定義候補",,"ファイル名・拡張子・配置のみ","メタ情報候補","個別承認後に評価"
"C:\fchart\chokan\taisei\z20050812.csv","z20050812.csv",".csv","File","設定・定義候補",,"ファイル名・拡張子・配置のみ","メタ情報候補","個別承認後に評価"
"C:\fchart\chokan\taisei\z20050815.csv","z20050815.csv",".csv","File","設定・定義候補",,"ファイル名・拡張子・配置のみ","メタ情報候補","個別承認後に評価"
"C:\fchart\chokan\taisei\z20050816.csv","z20050816.csv",".csv","File","設定・定義候補",,"ファイル名・拡張子・配置のみ","メタ情報候補","個別承認後に評価"
"C:\fchart\chokan\taisei\z20050817.csv","z20050817.csv",".csv","File","設定・定義候補",,"ファイル名・拡張子・配置のみ","メタ情報候補","個別承認後に評価"
"C:\fchart\chokan\taisei\z20050818.csv","z20050818.csv",".csv","File","設定・定義候補",,"ファイル名・拡張子・配置のみ","メタ情報候補","個別承認後に評価"
"C:\fchart\chokan\taisei\z20050822.csv","z20050822.csv",".csv","File","設定・定義候補",,"ファイル名・拡張子・配置のみ","メタ情報候補","個別承認後に評価"
"C:\fchart\chokan\taisei\z20050823.csv","z20050823.csv",".csv","File","設定・定義候補",,"ファイル名・拡張子・配置のみ","メタ情報候補","個別承認後に評価"
"C:\fchart\chokan\taisei\z20050824.csv","z20050824.csv",".csv","File","設定・定義候補",,"ファイル名・拡張子・配置のみ","メタ情報候補","個別承認後に評価"
"C:\fchart\chokan\taisei\z20050825.csv","z20050825.csv",".csv","File","設定・定義候補",,"ファイル名・拡張子・配置のみ","メタ情報候補","個別承認後に評価"
"C:\fchart\chokan\taisei\z20050826.csv","z20050826.csv",".csv","File","設定・定義候補",,"ファイル名・拡張子・配置のみ","メタ情報候補","個別承認後に評価"
"C:\fchart\chokan\taisei\z20050829.csv","z20050829.csv",".csv","File","設定・定義候補",,"ファイル名・拡張子・配置のみ","メタ情報候補","個別承認後に評価"
"C:\fchart\chokan\taisei\z20050830.csv","z20050830.csv",".csv","File","設定・定義候補",,"ファイル名・拡張子・配置のみ","メタ情報候補","個別承認後に評価"
"C:\fchart\chokan\taisei\z20050831.csv","z20050831.csv",".csv","File","設定・定義候補",,"ファイル名・拡張子・配置のみ","メタ情報候補","個別承認後に評価"
"C:\fchart\chokan\taisei\z20050901.csv","z20050901.csv",".csv","File","設定・定義候補",,"ファイル名・拡張子・配置のみ","メタ情報候補","個別承認後に評価"
"C:\fchart\chokan\taisei\z20050902.csv","z20050902.csv",".csv","File","設定・定義候補",,"ファイル名・拡張子・配置のみ","メタ情報候補","個別承認後に評価"
"C:\fchart\chokan\taisei\z20050905.csv","z20050905.csv",".csv","File","設定・定義候補",,"ファイル名・拡張子・配置のみ","メタ情報候補","個別承認後に評価"
"C:\fchart\chokan\taisei\z20050906.csv","z20050906.csv",".csv","File","設定・定義候補",,"ファイル名・拡張子・配置のみ","メタ情報候補","個別承認後に評価"
"C:\fchart\chokan\taisei\z20050907.csv","z20050907.csv",".csv","File","設定・定義候補",,"ファイル名・拡張子・配置のみ","メタ情報候補","個別承認後に評価"
"C:\fchart\chokan\taisei\z20050908.csv","z20050908.csv",".csv","File","設定・定義候補",,"ファイル名・拡張子・配置のみ","メタ情報候補","個別承認後に評価"
"C:\fchart\chokan\taisei\z20050912.csv","z20050912.csv",".csv","File","設定・定義候補",,"ファイル名・拡張子・配置のみ","メタ情報候補","個別承認後に評価"
"C:\fchart\chokan\taisei\z20050913.csv","z20050913.csv",".csv","File","設定・定義候補",,"ファイル名・拡張子・配置のみ","メタ情報候補","個別承認後に評価"
"C:\fchart\chokan\taisei\z20050914.csv","z20050914.csv",".csv","File","設定・定義候補",,"ファイル名・拡張子・配置のみ","メタ情報候補","個別承認後に評価"
"C:\fchart\chokan\taisei\z20050915.csv","z20050915.csv",".csv","File","設定・定義候補",,"ファイル名・拡張子・配置のみ","メタ情報候補","個別承認後に評価"
"C:\fchart\chokan\taisei\z20050916.csv","z20050916.csv",".csv","File","設定・定義候補",,"ファイル名・拡張子・配置のみ","メタ情報候補","個別承認後に評価"
"C:\fchart\chokan\taisei\z20050919.csv","z20050919.csv",".csv","File","設定・定義候補",,"ファイル名・拡張子・配置のみ","メタ情報候補","個別承認後に評価"
"C:\fchart\chokan\taisei\z20050920.csv","z20050920.csv",".csv","File","設定・定義候補",,"ファイル名・拡張子・配置のみ","メタ情報候補","個別承認後に評価"
"C:\fchart\chokan\taisei\z20050921.csv","z20050921.csv",".csv","File","設定・定義候補",,"ファイル名・拡張子・配置のみ","メタ情報候補","個別承認後に評価"
"C:\fchart\chokan\taisei\z20050922.csv","z20050922.csv",".csv","File","設定・定義候補",,"ファイル名・拡張子・配置のみ","メタ情報候補","個別承認後に評価"
"C:\fchart\chokan\taisei\z20050923.csv","z20050923.csv",".csv","File","設定・定義候補",,"ファイル名・拡張子・配置のみ","メタ情報候補","個別承認後に評価"
"C:\fchart\chokan\taisei\z20050926.csv","z20050926.csv",".csv","File","設定・定義候補",,"ファイル名・拡張子・配置のみ","メタ情報候補","個別承認後に評価"
"C:\fchart\chokan\taisei\z20050927.csv","z20050927.csv",".csv","File","設定・定義候補",,"ファイル名・拡張子・配置のみ","メタ情報候補","個別承認後に評価"
"C:\fchart\chokan\taisei\z20050928.csv","z20050928.csv",".csv","File","設定・定義候補",,"ファイル名・拡張子・配置のみ","メタ情報候補","個別承認後に評価"
"C:\fchart\chokan\taisei\z20050929.csv","z20050929.csv",".csv","File","設定・定義候補",,"ファイル名・拡張子・配置のみ","メタ情報候補","個別承認後に評価"
"C:\fchart\chokan\taisei\z20050930.csv","z20050930.csv",".csv","File","設定・定義候補",,"ファイル名・拡張子・配置のみ","メタ情報候補","個別承認後に評価"
"C:\fchart\chokan\taisei\z20051003.csv","z20051003.csv",".csv","File","設定・定義候補",,"ファイル名・拡張子・配置のみ","メタ情報候補","個別承認後に評価"
"C:\fchart\chokan\taisei\z20051004.csv","z20051004.csv",".csv","File","設定・定義候補",,"ファイル名・拡張子・配置のみ","メタ情報候補","個別承認後に評価"
"C:\fchart\chokan\taisei\z20051005.csv","z20051005.csv",".csv","File","設定・定義候補",,"ファイル名・拡張子・配置のみ","メタ情報候補","個別承認後に評価"
"C:\fchart\chokan\taisei\z20051006.csv","z20051006.csv",".csv","File","設定・定義候補",,"ファイル名・拡張子・配置のみ","メタ情報候補","個別承認後に評価"
"C:\fchart\chokan\taisei\z20051007.csv","z20051007.csv",".csv","File","設定・定義候補",,"ファイル名・拡張子・配置のみ","メタ情報候補","個別承認後に評価"
"C:\fchart\chokan\taisei\z20051012.csv","z20051012.csv",".csv","File","設定・定義候補",,"ファイル名・拡張子・配置のみ","メタ情報候補","個別承認後に評価"
"C:\fchart\chokan\taisei\z20051013.csv","z20051013.csv",".csv","File","設定・定義候補",,"ファイル名・拡張子・配置のみ","メタ情報候補","個別承認後に評価"
"C:\fchart\chokan\taisei\z20051014.csv","z20051014.csv",".csv","File","設定・定義候補",,"ファイル名・拡張子・配置のみ","メタ情報候補","個別承認後に評価"
"C:\fchart\chokan\taisei\z20051017.csv","z20051017.csv",".csv","File","設定・定義候補",,"ファイル名・拡張子・配置のみ","メタ情報候補","個別承認後に評価"
"C:\fchart\chokan\taisei\z20051018.csv","z20051018.csv",".csv","File","設定・定義候補",,"ファイル名・拡張子・配置のみ","メタ情報候補","個別承認後に評価"
"C:\fchart\chokan\taisei\z20051019.csv","z20051019.csv",".csv","File","設定・定義候補",,"ファイル名・拡張子・配置のみ","メタ情報候補","個別承認後に評価"
"C:\fchart\chokan\taisei\z20051020.csv","z20051020.csv",".csv","File","設定・定義候補",,"ファイル名・拡張子・配置のみ","メタ情報候補","個別承認後に評価"
"C:\fchart\chokan\taisei\z20051021.csv","z20051021.csv",".csv","File","設定・定義候補",,"ファイル名・拡張子・配置のみ","メタ情報候補","個別承認後に評価"
"C:\fchart\chokan\taisei\z20051024.csv","z20051024.csv",".csv","File","設定・定義候補",,"ファイル名・拡張子・配置のみ","メタ情報候補","個別承認後に評価"
"C:\fchart\chokan\taisei\z20051025.csv","z20051025.csv",".csv","File","設定・定義候補",,"ファイル名・拡張子・配置のみ","メタ情報候補","個別承認後に評価"
"C:\fchart\chokan\taisei\z20051026.csv","z20051026.csv",".csv","File","設定・定義候補",,"ファイル名・拡張子・配置のみ","メタ情報候補","個別承認後に評価"
"C:\fchart\chokan\taisei\z20051027.csv","z20051027.csv",".csv","File","設定・定義候補",,"ファイル名・拡張子・配置のみ","メタ情報候補","個別承認後に評価"
"C:\fchart\chokan\taisei\z20051031.csv","z20051031.csv",".csv","File","設定・定義候補",,"ファイル名・拡張子・配置のみ","メタ情報候補","個別承認後に評価"
"C:\fchart\chokan\taisei\z20051101.csv","z20051101.csv",".csv","File","設定・定義候補",,"ファイル名・拡張子・配置のみ","メタ情報候補","個別承認後に評価"
"C:\fchart\chokan\taisei\z20051102.csv","z20051102.csv",".csv","File","設定・定義候補",,"ファイル名・拡張子・配置のみ","メタ情報候補","個別承認後に評価"
"C:\fchart\chokan\taisei\z20051103.csv","z20051103.csv",".csv","File","設定・定義候補",,"ファイル名・拡張子・配置のみ","メタ情報候補","個別承認後に評価"
"C:\fchart\chokan\taisei\z20051104.csv","z20051104.csv",".csv","File","設定・定義候補",,"ファイル名・拡張子・配置のみ","メタ情報候補","個別承認後に評価"
"C:\fchart\chokan\taisei\z20051107.csv","z20051107.csv",".csv","File","設定・定義候補",,"ファイル名・拡張子・配置のみ","メタ情報候補","個別承認後に評価"
"C:\fchart\chokan\taisei\z20051108.csv","z20051108.csv",".csv","File","設定・定義候補",,"ファイル名・拡張子・配置のみ","メタ情報候補","個別承認後に評価"
"C:\fchart\chokan\taisei\z20051109.csv","z20051109.csv",".csv","File","設定・定義候補",,"ファイル名・拡張子・配置のみ","メタ情報候補","個別承認後に評価"
"C:\fchart\chokan\taisei\z20051110.csv","z20051110.csv",".csv","File","設定・定義候補",,"ファイル名・拡張子・配置のみ","メタ情報候補","個別承認後に評価"
"C:\fchart\chokan\taisei\z20051111.csv","z20051111.csv",".csv","File","設定・定義候補",,"ファイル名・拡張子・配置のみ","メタ情報候補","個別承認後に評価"
"C:\fchart\chokan\taisei\z20051114.csv","z20051114.csv",".csv","File","設定・定義候補",,"ファイル名・拡張子・配置のみ","メタ情報候補","個別承認後に評価"
"C:\fchart\chokan\taisei\z20051115.csv","z20051115.csv",".csv","File","設定・定義候補",,"ファイル名・拡張子・配置のみ","メタ情報候補","個別承認後に評価"
"C:\fchart\chokan\taisei\z20051116.csv","z20051116.csv",".csv","File","設定・定義候補",,"ファイル名・拡張子・配置のみ","メタ情報候補","個別承認後に評価"
"C:\fchart\chokan\taisei\z20051117.csv","z20051117.csv",".csv","File","設定・定義候補",,"ファイル名・拡張子・配置のみ","メタ情報候補","個別承認後に評価"
"C:\fchart\chokan\taisei\z20051118.csv","z20051118.csv",".csv","File","設定・定義候補",,"ファイル名・拡張子・配置のみ","メタ情報候補","個別承認後に評価"
"C:\fchart\chokan\taisei\z20051121.csv","z20051121.csv",".csv","File","設定・定義候補",,"ファイル名・拡張子・配置のみ","メタ情報候補","個別承認後に評価"
"C:\fchart\chokan\taisei\z20051122.csv","z20051122.csv",".csv","File","設定・定義候補",,"ファイル名・拡張子・配置のみ","メタ情報候補","個別承認後に評価"
"C:\fchart\chokan\taisei\z20051123.csv","z20051123.csv",".csv","File","設定・定義候補",,"ファイル名・拡張子・配置のみ","メタ情報候補","個別承認後に評価"
"C:\fchart\chokan\taisei\z20051124.csv","z20051124.csv",".csv","File","設定・定義候補",,"ファイル名・拡張子・配置のみ","メタ情報候補","個別承認後に評価"
"C:\fchart\chokan\taisei\z20051125.csv","z20051125.csv",".csv","File","設定・定義候補",,"ファイル名・拡張子・配置のみ","メタ情報候補","個別承認後に評価"
"C:\fchart\chokan\taisei\z20051128.csv","z20051128.csv",".csv","File","設定・定義候補",,"ファイル名・拡張子・配置のみ","メタ情報候補","個別承認後に評価"
"C:\fchart\chokan\taisei\z20051129.csv","z20051129.csv",".csv","File","設定・定義候補",,"ファイル名・拡張子・配置のみ","メタ情報候補","個別承認後に評価"
"C:\fchart\chokan\taisei\z20051130.csv","z20051130.csv",".csv","File","設定・定義候補",,"ファイル名・拡張子・配置のみ","メタ情報候補","個別承認後に評価"
"C:\fchart\chokan\taisei\z20051201.csv","z20051201.csv",".csv","File","設定・定義候補",,"ファイル名・拡張子・配置のみ","メタ情報候補","個別承認後に評価"
"C:\fchart\chokan\taisei\z20051202.csv","z20051202.csv",".csv","File","設定・定義候補",,"ファイル名・拡張子・配置のみ","メタ情報候補","個別承認後に評価"
"C:\fchart\chokan\taisei\z20051205.csv","z20051205.csv",".csv","File","設定・定義候補",,"ファイル名・拡張子・配置のみ","メタ情報候補","個別承認後に評価"
"C:\fchart\chokan\taisei\z20051206.csv","z20051206.csv",".csv","File","設定・定義候補",,"ファイル名・拡張子・配置のみ","メタ情報候補","個別承認後に評価"
"C:\fchart\chokan\taisei\z20051207.csv","z20051207.csv",".csv","File","設定・定義候補",,"ファイル名・拡張子・配置のみ","メタ情報候補","個別承認後に評価"
"C:\fchart\chokan\taisei\z20051208.csv","z20051208.csv",".csv","File","設定・定義候補",,"ファイル名・拡張子・配置のみ","メタ情報候補","個別承認後に評価"
"C:\fchart\chokan\taisei\z20051209.csv","z20051209.csv",".csv","File","設定・定義候補",,"ファイル名・拡張子・配置のみ","メタ情報候補","個別承認後に評価"
"C:\fchart\chokan\taisei\z20051212.csv","z20051212.csv",".csv","File","設定・定義候補",,"ファイル名・拡張子・配置のみ","メタ情報候補","個別承認後に評価"
"C:\fchart\chokan\taisei\z20051213.csv","z20051213.csv",".csv","File","設定・定義候補",,"ファイル名・拡張子・配置のみ","メタ情報候補","個別承認後に評価"
"C:\fchart\chokan\taisei\z20051214.csv","z20051214.csv",".csv","File","設定・定義候補",,"ファイル名・拡張子・配置のみ","メタ情報候補","個別承認後に評価"
"C:\fchart\chokan\taisei\z20051215.csv","z20051215.csv",".csv","File","設定・定義候補",,"ファイル名・拡張子・配置のみ","メタ情報候補","個別承認後に評価"
"C:\fchart\chokan\taisei\z20051216.csv","z20051216.csv",".csv","File","設定・定義候補",,"ファイル名・拡張子・配置のみ","メタ情報候補","個別承認後に評価"
"C:\fchart\chokan\taisei\z20051219.csv","z20051219.csv",".csv","File","設定・定義候補",,"ファイル名・拡張子・配置のみ","メタ情報候補","個別承認後に評価"
"C:\fchart\chokan\taisei\z20051220.csv","z20051220.csv",".csv","File","設定・定義候補",,"ファイル名・拡張子・配置のみ","メタ情報候補","個別承認後に評価"
"C:\fchart\chokan\taisei\z20051221.csv","z20051221.csv",".csv","File","設定・定義候補",,"ファイル名・拡張子・配置のみ","メタ情報候補","個別承認後に評価"
"C:\fchart\chokan\taisei\z20051222.csv","z20051222.csv",".csv","File","設定・定義候補",,"ファイル名・拡張子・配置のみ","メタ情報候補","個別承認後に評価"
"C:\fchart\chokan\taisei\z20051223.csv","z20051223.csv",".csv","File","設定・定義候補",,"ファイル名・拡張子・配置のみ","メタ情報候補","個別承認後に評価"
"C:\fchart\chokan\taisei\z20051226.csv","z20051226.csv",".csv","File","設定・定義候補",,"ファイル名・拡張子・配置のみ","メタ情報候補","個別承認後に評価"
"C:\fchart\chokan\taisei\z20051227.csv","z20051227.csv",".csv","File","設定・定義候補",,"ファイル名・拡張子・配置のみ","メタ情報候補","個別承認後に評価"
"C:\fchart\chokan\taisei\z20051229.csv","z20051229.csv",".csv","File","設定・定義候補",,"ファイル名・拡張子・配置のみ","メタ情報候補","個別承認後に評価"
"C:\fchart\chokan\taisei\z20051230.csv","z20051230.csv",".csv","File","設定・定義候補",,"ファイル名・拡張子・配置のみ","メタ情報候補","個別承認後に評価"
"C:\fchart\chokan\taisei\z20060102.csv","z20060102.csv",".csv","File","設定・定義候補",,"ファイル名・拡張子・配置のみ","メタ情報候補","個別承認後に評価"
"C:\fchart\chokan\taisei\z20060103.csv","z20060103.csv",".csv","File","設定・定義候補",,"ファイル名・拡張子・配置のみ","メタ情報候補","個別承認後に評価"
"C:\fchart\chokan\taisei\z20060104.csv","z20060104.csv",".csv","File","設定・定義候補",,"ファイル名・拡張子・配置のみ","メタ情報候補","個別承認後に評価"
"C:\fchart\chokan\taisei\z20060105.csv","z20060105.csv",".csv","File","設定・定義候補",,"ファイル名・拡張子・配置のみ","メタ情報候補","個別承認後に評価"
"C:\fchart\chokan\taisei\z20060106.csv","z20060106.csv",".csv","File","設定・定義候補",,"ファイル名・拡張子・配置のみ","メタ情報候補","個別承認後に評価"
"C:\fchart\chokan\taisei\z20060109.csv","z20060109.csv",".csv","File","設定・定義候補",,"ファイル名・拡張子・配置のみ","メタ情報候補","個別承認後に評価"
"C:\fchart\chokan\taisei\z20060110.csv","z20060110.csv",".csv","File","設定・定義候補",,"ファイル名・拡張子・配置のみ","メタ情報候補","個別承認後に評価"
"C:\fchart\chokan\taisei\z20060111.csv","z20060111.csv",".csv","File","設定・定義候補",,"ファイル名・拡張子・配置のみ","メタ情報候補","個別承認後に評価"
"C:\fchart\chokan\taisei\z20060112.csv","z20060112.csv",".csv","File","設定・定義候補",,"ファイル名・拡張子・配置のみ","メタ情報候補","個別承認後に評価"
"C:\fchart\chokan\taisei\z20060113.csv","z20060113.csv",".csv","File","設定・定義候補",,"ファイル名・拡張子・配置のみ","メタ情報候補","個別承認後に評価"
"C:\fchart\chokan\taisei\z20060116.csv","z20060116.csv",".csv","File","設定・定義候補",,"ファイル名・拡張子・配置のみ","メタ情報候補","個別承認後に評価"
"C:\fchart\chokan\taisei\z20060117.csv","z20060117.csv",".csv","File","設定・定義候補",,"ファイル名・拡張子・配置のみ","メタ情報候補","個別承認後に評価"
"C:\fchart\chokan\taisei\z20060118.csv","z20060118.csv",".csv","File","設定・定義候補",,"ファイル名・拡張子・配置のみ","メタ情報候補","個別承認後に評価"
"C:\fchart\chokan\taisei\z20060119.csv","z20060119.csv",".csv","File","設定・定義候補",,"ファイル名・拡張子・配置のみ","メタ情報候補","個別承認後に評価"
"C:\fchart\chokan\taisei\z20060120.csv","z20060120.csv",".csv","File","設定・定義候補",,"ファイル名・拡張子・配置のみ","メタ情報候補","個別承認後に評価"
"C:\fchart\chokan\taisei\z20060123.csv","z20060123.csv",".csv","File","設定・定義候補",,"ファイル名・拡張子・配置のみ","メタ情報候補","個別承認後に評価"
"C:\fchart\chokan\taisei\z20060124.csv","z20060124.csv",".csv","File","設定・定義候補",,"ファイル名・拡張子・配置のみ","メタ情報候補","個別承認後に評価"
"C:\fchart\chokan\taisei\z20060126.csv","z20060126.csv",".csv","File","設定・定義候補",,"ファイル名・拡張子・配置のみ","メタ情報候補","個別承認後に評価"
"C:\fchart\chokan\taisei\z20060127.csv","z20060127.csv",".csv","File","設定・定義候補",,"ファイル名・拡張子・配置のみ","メタ情報候補","個別承認後に評価"
"C:\fchart\chokan\taisei\z20060130.csv","z20060130.csv",".csv","File","設定・定義候補",,"ファイル名・拡張子・配置のみ","メタ情報候補","個別承認後に評価"
"C:\fchart\chokan\taisei\z20060131.csv","z20060131.csv",".csv","File","設定・定義候補",,"ファイル名・拡張子・配置のみ","メタ情報候補","個別承認後に評価"
"C:\fchart\chokan\taisei\z20060201.csv","z20060201.csv",".csv","File","設定・定義候補",,"ファイル名・拡張子・配置のみ","メタ情報候補","個別承認後に評価"
"C:\fchart\chokan\taisei\z20060202.csv","z20060202.csv",".csv","File","設定・定義候補",,"ファイル名・拡張子・配置のみ","メタ情報候補","個別承認後に評価"
"C:\fchart\chokan\taisei\z20060203.csv","z20060203.csv",".csv","File","設定・定義候補",,"ファイル名・拡張子・配置のみ","メタ情報候補","個別承認後に評価"
"C:\fchart\chokan\taisei\z20060206.csv","z20060206.csv",".csv","File","設定・定義候補",,"ファイル名・拡張子・配置のみ","メタ情報候補","個別承認後に評価"
"C:\fchart\chokan\taisei\z20060207.csv","z20060207.csv",".csv","File","設定・定義候補",,"ファイル名・拡張子・配置のみ","メタ情報候補","個別承認後に評価"
"C:\fchart\chokan\taisei\z20060208.csv","z20060208.csv",".csv","File","設定・定義候補",,"ファイル名・拡張子・配置のみ","メタ情報候補","個別承認後に評価"
"C:\fchart\chokan\taisei\z20060209.csv","z20060209.csv",".csv","File","設定・定義候補",,"ファイル名・拡張子・配置のみ","メタ情報候補","個別承認後に評価"
"C:\fchart\chokan\taisei\z20060210.csv","z20060210.csv",".csv","File","設定・定義候補",,"ファイル名・拡張子・配置のみ","メタ情報候補","個別承認後に評価"
"C:\fchart\chokan\taisei\z20060213.csv","z20060213.csv",".csv","File","設定・定義候補",,"ファイル名・拡張子・配置のみ","メタ情報候補","個別承認後に評価"
"C:\fchart\chokan\taisei\z20060214.csv","z20060214.csv",".csv","File","設定・定義候補",,"ファイル名・拡張子・配置のみ","メタ情報候補","個別承認後に評価"
"C:\fchart\chokan\taisei\z20060215.csv","z20060215.csv",".csv","File","設定・定義候補",,"ファイル名・拡張子・配置のみ","メタ情報候補","個別承認後に評価"
"C:\fchart\chokan\taisei\z20060216.csv","z20060216.csv",".csv","File","設定・定義候補",,"ファイル名・拡張子・配置のみ","メタ情報候補","個別承認後に評価"
"C:\fchart\chokan\taisei\z20060217.csv","z20060217.csv",".csv","File","設定・定義候補",,"ファイル名・拡張子・配置のみ","メタ情報候補","個別承認後に評価"
"C:\fchart\chokan\taisei\z20060220.csv","z20060220.csv",".csv","File","設定・定義候補",,"ファイル名・拡張子・配置のみ","メタ情報候補","個別承認後に評価"
"C:\fchart\chokan\taisei\z20060221.csv","z20060221.csv",".csv","File","設定・定義候補",,"ファイル名・拡張子・配置のみ","メタ情報候補","個別承認後に評価"
"C:\fchart\chokan\taisei\z20060222.csv","z20060222.csv",".csv","File","設定・定義候補",,"ファイル名・拡張子・配置のみ","メタ情報候補","個別承認後に評価"
"C:\fchart\chokan\taisei\z20060223.csv","z20060223.csv",".csv","File","設定・定義候補",,"ファイル名・拡張子・配置のみ","メタ情報候補","個別承認後に評価"
"C:\fchart\chokan\taisei\z20060224.csv","z20060224.csv",".csv","File","設定・定義候補",,"ファイル名・拡張子・配置のみ","メタ情報候補","個別承認後に評価"
"C:\fchart\chokan\taisei\z20060227.csv","z20060227.csv",".csv","File","設定・定義候補",,"ファイル名・拡張子・配置のみ","メタ情報候補","個別承認後に評価"
"C:\fchart\chokan\taisei\z20060228.csv","z20060228.csv",".csv","File","設定・定義候補",,"ファイル名・拡張子・配置のみ","メタ情報候補","個別承認後に評価"
"C:\fchart\chokan\taisei\z20060301.csv","z20060301.csv",".csv","File","設定・定義候補",,"ファイル名・拡張子・配置のみ","メタ情報候補","個別承認後に評価"
"C:\fchart\chokan\taisei\z20060302.csv","z20060302.csv",".csv","File","設定・定義候補",,"ファイル名・拡張子・配置のみ","メタ情報候補","個別承認後に評価"
"C:\fchart\chokan\taisei\z20060303.csv","z20060303.csv",".csv","File","設定・定義候補",,"ファイル名・拡張子・配置のみ","メタ情報候補","個別承認後に評価"
"C:\fchart\chokan\taisei\z20060306.csv","z20060306.csv",".csv","File","設定・定義候補",,"ファイル名・拡張子・配置のみ","メタ情報候補","個別承認後に評価"
"C:\fchart\chokan\taisei\z20060307.csv","z20060307.csv",".csv","File","設定・定義候補",,"ファイル名・拡張子・配置のみ","メタ情報候補","個別承認後に評価"
"C:\fchart\chokan\taisei\z20060308.csv","z20060308.csv",".csv","File","設定・定義候補",,"ファイル名・拡張子・配置のみ","メタ情報候補","個別承認後に評価"
"C:\fchart\chokan\taisei\z20060309.csv","z20060309.csv",".csv","File","設定・定義候補",,"ファイル名・拡張子・配置のみ","メタ情報候補","個別承認後に評価"
"C:\fchart\chokan\taisei\z20060310.csv","z20060310.csv",".csv","File","設定・定義候補",,"ファイル名・拡張子・配置のみ","メタ情報候補","個別承認後に評価"
"C:\fchart\chokan\taisei\z20060313.csv","z20060313.csv",".csv","File","設定・定義候補",,"ファイル名・拡張子・配置のみ","メタ情報候補","個別承認後に評価"
"C:\fchart\chokan\taisei\z20060314.csv","z20060314.csv",".csv","File","設定・定義候補",,"ファイル名・拡張子・配置のみ","メタ情報候補","個別承認後に評価"
"C:\fchart\chokan\taisei\z20060315.csv","z20060315.csv",".csv","File","設定・定義候補",,"ファイル名・拡張子・配置のみ","メタ情報候補","個別承認後に評価"
"C:\fchart\chokan\taisei\z20060316.csv","z20060316.csv",".csv","File","設定・定義候補",,"ファイル名・拡張子・配置のみ","メタ情報候補","個別承認後に評価"
"C:\fchart\chokan\taisei\z20060317.csv","z20060317.csv",".csv","File","設定・定義候補",,"ファイル名・拡張子・配置のみ","メタ情報候補","個別承認後に評価"
"C:\fchart\chokan\taisei\z20060320.csv","z20060320.csv",".csv","File","設定・定義候補",,"ファイル名・拡張子・配置のみ","メタ情報候補","個別承認後に評価"
"C:\fchart\chokan\taisei\z20060321.csv","z20060321.csv",".csv","File","設定・定義候補",,"ファイル名・拡張子・配置のみ","メタ情報候補","個別承認後に評価"
"C:\fchart\chokan\taisei\z20060322.csv","z20060322.csv",".csv","File","設定・定義候補",,"ファイル名・拡張子・配置のみ","メタ情報候補","個別承認後に評価"
"C:\fchart\chokan\taisei\z20060323.csv","z20060323.csv",".csv","File","設定・定義候補",,"ファイル名・拡張子・配置のみ","メタ情報候補","個別承認後に評価"
"C:\fchart\chokan\taisei\z20060324.csv","z20060324.csv",".csv","File","設定・定義候補",,"ファイル名・拡張子・配置のみ","メタ情報候補","個別承認後に評価"
"C:\fchart\chokan\taisei\z20060327.csv","z20060327.csv",".csv","File","設定・定義候補",,"ファイル名・拡張子・配置のみ","メタ情報候補","個別承認後に評価"
"C:\fchart\chokan\taisei\z20060328.csv","z20060328.csv",".csv","File","設定・定義候補",,"ファイル名・拡張子・配置のみ","メタ情報候補","個別承認後に評価"
"C:\fchart\chokan\taisei\z20060329.csv","z20060329.csv",".csv","File","設定・定義候補",,"ファイル名・拡張子・配置のみ","メタ情報候補","個別承認後に評価"
"C:\fchart\chokan\taisei\z20060330.csv","z20060330.csv",".csv","File","設定・定義候補",,"ファイル名・拡張子・配置のみ","メタ情報候補","個別承認後に評価"
"C:\fchart\chokan\taisei\z20060403.csv","z20060403.csv",".csv","File","設定・定義候補",,"ファイル名・拡張子・配置のみ","メタ情報候補","個別承認後に評価"
"C:\fchart\chokan\taisei\z20060404.csv","z20060404.csv",".csv","File","設定・定義候補",,"ファイル名・拡張子・配置のみ","メタ情報候補","個別承認後に評価"
"C:\fchart\chokan\taisei\z20060405.csv","z20060405.csv",".csv","File","設定・定義候補",,"ファイル名・拡張子・配置のみ","メタ情報候補","個別承認後に評価"
"C:\fchart\chokan\taisei\z20060406.csv","z20060406.csv",".csv","File","設定・定義候補",,"ファイル名・拡張子・配置のみ","メタ情報候補","個別承認後に評価"
"C:\fchart\chokan\taisei\z20060407.csv","z20060407.csv",".csv","File","設定・定義候補",,"ファイル名・拡張子・配置のみ","メタ情報候補","個別承認後に評価"
"C:\fchart\chokan\taisei\z20060410.csv","z20060410.csv",".csv","File","設定・定義候補",,"ファイル名・拡張子・配置のみ","メタ情報候補","個別承認後に評価"
"C:\fchart\chokan\taisei\z20060411.csv","z20060411.csv",".csv","File","設定・定義候補",,"ファイル名・拡張子・配置のみ","メタ情報候補","個別承認後に評価"
"C:\fchart\chokan\taisei\z20060412.csv","z20060412.csv",".csv","File","設定・定義候補",,"ファイル名・拡張子・配置のみ","メタ情報候補","個別承認後に評価"
"C:\fchart\chokan\taisei\z20060413.csv","z20060413.csv",".csv","File","設定・定義候補",,"ファイル名・拡張子・配置のみ","メタ情報候補","個別承認後に評価"
"C:\fchart\chokan\taisei\z20060414.csv","z20060414.csv",".csv","File","設定・定義候補",,"ファイル名・拡張子・配置のみ","メタ情報候補","個別承認後に評価"
"C:\fchart\chokan\taisei\z20060417.csv","z20060417.csv",".csv","File","設定・定義候補",,"ファイル名・拡張子・配置のみ","メタ情報候補","個別承認後に評価"
"C:\fchart\chokan\taisei\z20060418.csv","z20060418.csv",".csv","File","設定・定義候補",,"ファイル名・拡張子・配置のみ","メタ情報候補","個別承認後に評価"
"C:\fchart\chokan\taisei\z20060419.csv","z20060419.csv",".csv","File","設定・定義候補",,"ファイル名・拡張子・配置のみ","メタ情報候補","個別承認後に評価"
"C:\fchart\chokan\taisei\z20060420.csv","z20060420.csv",".csv","File","設定・定義候補",,"ファイル名・拡張子・配置のみ","メタ情報候補","個別承認後に評価"
"C:\fchart\chokan\taisei\z20060421.csv","z20060421.csv",".csv","File","設定・定義候補",,"ファイル名・拡張子・配置のみ","メタ情報候補","個別承認後に評価"
"C:\fchart\chokan\taisei\z20060424.csv","z20060424.csv",".csv","File","設定・定義候補",,"ファイル名・拡張子・配置のみ","メタ情報候補","個別承認後に評価"
"C:\fchart\chokan\taisei\z20060425.csv","z20060425.csv",".csv","File","設定・定義候補",,"ファイル名・拡張子・配置のみ","メタ情報候補","個別承認後に評価"
"C:\fchart\chokan\taisei\z20060426.csv","z20060426.csv",".csv","File","設定・定義候補",,"ファイル名・拡張子・配置のみ","メタ情報候補","個別承認後に評価"
"C:\fchart\chokan\taisei\z20060501.csv","z20060501.csv",".csv","File","設定・定義候補",,"ファイル名・拡張子・配置のみ","メタ情報候補","個別承認後に評価"
"C:\fchart\chokan\taisei\z20060502.csv","z20060502.csv",".csv","File","設定・定義候補",,"ファイル名・拡張子・配置のみ","メタ情報候補","個別承認後に評価"
"C:\fchart\chokan\taisei\z20060503.csv","z20060503.csv",".csv","File","設定・定義候補",,"ファイル名・拡張子・配置のみ","メタ情報候補","個別承認後に評価"
"C:\fchart\chokan\taisei\z20060504.csv","z20060504.csv",".csv","File","設定・定義候補",,"ファイル名・拡張子・配置のみ","メタ情報候補","個別承認後に評価"
"C:\fchart\chokan\taisei\z20060505.csv","z20060505.csv",".csv","File","設定・定義候補",,"ファイル名・拡張子・配置のみ","メタ情報候補","個別承認後に評価"
"C:\fchart\chokan\taisei\z20060508.csv","z20060508.csv",".csv","File","設定・定義候補",,"ファイル名・拡張子・配置のみ","メタ情報候補","個別承認後に評価"
"C:\fchart\chokan\taisei\z20060509.csv","z20060509.csv",".csv","File","設定・定義候補",,"ファイル名・拡張子・配置のみ","メタ情報候補","個別承認後に評価"
"C:\fchart\chokan\taisei\z20060510.csv","z20060510.csv",".csv","File","設定・定義候補",,"ファイル名・拡張子・配置のみ","メタ情報候補","個別承認後に評価"
"C:\fchart\chokan\taisei\z20060511.csv","z20060511.csv",".csv","File","設定・定義候補",,"ファイル名・拡張子・配置のみ","メタ情報候補","個別承認後に評価"
"C:\fchart\chokan\taisei\z20060512.csv","z20060512.csv",".csv","File","設定・定義候補",,"ファイル名・拡張子・配置のみ","メタ情報候補","個別承認後に評価"
"C:\fchart\chokan\taisei\z20060515.csv","z20060515.csv",".csv","File","設定・定義候補",,"ファイル名・拡張子・配置のみ","メタ情報候補","個別承認後に評価"
"C:\fchart\chokan\taisei\z20060516.csv","z20060516.csv",".csv","File","設定・定義候補",,"ファイル名・拡張子・配置のみ","メタ情報候補","個別承認後に評価"
"C:\fchart\chokan\taisei\z20060517.csv","z20060517.csv",".csv","File","設定・定義候補",,"ファイル名・拡張子・配置のみ","メタ情報候補","個別承認後に評価"
"C:\fchart\chokan\taisei\z20060518.csv","z20060518.csv",".csv","File","設定・定義候補",,"ファイル名・拡張子・配置のみ","メタ情報候補","個別承認後に評価"
"C:\fchart\chokan\taisei\z20060519.csv","z20060519.csv",".csv","File","設定・定義候補",,"ファイル名・拡張子・配置のみ","メタ情報候補","個別承認後に評価"
"C:\fchart\chokan\taisei\z20060522.csv","z20060522.csv",".csv","File","設定・定義候補",,"ファイル名・拡張子・配置のみ","メタ情報候補","個別承認後に評価"
"C:\fchart\chokan\taisei\z20060523.csv","z20060523.csv",".csv","File","設定・定義候補",,"ファイル名・拡張子・配置のみ","メタ情報候補","個別承認後に評価"
"C:\fchart\chokan\taisei\z20060524.csv","z20060524.csv",".csv","File","設定・定義候補",,"ファイル名・拡張子・配置のみ","メタ情報候補","個別承認後に評価"
"C:\fchart\chokan\taisei\z20060525.csv","z20060525.csv",".csv","File","設定・定義候補",,"ファイル名・拡張子・配置のみ","メタ情報候補","個別承認後に評価"
"C:\fchart\chokan\taisei\z20060526.csv","z20060526.csv",".csv","File","設定・定義候補",,"ファイル名・拡張子・配置のみ","メタ情報候補","個別承認後に評価"
"C:\fchart\chokan\taisei\z20060529.csv","z20060529.csv",".csv","File","設定・定義候補",,"ファイル名・拡張子・配置のみ","メタ情報候補","個別承認後に評価"
"C:\fchart\chokan\taisei\z20060530.csv","z20060530.csv",".csv","File","設定・定義候補",,"ファイル名・拡張子・配置のみ","メタ情報候補","個別承認後に評価"
"C:\fchart\chokan\taisei\z20060531.csv","z20060531.csv",".csv","File","設定・定義候補",,"ファイル名・拡張子・配置のみ","メタ情報候補","個別承認後に評価"
"C:\fchart\chokan\taisei\z20060601.csv","z20060601.csv",".csv","File","設定・定義候補",,"ファイル名・拡張子・配置のみ","メタ情報候補","個別承認後に評価"
"C:\fchart\chokan\taisei\z20060602.csv","z20060602.csv",".csv","File","設定・定義候補",,"ファイル名・拡張子・配置のみ","メタ情報候補","個別承認後に評価"
"C:\fchart\chokan\taisei\z20060605.csv","z20060605.csv",".csv","File","設定・定義候補",,"ファイル名・拡張子・配置のみ","メタ情報候補","個別承認後に評価"
"C:\fchart\chokan\taisei\z20060606.csv","z20060606.csv",".csv","File","設定・定義候補",,"ファイル名・拡張子・配置のみ","メタ情報候補","個別承認後に評価"
"C:\fchart\chokan\taisei\z20060607.csv","z20060607.csv",".csv","File","設定・定義候補",,"ファイル名・拡張子・配置のみ","メタ情報候補","個別承認後に評価"
"C:\fchart\chokan\taisei\z20060608.csv","z20060608.csv",".csv","File","設定・定義候補",,"ファイル名・拡張子・配置のみ","メタ情報候補","個別承認後に評価"
"C:\fchart\chokan\taisei\z20060609.csv","z20060609.csv",".csv","File","設定・定義候補",,"ファイル名・拡張子・配置のみ","メタ情報候補","個別承認後に評価"
"C:\fchart\chokan\taisei\z20060612.csv","z20060612.csv",".csv","File","設定・定義候補",,"ファイル名・拡張子・配置のみ","メタ情報候補","個別承認後に評価"
"C:\fchart\chokan\taisei\z20060613.csv","z20060613.csv",".csv","File","設定・定義候補",,"ファイル名・拡張子・配置のみ","メタ情報候補","個別承認後に評価"
"C:\fchart\chokan\taisei\z20060614.csv","z20060614.csv",".csv","File","設定・定義候補",,"ファイル名・拡張子・配置のみ","メタ情報候補","個別承認後に評価"
"C:\fchart\chokan\taisei\z20060615.csv","z20060615.csv",".csv","File","設定・定義候補",,"ファイル名・拡張子・配置のみ","メタ情報候補","個別承認後に評価"
"C:\fchart\chokan\taisei\z20060616.csv","z20060616.csv",".csv","File","設定・定義候補",,"ファイル名・拡張子・配置のみ","メタ情報候補","個別承認後に評価"
"C:\fchart\chokan\taisei\z20060619.csv","z20060619.csv",".csv","File","設定・定義候補",,"ファイル名・拡張子・配置のみ","メタ情報候補","個別承認後に評価"
"C:\fchart\chokan\taisei\z20060620.csv","z20060620.csv",".csv","File","設定・定義候補",,"ファイル名・拡張子・配置のみ","メタ情報候補","個別承認後に評価"
"C:\fchart\chokan\taisei\z20060621.csv","z20060621.csv",".csv","File","設定・定義候補",,"ファイル名・拡張子・配置のみ","メタ情報候補","個別承認後に評価"
"C:\fchart\chokan\taisei\z20060622.csv","z20060622.csv",".csv","File","設定・定義候補",,"ファイル名・拡張子・配置のみ","メタ情報候補","個別承認後に評価"
"C:\fchart\chokan\taisei\z20060623.csv","z20060623.csv",".csv","File","設定・定義候補",,"ファイル名・拡張子・配置のみ","メタ情報候補","個別承認後に評価"
"C:\fchart\chokan\taisei\z20060626.csv","z20060626.csv",".csv","File","設定・定義候補",,"ファイル名・拡張子・配置のみ","メタ情報候補","個別承認後に評価"
"C:\fchart\chokan\taisei\z20060627.csv","z20060627.csv",".csv","File","設定・定義候補",,"ファイル名・拡張子・配置のみ","メタ情報候補","個別承認後に評価"
"C:\fchart\chokan\taisei\z20060628.csv","z20060628.csv",".csv","File","設定・定義候補",,"ファイル名・拡張子・配置のみ","メタ情報候補","個別承認後に評価"
"C:\fchart\chokan\taisei\z20060629.csv","z20060629.csv",".csv","File","設定・定義候補",,"ファイル名・拡張子・配置のみ","メタ情報候補","個別承認後に評価"
"C:\fchart\chokan\taisei\z20060630.csv","z20060630.csv",".csv","File","設定・定義候補",,"ファイル名・拡張子・配置のみ","メタ情報候補","個別承認後に評価"
"C:\fchart\chokan\taisei\z20060704.csv","z20060704.csv",".csv","File","設定・定義候補",,"ファイル名・拡張子・配置のみ","メタ情報候補","個別承認後に評価"
"C:\fchart\chokan\taisei\z20060705.csv","z20060705.csv",".csv","File","設定・定義候補",,"ファイル名・拡張子・配置のみ","メタ情報候補","個別承認後に評価"
"C:\fchart\chokan\taisei\z20060706.csv","z20060706.csv",".csv","File","設定・定義候補",,"ファイル名・拡張子・配置のみ","メタ情報候補","個別承認後に評価"
"C:\fchart\chokan\taisei\z20060707.csv","z20060707.csv",".csv","File","設定・定義候補",,"ファイル名・拡張子・配置のみ","メタ情報候補","個別承認後に評価"
"C:\fchart\chokan\taisei\z20060710.csv","z20060710.csv",".csv","File","設定・定義候補",,"ファイル名・拡張子・配置のみ","メタ情報候補","個別承認後に評価"
"C:\fchart\chokan\taisei\z20060711.csv","z20060711.csv",".csv","File","設定・定義候補",,"ファイル名・拡張子・配置のみ","メタ情報候補","個別承認後に評価"
"C:\fchart\chokan\taisei\z20060712.csv","z20060712.csv",".csv","File","設定・定義候補",,"ファイル名・拡張子・配置のみ","メタ情報候補","個別承認後に評価"
"C:\fchart\chokan\taisei\z20060713.csv","z20060713.csv",".csv","File","設定・定義候補",,"ファイル名・拡張子・配置のみ","メタ情報候補","個別承認後に評価"
"C:\fchart\chokan\taisei\z20060714.csv","z20060714.csv",".csv","File","設定・定義候補",,"ファイル名・拡張子・配置のみ","メタ情報候補","個別承認後に評価"
"C:\fchart\chokan\taisei\z20060717.csv","z20060717.csv",".csv","File","設定・定義候補",,"ファイル名・拡張子・配置のみ","メタ情報候補","個別承認後に評価"
"C:\fchart\chokan\taisei\z20060718.csv","z20060718.csv",".csv","File","設定・定義候補",,"ファイル名・拡張子・配置のみ","メタ情報候補","個別承認後に評価"
"C:\fchart\chokan\taisei\z20060719.csv","z20060719.csv",".csv","File","設定・定義候補",,"ファイル名・拡張子・配置のみ","メタ情報候補","個別承認後に評価"
"C:\fchart\chokan\taisei\z20060720.csv","z20060720.csv",".csv","File","設定・定義候補",,"ファイル名・拡張子・配置のみ","メタ情報候補","個別承認後に評価"
"C:\fchart\chokan\taisei\z20060721.csv","z20060721.csv",".csv","File","設定・定義候補",,"ファイル名・拡張子・配置のみ","メタ情報候補","個別承認後に評価"
"C:\fchart\chokan\taisei\z20060724.csv","z20060724.csv",".csv","File","設定・定義候補",,"ファイル名・拡張子・配置のみ","メタ情報候補","個別承認後に評価"
"C:\fchart\chokan\taisei\z20060725.csv","z20060725.csv",".csv","File","設定・定義候補",,"ファイル名・拡張子・配置のみ","メタ情報候補","個別承認後に評価"
"C:\fchart\chokan\taisei\z20060726.csv","z20060726.csv",".csv","File","設定・定義候補",,"ファイル名・拡張子・配置のみ","メタ情報候補","個別承認後に評価"
"C:\fchart\chokan\taisei\z20060727.csv","z20060727.csv",".csv","File","設定・定義候補",,"ファイル名・拡張子・配置のみ","メタ情報候補","個別承認後に評価"
"C:\fchart\chokan\taisei\z20060728.csv","z20060728.csv",".csv","File","設定・定義候補",,"ファイル名・拡張子・配置のみ","メタ情報候補","個別承認後に評価"
"C:\fchart\chokan\taisei\z20060731.csv","z20060731.csv",".csv","File","設定・定義候補",,"ファイル名・拡張子・配置のみ","メタ情報候補","個別承認後に評価"
"C:\fchart\chokan\taisei\z20060804.csv","z20060804.csv",".csv","File","設定・定義候補",,"ファイル名・拡張子・配置のみ","メタ情報候補","個別承認後に評価"
"C:\fchart\chokan\taisei\z20060807.csv","z20060807.csv",".csv","File","設定・定義候補",,"ファイル名・拡張子・配置のみ","メタ情報候補","個別承認後に評価"
"C:\fchart\chokan\taisei\z20060808.csv","z20060808.csv",".csv","File","設定・定義候補",,"ファイル名・拡張子・配置のみ","メタ情報候補","個別承認後に評価"
"C:\fchart\chokan\taisei\z20060809.csv","z20060809.csv",".csv","File","設定・定義候補",,"ファイル名・拡張子・配置のみ","メタ情報候補","個別承認後に評価"
"C:\fchart\chokan\taisei\z20060810.csv","z20060810.csv",".csv","File","設定・定義候補",,"ファイル名・拡張子・配置のみ","メタ情報候補","個別承認後に評価"
"C:\fchart\chokan\taisei\z20060811.csv","z20060811.csv",".csv","File","設定・定義候補",,"ファイル名・拡張子・配置のみ","メタ情報候補","個別承認後に評価"
"C:\fchart\chokan\taisei\z20060814.csv","z20060814.csv",".csv","File","設定・定義候補",,"ファイル名・拡張子・配置のみ","メタ情報候補","個別承認後に評価"
"C:\fchart\chokan\taisei\z20060815.csv","z20060815.csv",".csv","File","設定・定義候補",,"ファイル名・拡張子・配置のみ","メタ情報候補","個別承認後に評価"
"C:\fchart\chokan\taisei\z20060816.csv","z20060816.csv",".csv","File","設定・定義候補",,"ファイル名・拡張子・配置のみ","メタ情報候補","個別承認後に評価"
"C:\fchart\chokan\taisei\z20060817.csv","z20060817.csv",".csv","File","設定・定義候補",,"ファイル名・拡張子・配置のみ","メタ情報候補","個別承認後に評価"
"C:\fchart\chokan\taisei\z20060818.csv","z20060818.csv",".csv","File","設定・定義候補",,"ファイル名・拡張子・配置のみ","メタ情報候補","個別承認後に評価"
"C:\fchart\chokan\taisei\z20060821.csv","z20060821.csv",".csv","File","設定・定義候補",,"ファイル名・拡張子・配置のみ","メタ情報候補","個別承認後に評価"
"C:\fchart\chokan\taisei\z20060822.csv","z20060822.csv",".csv","File","設定・定義候補",,"ファイル名・拡張子・配置のみ","メタ情報候補","個別承認後に評価"
"C:\fchart\chokan\taisei\z20060823.csv","z20060823.csv",".csv","File","設定・定義候補",,"ファイル名・拡張子・配置のみ","メタ情報候補","個別承認後に評価"
"C:\fchart\chokan\taisei\z20060824.csv","z20060824.csv",".csv","File","設定・定義候補",,"ファイル名・拡張子・配置のみ","メタ情報候補","個別承認後に評価"
"C:\fchart\chokan\taisei\z20060825.csv","z20060825.csv",".csv","File","設定・定義候補",,"ファイル名・拡張子・配置のみ","メタ情報候補","個別承認後に評価"
"C:\fchart\chokan\taisei\z20060828.csv","z20060828.csv",".csv","File","設定・定義候補",,"ファイル名・拡張子・配置のみ","メタ情報候補","個別承認後に評価"
"C:\fchart\chokan\taisei\z20060829.csv","z20060829.csv",".csv","File","設定・定義候補",,"ファイル名・拡張子・配置のみ","メタ情報候補","個別承認後に評価"
"C:\fchart\chokan\taisei\z20060830.csv","z20060830.csv",".csv","File","設定・定義候補",,"ファイル名・拡張子・配置のみ","メタ情報候補","個別承認後に評価"
"C:\fchart\chokan\taisei\z20060904.csv","z20060904.csv",".csv","File","設定・定義候補",,"ファイル名・拡張子・配置のみ","メタ情報候補","個別承認後に評価"
"C:\fchart\chokan\taisei\z20060905.csv","z20060905.csv",".csv","File","設定・定義候補",,"ファイル名・拡張子・配置のみ","メタ情報候補","個別承認後に評価"
"C:\fchart\chokan\taisei\z20060906.csv","z20060906.csv",".csv","File","設定・定義候補",,"ファイル名・拡張子・配置のみ","メタ情報候補","個別承認後に評価"
"C:\fchart\chokan\taisei\z20060907.csv","z20060907.csv",".csv","File","設定・定義候補",,"ファイル名・拡張子・配置のみ","メタ情報候補","個別承認後に評価"
"C:\fchart\chokan\taisei\z20060908.csv","z20060908.csv",".csv","File","設定・定義候補",,"ファイル名・拡張子・配置のみ","メタ情報候補","個別承認後に評価"
"C:\fchart\chokan\taisei\z20060911.csv","z20060911.csv",".csv","File","設定・定義候補",,"ファイル名・拡張子・配置のみ","メタ情報候補","個別承認後に評価"
"C:\fchart\chokan\taisei\z20060912.csv","z20060912.csv",".csv","File","設定・定義候補",,"ファイル名・拡張子・配置のみ","メタ情報候補","個別承認後に評価"
"C:\fchart\chokan\taisei\z20060913.csv","z20060913.csv",".csv","File","設定・定義候補",,"ファイル名・拡張子・配置のみ","メタ情報候補","個別承認後に評価"
"C:\fchart\chokan\taisei\z20060918.csv","z20060918.csv",".csv","File","設定・定義候補",,"ファイル名・拡張子・配置のみ","メタ情報候補","個別承認後に評価"
"C:\fchart\chokan\taisei\z20060919.csv","z20060919.csv",".csv","File","設定・定義候補",,"ファイル名・拡張子・配置のみ","メタ情報候補","個別承認後に評価"
"C:\fchart\chokan\taisei\z20060920.csv","z20060920.csv",".csv","File","設定・定義候補",,"ファイル名・拡張子・配置のみ","メタ情報候補","個別承認後に評価"
"C:\fchart\chokan\taisei\z20060921.csv","z20060921.csv",".csv","File","設定・定義候補",,"ファイル名・拡張子・配置のみ","メタ情報候補","個別承認後に評価"
"C:\fchart\chokan\taisei\z20060922.csv","z20060922.csv",".csv","File","設定・定義候補",,"ファイル名・拡張子・配置のみ","メタ情報候補","個別承認後に評価"
"C:\fchart\chokan\taisei\z20060925.csv","z20060925.csv",".csv","File","設定・定義候補",,"ファイル名・拡張子・配置のみ","メタ情報候補","個別承認後に評価"
"C:\fchart\chokan\taisei\z20060926.csv","z20060926.csv",".csv","File","設定・定義候補",,"ファイル名・拡張子・配置のみ","メタ情報候補","個別承認後に評価"
"C:\fchart\chokan\taisei\z20060927.csv","z20060927.csv",".csv","File","設定・定義候補",,"ファイル名・拡張子・配置のみ","メタ情報候補","個別承認後に評価"
"C:\fchart\chokan\taisei\z20060928.csv","z20060928.csv",".csv","File","設定・定義候補",,"ファイル名・拡張子・配置のみ","メタ情報候補","個別承認後に評価"
"C:\fchart\chokan\taisei\z20060929.csv","z20060929.csv",".csv","File","設定・定義候補",,"ファイル名・拡張子・配置のみ","メタ情報候補","個別承認後に評価"
"C:\fchart\chokan\taisei\z20061002.csv","z20061002.csv",".csv","File","設定・定義候補",,"ファイル名・拡張子・配置のみ","メタ情報候補","個別承認後に評価"
"C:\fchart\chokan\taisei\z20061003.csv","z20061003.csv",".csv","File","設定・定義候補",,"ファイル名・拡張子・配置のみ","メタ情報候補","個別承認後に評価"
"C:\fchart\chokan\taisei\z20061004.csv","z20061004.csv",".csv","File","設定・定義候補",,"ファイル名・拡張子・配置のみ","メタ情報候補","個別承認後に評価"
"C:\fchart\chokan\taisei\z20061005.csv","z20061005.csv",".csv","File","設定・定義候補",,"ファイル名・拡張子・配置のみ","メタ情報候補","個別承認後に評価"
"C:\fchart\chokan\taisei\z20061006.csv","z20061006.csv",".csv","File","設定・定義候補",,"ファイル名・拡張子・配置のみ","メタ情報候補","個別承認後に評価"
"C:\fchart\chokan\taisei\z20061009.csv","z20061009.csv",".csv","File","設定・定義候補",,"ファイル名・拡張子・配置のみ","メタ情報候補","個別承認後に評価"
"C:\fchart\chokan\taisei\z20061010.csv","z20061010.csv",".csv","File","設定・定義候補",,"ファイル名・拡張子・配置のみ","メタ情報候補","個別承認後に評価"
"C:\fchart\chokan\taisei\z20061011.csv","z20061011.csv",".csv","File","設定・定義候補",,"ファイル名・拡張子・配置のみ","メタ情報候補","個別承認後に評価"
"C:\fchart\chokan\taisei\z20061012.csv","z20061012.csv",".csv","File","設定・定義候補",,"ファイル名・拡張子・配置のみ","メタ情報候補","個別承認後に評価"
"C:\fchart\chokan\taisei\z20061013.csv","z20061013.csv",".csv","File","設定・定義候補",,"ファイル名・拡張子・配置のみ","メタ情報候補","個別承認後に評価"
"C:\fchart\chokan\taisei\z20061016.csv","z20061016.csv",".csv","File","設定・定義候補",,"ファイル名・拡張子・配置のみ","メタ情報候補","個別承認後に評価"
"C:\fchart\chokan\taisei\z20061017.csv","z20061017.csv",".csv","File","設定・定義候補",,"ファイル名・拡張子・配置のみ","メタ情報候補","個別承認後に評価"
"C:\fchart\chokan\taisei\z20061018.csv","z20061018.csv",".csv","File","設定・定義候補",,"ファイル名・拡張子・配置のみ","メタ情報候補","個別承認後に評価"
"C:\fchart\chokan\taisei\z20061019.csv","z20061019.csv",".csv","File","設定・定義候補",,"ファイル名・拡張子・配置のみ","メタ情報候補","個別承認後に評価"
"C:\fchart\chokan\taisei\z20061020.csv","z20061020.csv",".csv","File","設定・定義候補",,"ファイル名・拡張子・配置のみ","メタ情報候補","個別承認後に評価"
"C:\fchart\chokan\taisei\z20061023.csv","z20061023.csv",".csv","File","設定・定義候補",,"ファイル名・拡張子・配置のみ","メタ情報候補","個別承認後に評価"
"C:\fchart\chokan\taisei\z20061024.csv","z20061024.csv",".csv","File","設定・定義候補",,"ファイル名・拡張子・配置のみ","メタ情報候補","個別承認後に評価"
"C:\fchart\chokan\taisei\z20061025.csv","z20061025.csv",".csv","File","設定・定義候補",,"ファイル名・拡張子・配置のみ","メタ情報候補","個別承認後に評価"
"C:\fchart\chokan\taisei\z20061026.csv","z20061026.csv",".csv","File","設定・定義候補",,"ファイル名・拡張子・配置のみ","メタ情報候補","個別承認後に評価"
"C:\fchart\chokan\taisei\z20061027.csv","z20061027.csv",".csv","File","設定・定義候補",,"ファイル名・拡張子・配置のみ","メタ情報候補","個別承認後に評価"
"C:\fchart\chokan\taisei\z20061030.csv","z20061030.csv",".csv","File","設定・定義候補",,"ファイル名・拡張子・配置のみ","メタ情報候補","個別承認後に評価"
"C:\fchart\chokan\taisei\z20061031.csv","z20061031.csv",".csv","File","設定・定義候補",,"ファイル名・拡張子・配置のみ","メタ情報候補","個別承認後に評価"
"C:\fchart\chokan\taisei\z20061101.csv","z20061101.csv",".csv","File","設定・定義候補",,"ファイル名・拡張子・配置のみ","メタ情報候補","個別承認後に評価"
"C:\fchart\chokan\taisei\z20061102.csv","z20061102.csv",".csv","File","設定・定義候補",,"ファイル名・拡張子・配置のみ","メタ情報候補","個別承認後に評価"
"C:\fchart\chokan\taisei\z20061103.csv","z20061103.csv",".csv","File","設定・定義候補",,"ファイル名・拡張子・配置のみ","メタ情報候補","個別承認後に評価"
"C:\fchart\chokan\taisei\z20061106.csv","z20061106.csv",".csv","File","設定・定義候補",,"ファイル名・拡張子・配置のみ","メタ情報候補","個別承認後に評価"
"C:\fchart\chokan\taisei\z20061107.csv","z20061107.csv",".csv","File","設定・定義候補",,"ファイル名・拡張子・配置のみ","メタ情報候補","個別承認後に評価"
"C:\fchart\chokan\taisei\z20061108.csv","z20061108.csv",".csv","File","設定・定義候補",,"ファイル名・拡張子・配置のみ","メタ情報候補","個別承認後に評価"
"C:\fchart\chokan\taisei\z20061109.csv","z20061109.csv",".csv","File","設定・定義候補",,"ファイル名・拡張子・配置のみ","メタ情報候補","個別承認後に評価"
"C:\fchart\chokan\taisei\z20061110.csv","z20061110.csv",".csv","File","設定・定義候補",,"ファイル名・拡張子・配置のみ","メタ情報候補","個別承認後に評価"
"C:\fchart\chokan\taisei\z20061113.csv","z20061113.csv",".csv","File","設定・定義候補",,"ファイル名・拡張子・配置のみ","メタ情報候補","個別承認後に評価"
"C:\fchart\chokan\taisei\z20061114.csv","z20061114.csv",".csv","File","設定・定義候補",,"ファイル名・拡張子・配置のみ","メタ情報候補","個別承認後に評価"
"C:\fchart\chokan\taisei\z20061115.csv","z20061115.csv",".csv","File","設定・定義候補",,"ファイル名・拡張子・配置のみ","メタ情報候補","個別承認後に評価"
"C:\fchart\chokan\taisei\z20061116.csv","z20061116.csv",".csv","File","設定・定義候補",,"ファイル名・拡張子・配置のみ","メタ情報候補","個別承認後に評価"
"C:\fchart\chokan\taisei\z20061117.csv","z20061117.csv",".csv","File","設定・定義候補",,"ファイル名・拡張子・配置のみ","メタ情報候補","個別承認後に評価"
"C:\fchart\chokan\taisei\z20061120.csv","z20061120.csv",".csv","File","設定・定義候補",,"ファイル名・拡張子・配置のみ","メタ情報候補","個別承認後に評価"
"C:\fchart\chokan\taisei\z20061121.csv","z20061121.csv",".csv","File","設定・定義候補",,"ファイル名・拡張子・配置のみ","メタ情報候補","個別承認後に評価"
"C:\fchart\chokan\taisei\z20061122.csv","z20061122.csv",".csv","File","設定・定義候補",,"ファイル名・拡張子・配置のみ","メタ情報候補","個別承認後に評価"
"C:\fchart\chokan\taisei\z20061123.csv","z20061123.csv",".csv","File","設定・定義候補",,"ファイル名・拡張子・配置のみ","メタ情報候補","個別承認後に評価"
"C:\fchart\chokan\taisei\z20061124.csv","z20061124.csv",".csv","File","設定・定義候補",,"ファイル名・拡張子・配置のみ","メタ情報候補","個別承認後に評価"
"C:\fchart\chokan\taisei\z20061204.csv","z20061204.csv",".csv","File","設定・定義候補",,"ファイル名・拡張子・配置のみ","メタ情報候補","個別承認後に評価"
"C:\fchart\chokan\taisei\z20061205.csv","z20061205.csv",".csv","File","設定・定義候補",,"ファイル名・拡張子・配置のみ","メタ情報候補","個別承認後に評価"
"C:\fchart\chokan\taisei\z20061206.csv","z20061206.csv",".csv","File","設定・定義候補",,"ファイル名・拡張子・配置のみ","メタ情報候補","個別承認後に評価"
"C:\fchart\chokan\taisei\z20061207.csv","z20061207.csv",".csv","File","設定・定義候補",,"ファイル名・拡張子・配置のみ","メタ情報候補","個別承認後に評価"
"C:\fchart\chokan\taisei\z20061208.csv","z20061208.csv",".csv","File","設定・定義候補",,"ファイル名・拡張子・配置のみ","メタ情報候補","個別承認後に評価"
"C:\fchart\chokan\taisei\z20061211.csv","z20061211.csv",".csv","File","設定・定義候補",,"ファイル名・拡張子・配置のみ","メタ情報候補","個別承認後に評価"
"C:\fchart\chokan\taisei\z20061212.csv","z20061212.csv",".csv","File","設定・定義候補",,"ファイル名・拡張子・配置のみ","メタ情報候補","個別承認後に評価"
"C:\fchart\chokan\taisei\z20061213.csv","z20061213.csv",".csv","File","設定・定義候補",,"ファイル名・拡張子・配置のみ","メタ情報候補","個別承認後に評価"
"C:\fchart\chokan\taisei\z20061214.csv","z20061214.csv",".csv","File","設定・定義候補",,"ファイル名・拡張子・配置のみ","メタ情報候補","個別承認後に評価"
"C:\fchart\chokan\taisei\z20061215.csv","z20061215.csv",".csv","File","設定・定義候補",,"ファイル名・拡張子・配置のみ","メタ情報候補","個別承認後に評価"
"C:\fchart\chokan\taisei\z20061218.csv","z20061218.csv",".csv","File","設定・定義候補",,"ファイル名・拡張子・配置のみ","メタ情報候補","個別承認後に評価"
"C:\fchart\chokan\taisei\z20061219.csv","z20061219.csv",".csv","File","設定・定義候補",,"ファイル名・拡張子・配置のみ","メタ情報候補","個別承認後に評価"
"C:\fchart\chokan\taisei\z20061220.csv","z20061220.csv",".csv","File","設定・定義候補",,"ファイル名・拡張子・配置のみ","メタ情報候補","個別承認後に評価"
"C:\fchart\chokan\taisei\z20061221.csv","z20061221.csv",".csv","File","設定・定義候補",,"ファイル名・拡張子・配置のみ","メタ情報候補","個別承認後に評価"
"C:\fchart\chokan\taisei\z20061222.csv","z20061222.csv",".csv","File","設定・定義候補",,"ファイル名・拡張子・配置のみ","メタ情報候補","個別承認後に評価"
"C:\fchart\chokan\taisei\z20061225.csv","z20061225.csv",".csv","File","設定・定義候補",,"ファイル名・拡張子・配置のみ","メタ情報候補","個別承認後に評価"
"C:\fchart\chokan\taisei\z20061226.csv","z20061226.csv",".csv","File","設定・定義候補",,"ファイル名・拡張子・配置のみ","メタ情報候補","個別承認後に評価"
"C:\fchart\chokan\taisei\z20061227.csv","z20061227.csv",".csv","File","設定・定義候補",,"ファイル名・拡張子・配置のみ","メタ情報候補","個別承認後に評価"
"C:\fchart\chokan\taisei\z20061228.csv","z20061228.csv",".csv","File","設定・定義候補",,"ファイル名・拡張子・配置のみ","メタ情報候補","個別承認後に評価"
"C:\fchart\chokan\taisei\z20070108.csv","z20070108.csv",".csv","File","設定・定義候補",,"ファイル名・拡張子・配置のみ","メタ情報候補","個別承認後に評価"
"C:\fchart\chokan\taisei\z20070109.csv","z20070109.csv",".csv","File","設定・定義候補",,"ファイル名・拡張子・配置のみ","メタ情報候補","個別承認後に評価"
"C:\fchart\chokan\taisei\z20070110.csv","z20070110.csv",".csv","File","設定・定義候補",,"ファイル名・拡張子・配置のみ","メタ情報候補","個別承認後に評価"
"C:\fchart\chokan\taisei\z20070111.csv","z20070111.csv",".csv","File","設定・定義候補",,"ファイル名・拡張子・配置のみ","メタ情報候補","個別承認後に評価"
"C:\fchart\chokan\taisei\z20070112.csv","z20070112.csv",".csv","File","設定・定義候補",,"ファイル名・拡張子・配置のみ","メタ情報候補","個別承認後に評価"
"C:\fchart\chokan\taisei\z20070115.csv","z20070115.csv",".csv","File","設定・定義候補",,"ファイル名・拡張子・配置のみ","メタ情報候補","個別承認後に評価"
"C:\fchart\chokan\taisei\z20070116.csv","z20070116.csv",".csv","File","設定・定義候補",,"ファイル名・拡張子・配置のみ","メタ情報候補","個別承認後に評価"
"C:\fchart\chokan\taisei\z20070117.csv","z20070117.csv",".csv","File","設定・定義候補",,"ファイル名・拡張子・配置のみ","メタ情報候補","個別承認後に評価"
"C:\fchart\chokan\taisei\z20070118.csv","z20070118.csv",".csv","File","設定・定義候補",,"ファイル名・拡張子・配置のみ","メタ情報候補","個別承認後に評価"
"C:\fchart\chokan\taisei\z20070119.csv","z20070119.csv",".csv","File","設定・定義候補",,"ファイル名・拡張子・配置のみ","メタ情報候補","個別承認後に評価"
"C:\fchart\chokan\taisei\z20070122.csv","z20070122.csv",".csv","File","設定・定義候補",,"ファイル名・拡張子・配置のみ","メタ情報候補","個別承認後に評価"
"C:\fchart\chokan\taisei\z20070123.csv","z20070123.csv",".csv","File","設定・定義候補",,"ファイル名・拡張子・配置のみ","メタ情報候補","個別承認後に評価"
"C:\fchart\chokan\taisei\z20070124.csv","z20070124.csv",".csv","File","設定・定義候補",,"ファイル名・拡張子・配置のみ","メタ情報候補","個別承認後に評価"
"C:\fchart\chokan\taisei\z20070125.csv","z20070125.csv",".csv","File","設定・定義候補",,"ファイル名・拡張子・配置のみ","メタ情報候補","個別承認後に評価"
"C:\fchart\chokan\taisei\z20070126.csv","z20070126.csv",".csv","File","設定・定義候補",,"ファイル名・拡張子・配置のみ","メタ情報候補","個別承認後に評価"
"C:\fchart\chokan\taisei\z20070202.csv","z20070202.csv",".csv","File","設定・定義候補",,"ファイル名・拡張子・配置のみ","メタ情報候補","個別承認後に評価"
"C:\fchart\chokan\taisei\z20070205.csv","z20070205.csv",".csv","File","設定・定義候補",,"ファイル名・拡張子・配置のみ","メタ情報候補","個別承認後に評価"
"C:\fchart\chokan\taisei\z20070206.csv","z20070206.csv",".csv","File","設定・定義候補",,"ファイル名・拡張子・配置のみ","メタ情報候補","個別承認後に評価"
"C:\fchart\chokan\taisei\z20070207.csv","z20070207.csv",".csv","File","設定・定義候補",,"ファイル名・拡張子・配置のみ","メタ情報候補","個別承認後に評価"
"C:\fchart\chokan\taisei\z20070208.csv","z20070208.csv",".csv","File","設定・定義候補",,"ファイル名・拡張子・配置のみ","メタ情報候補","個別承認後に評価"
"C:\fchart\chokan\taisei\z20070209.csv","z20070209.csv",".csv","File","設定・定義候補",,"ファイル名・拡張子・配置のみ","メタ情報候補","個別承認後に評価"
"C:\fchart\chokan\taisei\z20070212.csv","z20070212.csv",".csv","File","設定・定義候補",,"ファイル名・拡張子・配置のみ","メタ情報候補","個別承認後に評価"
"C:\fchart\chokan\taisei\z20070213.csv","z20070213.csv",".csv","File","設定・定義候補",,"ファイル名・拡張子・配置のみ","メタ情報候補","個別承認後に評価"
"C:\fchart\chokan\taisei\z20070214.csv","z20070214.csv",".csv","File","設定・定義候補",,"ファイル名・拡張子・配置のみ","メタ情報候補","個別承認後に評価"
"C:\fchart\chokan\taisei\z20070215.csv","z20070215.csv",".csv","File","設定・定義候補",,"ファイル名・拡張子・配置のみ","メタ情報候補","個別承認後に評価"
"C:\fchart\chokan\taisei\z20070219.csv","z20070219.csv",".csv","File","設定・定義候補",,"ファイル名・拡張子・配置のみ","メタ情報候補","個別承認後に評価"
"C:\fchart\chokan\taisei\z20070220.csv","z20070220.csv",".csv","File","設定・定義候補",,"ファイル名・拡張子・配置のみ","メタ情報候補","個別承認後に評価"
"C:\fchart\chokan\taisei\z20070221.csv","z20070221.csv",".csv","File","設定・定義候補",,"ファイル名・拡張子・配置のみ","メタ情報候補","個別承認後に評価"
"C:\fchart\chokan\taisei\z20070222.csv","z20070222.csv",".csv","File","設定・定義候補",,"ファイル名・拡張子・配置のみ","メタ情報候補","個別承認後に評価"
"C:\fchart\chokan\taisei\z20070223.csv","z20070223.csv",".csv","File","設定・定義候補",,"ファイル名・拡張子・配置のみ","メタ情報候補","個別承認後に評価"
"C:\fchart\chokan\taisei\z20070226.csv","z20070226.csv",".csv","File","設定・定義候補",,"ファイル名・拡張子・配置のみ","メタ情報候補","個別承認後に評価"
"C:\fchart\chokan\taisei\z20070227.csv","z20070227.csv",".csv","File","設定・定義候補",,"ファイル名・拡張子・配置のみ","メタ情報候補","個別承認後に評価"
"C:\fchart\chokan\taisei\z20070228.csv","z20070228.csv",".csv","File","設定・定義候補",,"ファイル名・拡張子・配置のみ","メタ情報候補","個別承認後に評価"
"C:\fchart\chokan\taisei\z20070301.csv","z20070301.csv",".csv","File","設定・定義候補",,"ファイル名・拡張子・配置のみ","メタ情報候補","個別承認後に評価"
"C:\fchart\chokan\taisei\z20070302.csv","z20070302.csv",".csv","File","設定・定義候補",,"ファイル名・拡張子・配置のみ","メタ情報候補","個別承認後に評価"
"C:\fchart\chokan\taisei\z20070305.csv","z20070305.csv",".csv","File","設定・定義候補",,"ファイル名・拡張子・配置のみ","メタ情報候補","個別承認後に評価"
"C:\fchart\chokan\taisei\z20070306.csv","z20070306.csv",".csv","File","設定・定義候補",,"ファイル名・拡張子・配置のみ","メタ情報候補","個別承認後に評価"
"C:\fchart\chokan\taisei\z20070307.csv","z20070307.csv",".csv","File","設定・定義候補",,"ファイル名・拡張子・配置のみ","メタ情報候補","個別承認後に評価"
"C:\fchart\chokan\taisei\z20070308.csv","z20070308.csv",".csv","File","設定・定義候補",,"ファイル名・拡張子・配置のみ","メタ情報候補","個別承認後に評価"
"C:\fchart\chokan\taisei\z20070309.csv","z20070309.csv",".csv","File","設定・定義候補",,"ファイル名・拡張子・配置のみ","メタ情報候補","個別承認後に評価"
"C:\fchart\chokan\taisei\z20070312.csv","z20070312.csv",".csv","File","設定・定義候補",,"ファイル名・拡張子・配置のみ","メタ情報候補","個別承認後に評価"
"C:\fchart\chokan\taisei\z20070313.csv","z20070313.csv",".csv","File","設定・定義候補",,"ファイル名・拡張子・配置のみ","メタ情報候補","個別承認後に評価"
"C:\fchart\chokan\taisei\z20070314.csv","z20070314.csv",".csv","File","設定・定義候補",,"ファイル名・拡張子・配置のみ","メタ情報候補","個別承認後に評価"
"C:\fchart\chokan\taisei\z20070315.csv","z20070315.csv",".csv","File","設定・定義候補",,"ファイル名・拡張子・配置のみ","メタ情報候補","個別承認後に評価"
"C:\fchart\chokan\taisei\z20070319.csv","z20070319.csv",".csv","File","設定・定義候補",,"ファイル名・拡張子・配置のみ","メタ情報候補","個別承認後に評価"
"C:\fchart\chokan\taisei\z20070320.csv","z20070320.csv",".csv","File","設定・定義候補",,"ファイル名・拡張子・配置のみ","メタ情報候補","個別承認後に評価"
"C:\fchart\chokan\taisei\z20070321.csv","z20070321.csv",".csv","File","設定・定義候補",,"ファイル名・拡張子・配置のみ","メタ情報候補","個別承認後に評価"
"C:\fchart\chokan\taisei\z20070322.csv","z20070322.csv",".csv","File","設定・定義候補",,"ファイル名・拡張子・配置のみ","メタ情報候補","個別承認後に評価"
"C:\fchart\chokan\taisei\z20070323.csv","z20070323.csv",".csv","File","設定・定義候補",,"ファイル名・拡張子・配置のみ","メタ情報候補","個別承認後に評価"
"C:\fchart\chokan\taisei\z20070326.csv","z20070326.csv",".csv","File","設定・定義候補",,"ファイル名・拡張子・配置のみ","メタ情報候補","個別承認後に評価"
"C:\fchart\chokan\taisei\z20070327.csv","z20070327.csv",".csv","File","設定・定義候補",,"ファイル名・拡張子・配置のみ","メタ情報候補","個別承認後に評価"
"C:\fchart\chokan\taisei\z20070328.csv","z20070328.csv",".csv","File","設定・定義候補",,"ファイル名・拡張子・配置のみ","メタ情報候補","個別承認後に評価"
"C:\fchart\chokan\taisei\z20070329.csv","z20070329.csv",".csv","File","設定・定義候補",,"ファイル名・拡張子・配置のみ","メタ情報候補","個別承認後に評価"
"C:\fchart\chokan\taisei\z20070402.csv","z20070402.csv",".csv","File","設定・定義候補",,"ファイル名・拡張子・配置のみ","メタ情報候補","個別承認後に評価"
"C:\fchart\chokan\taisei\z20070403.csv","z20070403.csv",".csv","File","設定・定義候補",,"ファイル名・拡張子・配置のみ","メタ情報候補","個別承認後に評価"
"C:\fchart\chokan\taisei\z20070404.csv","z20070404.csv",".csv","File","設定・定義候補",,"ファイル名・拡張子・配置のみ","メタ情報候補","個別承認後に評価"
"C:\fchart\chokan\taisei\z20070405.csv","z20070405.csv",".csv","File","設定・定義候補",,"ファイル名・拡張子・配置のみ","メタ情報候補","個別承認後に評価"
"C:\fchart\chokan\taisei\z20070406.csv","z20070406.csv",".csv","File","設定・定義候補",,"ファイル名・拡張子・配置のみ","メタ情報候補","個別承認後に評価"
"C:\fchart\chokan\taisei\z20070409.csv","z20070409.csv",".csv","File","設定・定義候補",,"ファイル名・拡張子・配置のみ","メタ情報候補","個別承認後に評価"
"C:\fchart\chokan\taisei\z20070410.csv","z20070410.csv",".csv","File","設定・定義候補",,"ファイル名・拡張子・配置のみ","メタ情報候補","個別承認後に評価"
"C:\fchart\chokan\taisei\z20070411.csv","z20070411.csv",".csv","File","設定・定義候補",,"ファイル名・拡張子・配置のみ","メタ情報候補","個別承認後に評価"
"C:\fchart\chokan\taisei\z20070412.csv","z20070412.csv",".csv","File","設定・定義候補",,"ファイル名・拡張子・配置のみ","メタ情報候補","個別承認後に評価"
"C:\fchart\chokan\taisei\z20070413.csv","z20070413.csv",".csv","File","設定・定義候補",,"ファイル名・拡張子・配置のみ","メタ情報候補","個別承認後に評価"
"C:\fchart\chokan\taisei\z20070416.csv","z20070416.csv",".csv","File","設定・定義候補",,"ファイル名・拡張子・配置のみ","メタ情報候補","個別承認後に評価"
"C:\fchart\chokan\taisei\z20070417.csv","z20070417.csv",".csv","File","設定・定義候補",,"ファイル名・拡張子・配置のみ","メタ情報候補","個別承認後に評価"
"C:\fchart\chokan\taisei\z20070418.csv","z20070418.csv",".csv","File","設定・定義候補",,"ファイル名・拡張子・配置のみ","メタ情報候補","個別承認後に評価"
"C:\fchart\chokan\taisei\z20070419.csv","z20070419.csv",".csv","File","設定・定義候補",,"ファイル名・拡張子・配置のみ","メタ情報候補","個別承認後に評価"
"C:\fchart\chokan\taisei\z20070420.csv","z20070420.csv",".csv","File","設定・定義候補",,"ファイル名・拡張子・配置のみ","メタ情報候補","個別承認後に評価"
"C:\fchart\chokan\taisei\z20070423.csv","z20070423.csv",".csv","File","設定・定義候補",,"ファイル名・拡張子・配置のみ","メタ情報候補","個別承認後に評価"
"C:\fchart\chokan\taisei\z20070425.csv","z20070425.csv",".csv","File","設定・定義候補",,"ファイル名・拡張子・配置のみ","メタ情報候補","個別承認後に評価"
"C:\fchart\chokan\taisei\z20070426.csv","z20070426.csv",".csv","File","設定・定義候補",,"ファイル名・拡張子・配置のみ","メタ情報候補","個別承認後に評価"
"C:\fchart\chokan\taisei\z20070427.csv","z20070427.csv",".csv","File","設定・定義候補",,"ファイル名・拡張子・配置のみ","メタ情報候補","個別承認後に評価"
"C:\fchart\chokan\taisei\z20070430.csv","z20070430.csv",".csv","File","設定・定義候補",,"ファイル名・拡張子・配置のみ","メタ情報候補","個別承認後に評価"
"C:\fchart\chokan\taisei\z20070501.csv","z20070501.csv",".csv","File","設定・定義候補",,"ファイル名・拡張子・配置のみ","メタ情報候補","個別承認後に評価"
"C:\fchart\chokan\taisei\z20070502.csv","z20070502.csv",".csv","File","設定・定義候補",,"ファイル名・拡張子・配置のみ","メタ情報候補","個別承認後に評価"
"C:\fchart\chokan\taisei\z20070503.csv","z20070503.csv",".csv","File","設定・定義候補",,"ファイル名・拡張子・配置のみ","メタ情報候補","個別承認後に評価"
"C:\fchart\chokan\taisei\z20070504.csv","z20070504.csv",".csv","File","設定・定義候補",,"ファイル名・拡張子・配置のみ","メタ情報候補","個別承認後に評価"
"C:\fchart\chokan\taisei\z20070507.csv","z20070507.csv",".csv","File","設定・定義候補",,"ファイル名・拡張子・配置のみ","メタ情報候補","個別承認後に評価"
"C:\fchart\chokan\taisei\z20070508.csv","z20070508.csv",".csv","File","設定・定義候補",,"ファイル名・拡張子・配置のみ","メタ情報候補","個別承認後に評価"
"C:\fchart\chokan\taisei\z20070509.csv","z20070509.csv",".csv","File","設定・定義候補",,"ファイル名・拡張子・配置のみ","メタ情報候補","個別承認後に評価"
"C:\fchart\chokan\taisei\z20070510.csv","z20070510.csv",".csv","File","設定・定義候補",,"ファイル名・拡張子・配置のみ","メタ情報候補","個別承認後に評価"
"C:\fchart\chokan\taisei\z20070511.csv","z20070511.csv",".csv","File","設定・定義候補",,"ファイル名・拡張子・配置のみ","メタ情報候補","個別承認後に評価"
"C:\fchart\chokan\taisei\z20070514.csv","z20070514.csv",".csv","File","設定・定義候補",,"ファイル名・拡張子・配置のみ","メタ情報候補","個別承認後に評価"
"C:\fchart\chokan\taisei\z20070515.csv","z20070515.csv",".csv","File","設定・定義候補",,"ファイル名・拡張子・配置のみ","メタ情報候補","個別承認後に評価"
"C:\fchart\chokan\taisei\z20070516.csv","z20070516.csv",".csv","File","設定・定義候補",,"ファイル名・拡張子・配置のみ","メタ情報候補","個別承認後に評価"
"C:\fchart\chokan\taisei\z20070517.csv","z20070517.csv",".csv","File","設定・定義候補",,"ファイル名・拡張子・配置のみ","メタ情報候補","個別承認後に評価"
"C:\fchart\chokan\taisei\z20070523.csv","z20070523.csv",".csv","File","設定・定義候補",,"ファイル名・拡張子・配置のみ","メタ情報候補","個別承認後に評価"
"C:\fchart\chokan\taisei\z20070524.csv","z20070524.csv",".csv","File","設定・定義候補",,"ファイル名・拡張子・配置のみ","メタ情報候補","個別承認後に評価"
"C:\fchart\chokan\taisei\z20070525.csv","z20070525.csv",".csv","File","設定・定義候補",,"ファイル名・拡張子・配置のみ","メタ情報候補","個別承認後に評価"
"C:\fchart\chokan\taisei\z20070528.csv","z20070528.csv",".csv","File","設定・定義候補",,"ファイル名・拡張子・配置のみ","メタ情報候補","個別承認後に評価"
"C:\fchart\chokan\taisei\z20070529.csv","z20070529.csv",".csv","File","設定・定義候補",,"ファイル名・拡張子・配置のみ","メタ情報候補","個別承認後に評価"
"C:\fchart\chokan\taisei\z20070530.csv","z20070530.csv",".csv","File","設定・定義候補",,"ファイル名・拡張子・配置のみ","メタ情報候補","個別承認後に評価"
"C:\fchart\chokan\taisei\z20070531.csv","z20070531.csv",".csv","File","設定・定義候補",,"ファイル名・拡張子・配置のみ","メタ情報候補","個別承認後に評価"
"C:\fchart\chokan\taisei\z20070601.csv","z20070601.csv",".csv","File","設定・定義候補",,"ファイル名・拡張子・配置のみ","メタ情報候補","個別承認後に評価"
"C:\fchart\chokan\taisei\z20070604.csv","z20070604.csv",".csv","File","設定・定義候補",,"ファイル名・拡張子・配置のみ","メタ情報候補","個別承認後に評価"
"C:\fchart\chokan\taisei\z20070605.csv","z20070605.csv",".csv","File","設定・定義候補",,"ファイル名・拡張子・配置のみ","メタ情報候補","個別承認後に評価"
"C:\fchart\chokan\taisei\z20070606.csv","z20070606.csv",".csv","File","設定・定義候補",,"ファイル名・拡張子・配置のみ","メタ情報候補","個別承認後に評価"
"C:\fchart\chokan\taisei\z20070607.csv","z20070607.csv",".csv","File","設定・定義候補",,"ファイル名・拡張子・配置のみ","メタ情報候補","個別承認後に評価"
"C:\fchart\chokan\taisei\z20070608.csv","z20070608.csv",".csv","File","設定・定義候補",,"ファイル名・拡張子・配置のみ","メタ情報候補","個別承認後に評価"
"C:\fchart\chokan\taisei\z20070611.csv","z20070611.csv",".csv","File","設定・定義候補",,"ファイル名・拡張子・配置のみ","メタ情報候補","個別承認後に評価"
"C:\fchart\chokan\taisei\z20070612.csv","z20070612.csv",".csv","File","設定・定義候補",,"ファイル名・拡張子・配置のみ","メタ情報候補","個別承認後に評価"
"C:\fchart\chokan\taisei\z20070613.csv","z20070613.csv",".csv","File","設定・定義候補",,"ファイル名・拡張子・配置のみ","メタ情報候補","個別承認後に評価"
"C:\fchart\chokan\taisei\z20070614.csv","z20070614.csv",".csv","File","設定・定義候補",,"ファイル名・拡張子・配置のみ","メタ情報候補","個別承認後に評価"
"C:\fchart\chokan\taisei\z20070615.csv","z20070615.csv",".csv","File","設定・定義候補",,"ファイル名・拡張子・配置のみ","メタ情報候補","個別承認後に評価"
"C:\fchart\chokan\taisei\z20070618.csv","z20070618.csv",".csv","File","設定・定義候補",,"ファイル名・拡張子・配置のみ","メタ情報候補","個別承認後に評価"
"C:\fchart\chokan\taisei\z20070619.csv","z20070619.csv",".csv","File","設定・定義候補",,"ファイル名・拡張子・配置のみ","メタ情報候補","個別承認後に評価"
"C:\fchart\chokan\taisei\z20070620.csv","z20070620.csv",".csv","File","設定・定義候補",,"ファイル名・拡張子・配置のみ","メタ情報候補","個別承認後に評価"
"C:\fchart\chokan\taisei\z20070621.csv","z20070621.csv",".csv","File","設定・定義候補",,"ファイル名・拡張子・配置のみ","メタ情報候補","個別承認後に評価"
"C:\fchart\chokan\taisei\z20070625.csv","z20070625.csv",".csv","File","設定・定義候補",,"ファイル名・拡張子・配置のみ","メタ情報候補","個別承認後に評価"
"C:\fchart\chokan\taisei\z20070626.csv","z20070626.csv",".csv","File","設定・定義候補",,"ファイル名・拡張子・配置のみ","メタ情報候補","個別承認後に評価"
"C:\fchart\chokan\taisei\z20070627.csv","z20070627.csv",".csv","File","設定・定義候補",,"ファイル名・拡張子・配置のみ","メタ情報候補","個別承認後に評価"
"C:\fchart\chokan\taisei\z20070628.csv","z20070628.csv",".csv","File","設定・定義候補",,"ファイル名・拡張子・配置のみ","メタ情報候補","個別承認後に評価"
"C:\fchart\chokan\taisei\z20070629.csv","z20070629.csv",".csv","File","設定・定義候補",,"ファイル名・拡張子・配置のみ","メタ情報候補","個別承認後に評価"
"C:\fchart\chokan\taisei\z20070702.csv","z20070702.csv",".csv","File","設定・定義候補",,"ファイル名・拡張子・配置のみ","メタ情報候補","個別承認後に評価"
"C:\fchart\chokan\taisei\z20070703.csv","z20070703.csv",".csv","File","設定・定義候補",,"ファイル名・拡張子・配置のみ","メタ情報候補","個別承認後に評価"
"C:\fchart\chokan\taisei\z20070704.csv","z20070704.csv",".csv","File","設定・定義候補",,"ファイル名・拡張子・配置のみ","メタ情報候補","個別承認後に評価"
"C:\fchart\chokan\taisei\z20070705.csv","z20070705.csv",".csv","File","設定・定義候補",,"ファイル名・拡張子・配置のみ","メタ情報候補","個別承認後に評価"
"C:\fchart\chokan\taisei\z20070706.csv","z20070706.csv",".csv","File","設定・定義候補",,"ファイル名・拡張子・配置のみ","メタ情報候補","個別承認後に評価"
"C:\fchart\chokan\taisei\z20070709.csv","z20070709.csv",".csv","File","設定・定義候補",,"ファイル名・拡張子・配置のみ","メタ情報候補","個別承認後に評価"
"C:\fchart\chokan\taisei\z20070710.csv","z20070710.csv",".csv","File","設定・定義候補",,"ファイル名・拡張子・配置のみ","メタ情報候補","個別承認後に評価"
"C:\fchart\chokan\taisei\z20070711.csv","z20070711.csv",".csv","File","設定・定義候補",,"ファイル名・拡張子・配置のみ","メタ情報候補","個別承認後に評価"
"C:\fchart\chokan\taisei\z20070712.csv","z20070712.csv",".csv","File","設定・定義候補",,"ファイル名・拡張子・配置のみ","メタ情報候補","個別承認後に評価"
"C:\fchart\chokan\taisei\z20070713.csv","z20070713.csv",".csv","File","設定・定義候補",,"ファイル名・拡張子・配置のみ","メタ情報候補","個別承認後に評価"
"C:\fchart\chokan\taisei\z20070716.csv","z20070716.csv",".csv","File","設定・定義候補",,"ファイル名・拡張子・配置のみ","メタ情報候補","個別承認後に評価"
"C:\fchart\chokan\taisei\z20070717.csv","z20070717.csv",".csv","File","設定・定義候補",,"ファイル名・拡張子・配置のみ","メタ情報候補","個別承認後に評価"
"C:\fchart\chokan\taisei\z20070718.csv","z20070718.csv",".csv","File","設定・定義候補",,"ファイル名・拡張子・配置のみ","メタ情報候補","個別承認後に評価"
"C:\fchart\chokan\taisei\z20070723.csv","z20070723.csv",".csv","File","設定・定義候補",,"ファイル名・拡張子・配置のみ","メタ情報候補","個別承認後に評価"
"C:\fchart\chokan\taisei\z20070724.csv","z20070724.csv",".csv","File","設定・定義候補",,"ファイル名・拡張子・配置のみ","メタ情報候補","個別承認後に評価"
"C:\fchart\chokan\taisei\z20070725.csv","z20070725.csv",".csv","File","設定・定義候補",,"ファイル名・拡張子・配置のみ","メタ情報候補","個別承認後に評価"
"C:\fchart\chokan\taisei\z20070726.csv","z20070726.csv",".csv","File","設定・定義候補",,"ファイル名・拡張子・配置のみ","メタ情報候補","個別承認後に評価"
"C:\fchart\chokan\taisei\z20070727.csv","z20070727.csv",".csv","File","設定・定義候補",,"ファイル名・拡張子・配置のみ","メタ情報候補","個別承認後に評価"
"C:\fchart\chokan\taisei\z20070730.csv","z20070730.csv",".csv","File","設定・定義候補",,"ファイル名・拡張子・配置のみ","メタ情報候補","個別承認後に評価"
"C:\fchart\chokan\taisei\z20070731.csv","z20070731.csv",".csv","File","設定・定義候補",,"ファイル名・拡張子・配置のみ","メタ情報候補","個別承認後に評価"
"C:\fchart\chokan\taisei\z20070801.csv","z20070801.csv",".csv","File","設定・定義候補",,"ファイル名・拡張子・配置のみ","メタ情報候補","個別承認後に評価"
"C:\fchart\chokan\taisei\z20070802.csv","z20070802.csv",".csv","File","設定・定義候補",,"ファイル名・拡張子・配置のみ","メタ情報候補","個別承認後に評価"
"C:\fchart\chokan\taisei\z20070803.csv","z20070803.csv",".csv","File","設定・定義候補",,"ファイル名・拡張子・配置のみ","メタ情報候補","個別承認後に評価"
"C:\fchart\chokan\taisei\z20070806.csv","z20070806.csv",".csv","File","設定・定義候補",,"ファイル名・拡張子・配置のみ","メタ情報候補","個別承認後に評価"
"C:\fchart\chokan\taisei\z20070807.csv","z20070807.csv",".csv","File","設定・定義候補",,"ファイル名・拡張子・配置のみ","メタ情報候補","個別承認後に評価"
"C:\fchart\chokan\taisei\z20070808.csv","z20070808.csv",".csv","File","設定・定義候補",,"ファイル名・拡張子・配置のみ","メタ情報候補","個別承認後に評価"
"C:\fchart\chokan\taisei\z20070809.csv","z20070809.csv",".csv","File","設定・定義候補",,"ファイル名・拡張子・配置のみ","メタ情報候補","個別承認後に評価"
"C:\fchart\chokan\taisei\z20070810.csv","z20070810.csv",".csv","File","設定・定義候補",,"ファイル名・拡張子・配置のみ","メタ情報候補","個別承認後に評価"
"C:\fchart\chokan\taisei\z20070813.csv","z20070813.csv",".csv","File","設定・定義候補",,"ファイル名・拡張子・配置のみ","メタ情報候補","個別承認後に評価"
"C:\fchart\chokan\taisei\z20070814.csv","z20070814.csv",".csv","File","設定・定義候補",,"ファイル名・拡張子・配置のみ","メタ情報候補","個別承認後に評価"
"C:\fchart\chokan\taisei\z20070815.csv","z20070815.csv",".csv","File","設定・定義候補",,"ファイル名・拡張子・配置のみ","メタ情報候補","個別承認後に評価"
"C:\fchart\chokan\taisei\z20070816.csv","z20070816.csv",".csv","File","設定・定義候補",,"ファイル名・拡張子・配置のみ","メタ情報候補","個別承認後に評価"
"C:\fchart\chokan\taisei\z20070817.csv","z20070817.csv",".csv","File","設定・定義候補",,"ファイル名・拡張子・配置のみ","メタ情報候補","個別承認後に評価"
"C:\fchart\chokan\taisei\z20070820.csv","z20070820.csv",".csv","File","設定・定義候補",,"ファイル名・拡張子・配置のみ","メタ情報候補","個別承認後に評価"
"C:\fchart\chokan\taisei\z20070821.csv","z20070821.csv",".csv","File","設定・定義候補",,"ファイル名・拡張子・配置のみ","メタ情報候補","個別承認後に評価"
"C:\fchart\chokan\taisei\z20070822.csv","z20070822.csv",".csv","File","設定・定義候補",,"ファイル名・拡張子・配置のみ","メタ情報候補","個別承認後に評価"
"C:\fchart\chokan\taisei\z20070823.csv","z20070823.csv",".csv","File","設定・定義候補",,"ファイル名・拡張子・配置のみ","メタ情報候補","個別承認後に評価"
"C:\fchart\chokan\taisei\z20070824.csv","z20070824.csv",".csv","File","設定・定義候補",,"ファイル名・拡張子・配置のみ","メタ情報候補","個別承認後に評価"
"C:\fchart\chokan\taisei\z20070827.csv","z20070827.csv",".csv","File","設定・定義候補",,"ファイル名・拡張子・配置のみ","メタ情報候補","個別承認後に評価"
"C:\fchart\chokan\taisei\z20070828.csv","z20070828.csv",".csv","File","設定・定義候補",,"ファイル名・拡張子・配置のみ","メタ情報候補","個別承認後に評価"
"C:\fchart\chokan\taisei\z20070829.csv","z20070829.csv",".csv","File","設定・定義候補",,"ファイル名・拡張子・配置のみ","メタ情報候補","個別承認後に評価"
"C:\fchart\chokan\taisei\z20070830.csv","z20070830.csv",".csv","File","設定・定義候補",,"ファイル名・拡張子・配置のみ","メタ情報候補","個別承認後に評価"
"C:\fchart\chokan\taisei\z20070903.csv","z20070903.csv",".csv","File","設定・定義候補",,"ファイル名・拡張子・配置のみ","メタ情報候補","個別承認後に評価"
"C:\fchart\chokan\taisei\z20070904.csv","z20070904.csv",".csv","File","設定・定義候補",,"ファイル名・拡張子・配置のみ","メタ情報候補","個別承認後に評価"
"C:\fchart\chokan\taisei\z20070905.csv","z20070905.csv",".csv","File","設定・定義候補",,"ファイル名・拡張子・配置のみ","メタ情報候補","個別承認後に評価"
"C:\fchart\chokan\taisei\z20070906.csv","z20070906.csv",".csv","File","設定・定義候補",,"ファイル名・拡張子・配置のみ","メタ情報候補","個別承認後に評価"
"C:\fchart\chokan\taisei\z20070907.csv","z20070907.csv",".csv","File","設定・定義候補",,"ファイル名・拡張子・配置のみ","メタ情報候補","個別承認後に評価"
"C:\fchart\chokan\taisei\z20070910.csv","z20070910.csv",".csv","File","設定・定義候補",,"ファイル名・拡張子・配置のみ","メタ情報候補","個別承認後に評価"
"C:\fchart\chokan\taisei\z20070911.csv","z20070911.csv",".csv","File","設定・定義候補",,"ファイル名・拡張子・配置のみ","メタ情報候補","個別承認後に評価"
"C:\fchart\chokan\taisei\z20070912.csv","z20070912.csv",".csv","File","設定・定義候補",,"ファイル名・拡張子・配置のみ","メタ情報候補","個別承認後に評価"
"C:\fchart\chokan\taisei\z20070913.csv","z20070913.csv",".csv","File","設定・定義候補",,"ファイル名・拡張子・配置のみ","メタ情報候補","個別承認後に評価"
"C:\fchart\chokan\taisei\z20070914.csv","z20070914.csv",".csv","File","設定・定義候補",,"ファイル名・拡張子・配置のみ","メタ情報候補","個別承認後に評価"
"C:\fchart\chokan\taisei\z20070917.csv","z20070917.csv",".csv","File","設定・定義候補",,"ファイル名・拡張子・配置のみ","メタ情報候補","個別承認後に評価"
"C:\fchart\chokan\taisei\z20070918.csv","z20070918.csv",".csv","File","設定・定義候補",,"ファイル名・拡張子・配置のみ","メタ情報候補","個別承認後に評価"
"C:\fchart\chokan\taisei\z20070919.csv","z20070919.csv",".csv","File","設定・定義候補",,"ファイル名・拡張子・配置のみ","メタ情報候補","個別承認後に評価"
"C:\fchart\chokan\taisei\z20070920.csv","z20070920.csv",".csv","File","設定・定義候補",,"ファイル名・拡張子・配置のみ","メタ情報候補","個別承認後に評価"
"C:\fchart\chokan\taisei\z20070921.csv","z20070921.csv",".csv","File","設定・定義候補",,"ファイル名・拡張子・配置のみ","メタ情報候補","個別承認後に評価"
"C:\fchart\chokan\taisei\z20070924.csv","z20070924.csv",".csv","File","設定・定義候補",,"ファイル名・拡張子・配置のみ","メタ情報候補","個別承認後に評価"
"C:\fchart\chokan\taisei\z20070925.csv","z20070925.csv",".csv","File","設定・定義候補",,"ファイル名・拡張子・配置のみ","メタ情報候補","個別承認後に評価"
"C:\fchart\chokan\taisei\z20070926.csv","z20070926.csv",".csv","File","設定・定義候補",,"ファイル名・拡張子・配置のみ","メタ情報候補","個別承認後に評価"
"C:\fchart\chokan\taisei\z20070927.csv","z20070927.csv",".csv","File","設定・定義候補",,"ファイル名・拡張子・配置のみ","メタ情報候補","個別承認後に評価"
"C:\fchart\chokan\taisei\z20070928.csv","z20070928.csv",".csv","File","設定・定義候補",,"ファイル名・拡張子・配置のみ","メタ情報候補","個別承認後に評価"
"C:\fchart\chokan\taisei\z20071001.csv","z20071001.csv",".csv","File","設定・定義候補",,"ファイル名・拡張子・配置のみ","メタ情報候補","個別承認後に評価"
"C:\fchart\chokan\taisei\z20071002.csv","z20071002.csv",".csv","File","設定・定義候補",,"ファイル名・拡張子・配置のみ","メタ情報候補","個別承認後に評価"
"C:\fchart\chokan\taisei\z20071003.csv","z20071003.csv",".csv","File","設定・定義候補",,"ファイル名・拡張子・配置のみ","メタ情報候補","個別承認後に評価"
"C:\fchart\chokan\taisei\z20071004.csv","z20071004.csv",".csv","File","設定・定義候補",,"ファイル名・拡張子・配置のみ","メタ情報候補","個別承認後に評価"
"C:\fchart\chokan\taisei\z20071005.csv","z20071005.csv",".csv","File","設定・定義候補",,"ファイル名・拡張子・配置のみ","メタ情報候補","個別承認後に評価"
"C:\fchart\chokan\taisei\z20071008.csv","z20071008.csv",".csv","File","設定・定義候補",,"ファイル名・拡張子・配置のみ","メタ情報候補","個別承認後に評価"
"C:\fchart\chokan\taisei\z20071009.csv","z20071009.csv",".csv","File","設定・定義候補",,"ファイル名・拡張子・配置のみ","メタ情報候補","個別承認後に評価"
"C:\fchart\chokan\taisei\z20071010.csv","z20071010.csv",".csv","File","設定・定義候補",,"ファイル名・拡張子・配置のみ","メタ情報候補","個別承認後に評価"
"C:\fchart\chokan\taisei\z20071011.csv","z20071011.csv",".csv","File","設定・定義候補",,"ファイル名・拡張子・配置のみ","メタ情報候補","個別承認後に評価"
"C:\fchart\chokan\taisei\z20071012.csv","z20071012.csv",".csv","File","設定・定義候補",,"ファイル名・拡張子・配置のみ","メタ情報候補","個別承認後に評価"
"C:\fchart\chokan\taisei\z20071015.csv","z20071015.csv",".csv","File","設定・定義候補",,"ファイル名・拡張子・配置のみ","メタ情報候補","個別承認後に評価"
"C:\fchart\chokan\taisei\z20071016.csv","z20071016.csv",".csv","File","設定・定義候補",,"ファイル名・拡張子・配置のみ","メタ情報候補","個別承認後に評価"
"C:\fchart\chokan\taisei\z20071017.csv","z20071017.csv",".csv","File","設定・定義候補",,"ファイル名・拡張子・配置のみ","メタ情報候補","個別承認後に評価"
"C:\fchart\chokan\taisei\z20071018.csv","z20071018.csv",".csv","File","設定・定義候補",,"ファイル名・拡張子・配置のみ","メタ情報候補","個別承認後に評価"
"C:\fchart\chokan\taisei\z20071019.csv","z20071019.csv",".csv","File","設定・定義候補",,"ファイル名・拡張子・配置のみ","メタ情報候補","個別承認後に評価"
"C:\fchart\chokan\taisei\z20071022.csv","z20071022.csv",".csv","File","設定・定義候補",,"ファイル名・拡張子・配置のみ","メタ情報候補","個別承認後に評価"
"C:\fchart\chokan\taisei\z20071023.csv","z20071023.csv",".csv","File","設定・定義候補",,"ファイル名・拡張子・配置のみ","メタ情報候補","個別承認後に評価"
"C:\fchart\chokan\taisei\z20071024.csv","z20071024.csv",".csv","File","設定・定義候補",,"ファイル名・拡張子・配置のみ","メタ情報候補","個別承認後に評価"
"C:\fchart\chokan\taisei\z20071025.csv","z20071025.csv",".csv","File","設定・定義候補",,"ファイル名・拡張子・配置のみ","メタ情報候補","個別承認後に評価"
"C:\fchart\chokan\taisei\z20071026.csv","z20071026.csv",".csv","File","設定・定義候補",,"ファイル名・拡張子・配置のみ","メタ情報候補","個別承認後に評価"
"C:\fchart\chokan\taisei\z20071029.csv","z20071029.csv",".csv","File","設定・定義候補",,"ファイル名・拡張子・配置のみ","メタ情報候補","個別承認後に評価"
"C:\fchart\chokan\taisei\z20071030.csv","z20071030.csv",".csv","File","設定・定義候補",,"ファイル名・拡張子・配置のみ","メタ情報候補","個別承認後に評価"
"C:\fchart\chokan\taisei\z20071031.csv","z20071031.csv",".csv","File","設定・定義候補",,"ファイル名・拡張子・配置のみ","メタ情報候補","個別承認後に評価"
"C:\fchart\chokan\taisei\z20071101.csv","z20071101.csv",".csv","File","設定・定義候補",,"ファイル名・拡張子・配置のみ","メタ情報候補","個別承認後に評価"
"C:\fchart\chokan\taisei\z20071102.csv","z20071102.csv",".csv","File","設定・定義候補",,"ファイル名・拡張子・配置のみ","メタ情報候補","個別承認後に評価"
"C:\fchart\chokan\taisei\z20071105.csv","z20071105.csv",".csv","File","設定・定義候補",,"ファイル名・拡張子・配置のみ","メタ情報候補","個別承認後に評価"
"C:\fchart\chokan\taisei\z20071106.csv","z20071106.csv",".csv","File","設定・定義候補",,"ファイル名・拡張子・配置のみ","メタ情報候補","個別承認後に評価"
"C:\fchart\chokan\taisei\z20071107.csv","z20071107.csv",".csv","File","設定・定義候補",,"ファイル名・拡張子・配置のみ","メタ情報候補","個別承認後に評価"
"C:\fchart\chokan\taisei\z20071108.csv","z20071108.csv",".csv","File","設定・定義候補",,"ファイル名・拡張子・配置のみ","メタ情報候補","個別承認後に評価"
"C:\fchart\chokan\taisei\z20071109.csv","z20071109.csv",".csv","File","設定・定義候補",,"ファイル名・拡張子・配置のみ","メタ情報候補","個別承認後に評価"
"C:\fchart\chokan\taisei\z20071112.csv","z20071112.csv",".csv","File","設定・定義候補",,"ファイル名・拡張子・配置のみ","メタ情報候補","個別承認後に評価"
"C:\fchart\chokan\taisei\z20071113.csv","z20071113.csv",".csv","File","設定・定義候補",,"ファイル名・拡張子・配置のみ","メタ情報候補","個別承認後に評価"
"C:\fchart\chokan\taisei\z20071114.csv","z20071114.csv",".csv","File","設定・定義候補",,"ファイル名・拡張子・配置のみ","メタ情報候補","個別承認後に評価"
"C:\fchart\chokan\taisei\z20071119.csv","z20071119.csv",".csv","File","設定・定義候補",,"ファイル名・拡張子・配置のみ","メタ情報候補","個別承認後に評価"
"C:\fchart\chokan\taisei\z20071120.csv","z20071120.csv",".csv","File","設定・定義候補",,"ファイル名・拡張子・配置のみ","メタ情報候補","個別承認後に評価"
"C:\fchart\chokan\taisei\z20071121.csv","z20071121.csv",".csv","File","設定・定義候補",,"ファイル名・拡張子・配置のみ","メタ情報候補","個別承認後に評価"
"C:\fchart\chokan\taisei\z20071122.csv","z20071122.csv",".csv","File","設定・定義候補",,"ファイル名・拡張子・配置のみ","メタ情報候補","個別承認後に評価"
"C:\fchart\chokan\taisei\z20071123.csv","z20071123.csv",".csv","File","設定・定義候補",,"ファイル名・拡張子・配置のみ","メタ情報候補","個別承認後に評価"
"C:\fchart\chokan\taisei\z20071126.csv","z20071126.csv",".csv","File","設定・定義候補",,"ファイル名・拡張子・配置のみ","メタ情報候補","個別承認後に評価"
"C:\fchart\chokan\taisei\z20071127.csv","z20071127.csv",".csv","File","設定・定義候補",,"ファイル名・拡張子・配置のみ","メタ情報候補","個別承認後に評価"
"C:\fchart\chokan\taisei\z20071128.csv","z20071128.csv",".csv","File","設定・定義候補",,"ファイル名・拡張子・配置のみ","メタ情報候補","個別承認後に評価"
"C:\fchart\chokan\taisei\z20071129.csv","z20071129.csv",".csv","File","設定・定義候補",,"ファイル名・拡張子・配置のみ","メタ情報候補","個別承認後に評価"
"C:\fchart\chokan\taisei\z20071130.csv","z20071130.csv",".csv","File","設定・定義候補",,"ファイル名・拡張子・配置のみ","メタ情報候補","個別承認後に評価"
"C:\fchart\chokan\taisei\z20071203.csv","z20071203.csv",".csv","File","設定・定義候補",,"ファイル名・拡張子・配置のみ","メタ情報候補","個別承認後に評価"
"C:\fchart\chokan\taisei\z20071204.csv","z20071204.csv",".csv","File","設定・定義候補",,"ファイル名・拡張子・配置のみ","メタ情報候補","個別承認後に評価"
"C:\fchart\chokan\taisei\z20071205.csv","z20071205.csv",".csv","File","設定・定義候補",,"ファイル名・拡張子・配置のみ","メタ情報候補","個別承認後に評価"
"C:\fchart\chokan\taisei\z20071206.csv","z20071206.csv",".csv","File","設定・定義候補",,"ファイル名・拡張子・配置のみ","メタ情報候補","個別承認後に評価"
"C:\fchart\chokan\taisei\z20071207.csv","z20071207.csv",".csv","File","設定・定義候補",,"ファイル名・拡張子・配置のみ","メタ情報候補","個別承認後に評価"
"C:\fchart\chokan\taisei\z20071210.csv","z20071210.csv",".csv","File","設定・定義候補",,"ファイル名・拡張子・配置のみ","メタ情報候補","個別承認後に評価"
"C:\fchart\chokan\taisei\z20071211.csv","z20071211.csv",".csv","File","設定・定義候補",,"ファイル名・拡張子・配置のみ","メタ情報候補","個別承認後に評価"
"C:\fchart\chokan\taisei\z20071212.csv","z20071212.csv",".csv","File","設定・定義候補",,"ファイル名・拡張子・配置のみ","メタ情報候補","個別承認後に評価"
"C:\fchart\chokan\taisei\z20071213.csv","z20071213.csv",".csv","File","設定・定義候補",,"ファイル名・拡張子・配置のみ","メタ情報候補","個別承認後に評価"
"C:\fchart\chokan\taisei\z20071214.csv","z20071214.csv",".csv","File","設定・定義候補",,"ファイル名・拡張子・配置のみ","メタ情報候補","個別承認後に評価"
"C:\fchart\chokan\taisei\z20071217.csv","z20071217.csv",".csv","File","設定・定義候補",,"ファイル名・拡張子・配置のみ","メタ情報候補","個別承認後に評価"
"C:\fchart\chokan\taisei\z20071218.csv","z20071218.csv",".csv","File","設定・定義候補",,"ファイル名・拡張子・配置のみ","メタ情報候補","個別承認後に評価"
"C:\fchart\chokan\taisei\z20071219.csv","z20071219.csv",".csv","File","設定・定義候補",,"ファイル名・拡張子・配置のみ","メタ情報候補","個別承認後に評価"
"C:\fchart\chokan\taisei\z20071220.csv","z20071220.csv",".csv","File","設定・定義候補",,"ファイル名・拡張子・配置のみ","メタ情報候補","個別承認後に評価"
"C:\fchart\chokan\taisei\z20071221.csv","z20071221.csv",".csv","File","設定・定義候補",,"ファイル名・拡張子・配置のみ","メタ情報候補","個別承認後に評価"
"C:\fchart\chokan\taisei\z20071224.csv","z20071224.csv",".csv","File","設定・定義候補",,"ファイル名・拡張子・配置のみ","メタ情報候補","個別承認後に評価"
"C:\fchart\chokan\taisei\z20071225.csv","z20071225.csv",".csv","File","設定・定義候補",,"ファイル名・拡張子・配置のみ","メタ情報候補","個別承認後に評価"
"C:\fchart\chokan\taisei\z20071226.csv","z20071226.csv",".csv","File","設定・定義候補",,"ファイル名・拡張子・配置のみ","メタ情報候補","個別承認後に評価"
"C:\fchart\chokan\taisei\z20071227.csv","z20071227.csv",".csv","File","設定・定義候補",,"ファイル名・拡張子・配置のみ","メタ情報候補","個別承認後に評価"
"C:\fchart\chokan\taisei\z20071228.csv","z20071228.csv",".csv","File","設定・定義候補",,"ファイル名・拡張子・配置のみ","メタ情報候補","個別承認後に評価"
"C:\fchart\chokan\taisei\z20071231.csv","z20071231.csv",".csv","File","設定・定義候補",,"ファイル名・拡張子・配置のみ","メタ情報候補","個別承認後に評価"
"C:\fchart\chokan\taisei\z20080101.csv","z20080101.csv",".csv","File","設定・定義候補",,"ファイル名・拡張子・配置のみ","メタ情報候補","個別承認後に評価"
"C:\fchart\chokan\taisei\z20080102.csv","z20080102.csv",".csv","File","設定・定義候補",,"ファイル名・拡張子・配置のみ","メタ情報候補","個別承認後に評価"
"C:\fchart\chokan\taisei\z20080103.csv","z20080103.csv",".csv","File","設定・定義候補",,"ファイル名・拡張子・配置のみ","メタ情報候補","個別承認後に評価"
"C:\fchart\chokan\taisei\z20080104.csv","z20080104.csv",".csv","File","設定・定義候補",,"ファイル名・拡張子・配置のみ","メタ情報候補","個別承認後に評価"
"C:\fchart\chokan\taisei\z20080107.csv","z20080107.csv",".csv","File","設定・定義候補",,"ファイル名・拡張子・配置のみ","メタ情報候補","個別承認後に評価"
"C:\fchart\chokan\taisei\z20080108.csv","z20080108.csv",".csv","File","設定・定義候補",,"ファイル名・拡張子・配置のみ","メタ情報候補","個別承認後に評価"
"C:\fchart\chokan\taisei\z20080109.csv","z20080109.csv",".csv","File","設定・定義候補",,"ファイル名・拡張子・配置のみ","メタ情報候補","個別承認後に評価"
"C:\fchart\chokan\taisei\z20080110.csv","z20080110.csv",".csv","File","設定・定義候補",,"ファイル名・拡張子・配置のみ","メタ情報候補","個別承認後に評価"
"C:\fchart\chokan\taisei\z20080111.csv","z20080111.csv",".csv","File","設定・定義候補",,"ファイル名・拡張子・配置のみ","メタ情報候補","個別承認後に評価"
"C:\fchart\chokan\taisei\z20080114.csv","z20080114.csv",".csv","File","設定・定義候補",,"ファイル名・拡張子・配置のみ","メタ情報候補","個別承認後に評価"
"C:\fchart\chokan\taisei\z20080115.csv","z20080115.csv",".csv","File","設定・定義候補",,"ファイル名・拡張子・配置のみ","メタ情報候補","個別承認後に評価"
"C:\fchart\chokan\taisei\z20080116.csv","z20080116.csv",".csv","File","設定・定義候補",,"ファイル名・拡張子・配置のみ","メタ情報候補","個別承認後に評価"
"C:\fchart\chokan\taisei\z20080117.csv","z20080117.csv",".csv","File","設定・定義候補",,"ファイル名・拡張子・配置のみ","メタ情報候補","個別承認後に評価"
"C:\fchart\chokan\taisei\z20080118.csv","z20080118.csv",".csv","File","設定・定義候補",,"ファイル名・拡張子・配置のみ","メタ情報候補","個別承認後に評価"
"C:\fchart\chokan\taisei\z20080121.csv","z20080121.csv",".csv","File","設定・定義候補",,"ファイル名・拡張子・配置のみ","メタ情報候補","個別承認後に評価"
"C:\fchart\chokan\taisei\z20080122.csv","z20080122.csv",".csv","File","設定・定義候補",,"ファイル名・拡張子・配置のみ","メタ情報候補","個別承認後に評価"
"C:\fchart\chokan\taisei\z20080123.csv","z20080123.csv",".csv","File","設定・定義候補",,"ファイル名・拡張子・配置のみ","メタ情報候補","個別承認後に評価"
"C:\fchart\chokan\taisei\z20080124.csv","z20080124.csv",".csv","File","設定・定義候補",,"ファイル名・拡張子・配置のみ","メタ情報候補","個別承認後に評価"
"C:\fchart\chokan\taisei\z20080125.csv","z20080125.csv",".csv","File","設定・定義候補",,"ファイル名・拡張子・配置のみ","メタ情報候補","個別承認後に評価"
"C:\fchart\chokan\taisei\z20080128.csv","z20080128.csv",".csv","File","設定・定義候補",,"ファイル名・拡張子・配置のみ","メタ情報候補","個別承認後に評価"
"C:\fchart\chokan\taisei\z20080129.csv","z20080129.csv",".csv","File","設定・定義候補",,"ファイル名・拡張子・配置のみ","メタ情報候補","個別承認後に評価"
"C:\fchart\chokan\taisei\z20080130.csv","z20080130.csv",".csv","File","設定・定義候補",,"ファイル名・拡張子・配置のみ","メタ情報候補","個別承認後に評価"
"C:\fchart\chokan\taisei\z20080131.csv","z20080131.csv",".csv","File","設定・定義候補",,"ファイル名・拡張子・配置のみ","メタ情報候補","個別承認後に評価"
"C:\fchart\chokan\taisei\z20080204.csv","z20080204.csv",".csv","File","設定・定義候補",,"ファイル名・拡張子・配置のみ","メタ情報候補","個別承認後に評価"
"C:\fchart\chokan\taisei\z20080205.csv","z20080205.csv",".csv","File","設定・定義候補",,"ファイル名・拡張子・配置のみ","メタ情報候補","個別承認後に評価"
"C:\fchart\chokan\taisei\z20080206.csv","z20080206.csv",".csv","File","設定・定義候補",,"ファイル名・拡張子・配置のみ","メタ情報候補","個別承認後に評価"
"C:\fchart\chokan\taisei\z20080207.csv","z20080207.csv",".csv","File","設定・定義候補",,"ファイル名・拡張子・配置のみ","メタ情報候補","個別承認後に評価"
"C:\fchart\chokan\taisei\z20080208.csv","z20080208.csv",".csv","File","設定・定義候補",,"ファイル名・拡張子・配置のみ","メタ情報候補","個別承認後に評価"
"C:\fchart\chokan\taisei\z20080211.csv","z20080211.csv",".csv","File","設定・定義候補",,"ファイル名・拡張子・配置のみ","メタ情報候補","個別承認後に評価"
"C:\fchart\chokan\taisei\z20080212.csv","z20080212.csv",".csv","File","設定・定義候補",,"ファイル名・拡張子・配置のみ","メタ情報候補","個別承認後に評価"
"C:\fchart\chokan\taisei\z20080213.csv","z20080213.csv",".csv","File","設定・定義候補",,"ファイル名・拡張子・配置のみ","メタ情報候補","個別承認後に評価"
"C:\fchart\chokan\taisei\z20080214.csv","z20080214.csv",".csv","File","設定・定義候補",,"ファイル名・拡張子・配置のみ","メタ情報候補","個別承認後に評価"
"C:\fchart\chokan\taisei\z20080215.csv","z20080215.csv",".csv","File","設定・定義候補",,"ファイル名・拡張子・配置のみ","メタ情報候補","個別承認後に評価"
"C:\fchart\chokan\taisei\z20080218.csv","z20080218.csv",".csv","File","設定・定義候補",,"ファイル名・拡張子・配置のみ","メタ情報候補","個別承認後に評価"
"C:\fchart\chokan\taisei\z20080219.csv","z20080219.csv",".csv","File","設定・定義候補",,"ファイル名・拡張子・配置のみ","メタ情報候補","個別承認後に評価"
"C:\fchart\chokan\taisei\z20080220.csv","z20080220.csv",".csv","File","設定・定義候補",,"ファイル名・拡張子・配置のみ","メタ情報候補","個別承認後に評価"
"C:\fchart\chokan\taisei\z20080221.csv","z20080221.csv",".csv","File","設定・定義候補",,"ファイル名・拡張子・配置のみ","メタ情報候補","個別承認後に評価"
"C:\fchart\chokan\taisei\z20080222.csv","z20080222.csv",".csv","File","設定・定義候補",,"ファイル名・拡張子・配置のみ","メタ情報候補","個別承認後に評価"
"C:\fchart\chokan\taisei\z20080225.csv","z20080225.csv",".csv","File","設定・定義候補",,"ファイル名・拡張子・配置のみ","メタ情報候補","個別承認後に評価"
"C:\fchart\chokan\taisei\z20080226.csv","z20080226.csv",".csv","File","設定・定義候補",,"ファイル名・拡張子・配置のみ","メタ情報候補","個別承認後に評価"
"C:\fchart\chokan\taisei\z20080227.csv","z20080227.csv",".csv","File","設定・定義候補",,"ファイル名・拡張子・配置のみ","メタ情報候補","個別承認後に評価"
"C:\fchart\chokan\taisei\z20080228.csv","z20080228.csv",".csv","File","設定・定義候補",,"ファイル名・拡張子・配置のみ","メタ情報候補","個別承認後に評価"
"C:\fchart\chokan\taisei\z20080229.csv","z20080229.csv",".csv","File","設定・定義候補",,"ファイル名・拡張子・配置のみ","メタ情報候補","個別承認後に評価"
"C:\fchart\chokan\taisei\z20080303.csv","z20080303.csv",".csv","File","設定・定義候補",,"ファイル名・拡張子・配置のみ","メタ情報候補","個別承認後に評価"
"C:\fchart\chokan\taisei\z20080304.csv","z20080304.csv",".csv","File","設定・定義候補",,"ファイル名・拡張子・配置のみ","メタ情報候補","個別承認後に評価"
"C:\fchart\chokan\taisei\z20080305.csv","z20080305.csv",".csv","File","設定・定義候補",,"ファイル名・拡張子・配置のみ","メタ情報候補","個別承認後に評価"
"C:\fchart\chokan\taisei\z20080306.csv","z20080306.csv",".csv","File","設定・定義候補",,"ファイル名・拡張子・配置のみ","メタ情報候補","個別承認後に評価"
"C:\fchart\chokan\taisei\z20080307.csv","z20080307.csv",".csv","File","設定・定義候補",,"ファイル名・拡張子・配置のみ","メタ情報候補","個別承認後に評価"
"C:\fchart\chokan\taisei\z20080310.csv","z20080310.csv",".csv","File","設定・定義候補",,"ファイル名・拡張子・配置のみ","メタ情報候補","個別承認後に評価"
"C:\fchart\chokan\taisei\z20080311.csv","z20080311.csv",".csv","File","設定・定義候補",,"ファイル名・拡張子・配置のみ","メタ情報候補","個別承認後に評価"
"C:\fchart\chokan\taisei\z20080317.csv","z20080317.csv",".csv","File","設定・定義候補",,"ファイル名・拡張子・配置のみ","メタ情報候補","個別承認後に評価"
"C:\fchart\chokan\taisei\z20080318.csv","z20080318.csv",".csv","File","設定・定義候補",,"ファイル名・拡張子・配置のみ","メタ情報候補","個別承認後に評価"
"C:\fchart\chokan\taisei\z20080319.csv","z20080319.csv",".csv","File","設定・定義候補",,"ファイル名・拡張子・配置のみ","メタ情報候補","個別承認後に評価"
"C:\fchart\chokan\taisei\z20080320.csv","z20080320.csv",".csv","File","設定・定義候補",,"ファイル名・拡張子・配置のみ","メタ情報候補","個別承認後に評価"
"C:\fchart\chokan\taisei\z20080321.csv","z20080321.csv",".csv","File","設定・定義候補",,"ファイル名・拡張子・配置のみ","メタ情報候補","個別承認後に評価"
"C:\fchart\chokan\taisei\z20080324.csv","z20080324.csv",".csv","File","設定・定義候補",,"ファイル名・拡張子・配置のみ","メタ情報候補","個別承認後に評価"
"C:\fchart\chokan\taisei\z20080325.csv","z20080325.csv",".csv","File","設定・定義候補",,"ファイル名・拡張子・配置のみ","メタ情報候補","個別承認後に評価"
"C:\fchart\chokan\taisei\z20080326.csv","z20080326.csv",".csv","File","設定・定義候補",,"ファイル名・拡張子・配置のみ","メタ情報候補","個別承認後に評価"
"C:\fchart\chokan\taisei\z20080327.csv","z20080327.csv",".csv","File","設定・定義候補",,"ファイル名・拡張子・配置のみ","メタ情報候補","個別承認後に評価"
"C:\fchart\chokan\taisei\z20080328.csv","z20080328.csv",".csv","File","設定・定義候補",,"ファイル名・拡張子・配置のみ","メタ情報候補","個別承認後に評価"
"C:\fchart\chokan\taisei\z20080331.csv","z20080331.csv",".csv","File","設定・定義候補",,"ファイル名・拡張子・配置のみ","メタ情報候補","個別承認後に評価"
"C:\fchart\chokan\taisei\z20080401.csv","z20080401.csv",".csv","File","設定・定義候補",,"ファイル名・拡張子・配置のみ","メタ情報候補","個別承認後に評価"
"C:\fchart\chokan\taisei\z20080402.csv","z20080402.csv",".csv","File","設定・定義候補",,"ファイル名・拡張子・配置のみ","メタ情報候補","個別承認後に評価"
"C:\fchart\chokan\taisei\z20080403.csv","z20080403.csv",".csv","File","設定・定義候補",,"ファイル名・拡張子・配置のみ","メタ情報候補","個別承認後に評価"
"C:\fchart\data\MACRO\SIM.TXT","SIM.TXT",".TXT","File","設定・定義候補",,"ファイル名・拡張子・配置のみ","メタ情報候補","個別承認後に評価"
"C:\fchart\DOWN LOAD.files\fchart\COMMENT.LST","COMMENT.LST",".LST","File","設定・定義候補",,"ファイル名・拡張子・配置のみ","メタ情報候補","個別承認後に評価"
"C:\fchart\DOWN LOAD.files\fchart\defalt.ini","defalt.ini",".ini","File","設定・定義候補",,"ファイル名・拡張子・配置のみ","メタ情報候補","個別承認後に評価"
"C:\fchart\DOWN LOAD.files\fchart\kabu.lst","kabu.lst",".lst","File","銘柄マスター・コード候補",,"ファイル名・拡張子・配置のみ","メタ情報候補","個別承認後に評価"
"C:\fchart\DOWN LOAD.files\fchart\Kabujoho.ket","Kabujoho.ket",".ket","File","銘柄マスター・コード候補",,"ファイル名・拡張子・配置のみ","メタ情報候補","個別承認後に評価"
"C:\fchart\DOWN LOAD.files\fchart\KABUTO.KET","KABUTO.KET",".KET","File","銘柄マスター・コード候補",,"ファイル名・拡張子・配置のみ","メタ情報候補","個別承認後に評価"
"C:\fchart\DOWN LOAD.files\fchart\kenri.ini","kenri.ini",".ini","File","コーポレートアクション候補",,"ファイル名・拡張子・配置のみ","メタ情報候補","個別承認後に評価"
"C:\fchart\DOWN LOAD.files\fchart\PAN.CFG","PAN.CFG",".CFG","File","設定・定義候補",,"ファイル名・拡張子・配置のみ","メタ情報候補","個別承認後に評価"
"C:\fchart\DOWN LOAD.files\fchart\pdftos2.txt","pdftos2.txt",".txt","File","設定・定義候補",,"ファイル名・拡張子・配置のみ","メタ情報候補","個別承認後に評価"
"C:\fchart\DOWN LOAD.files\fchart\Ritc.cfg","Ritc.cfg",".cfg","File","設定・定義候補",,"ファイル名・拡張子・配置のみ","メタ情報候補","個別承認後に評価"
"C:\fchart\DOWN LOAD.files\fchart\Shohin.ini","Shohin.ini",".ini","File","設定・定義候補",,"ファイル名・拡張子・配置のみ","メタ情報候補","個別承認後に評価"
"C:\fchart\DOWN LOAD.files\fchart\shohin.lst","shohin.lst",".lst","File","設定・定義候補",,"ファイル名・拡張子・配置のみ","メタ情報候補","個別承認後に評価"
"C:\fchart\DOWN LOAD.files\fchart\Taisei.cfg","Taisei.cfg",".cfg","File","設定・定義候補",,"ファイル名・拡張子・配置のみ","メタ情報候補","個別承認後に評価"
"C:\fchart\DOWN LOAD.files\fchart\textfile.lst","textfile.lst",".lst","File","設定・定義候補",,"ファイル名・拡張子・配置のみ","メタ情報候補","個別承認後に評価"
"C:\fchart\DOWN LOAD.files\fchart\usa.lst","usa.lst",".lst","File","設定・定義候補",,"ファイル名・拡張子・配置のみ","メタ情報候補","個別承認後に評価"
"C:\fchart\DOWN LOAD.files\kigyo\kigyo.lzh","kigyo.lzh",".lzh","File","企業業績・財務関連候補",,"ファイル名・拡張子・配置のみ","メタ情報候補","個別承認後に評価"
"C:\fchart\DOWN LOAD.files\verup\VERUP.TXT","VERUP.TXT",".TXT","File","設定・定義候補",,"ファイル名・拡張子・配置のみ","メタ情報候補","個別承認後に評価"
"C:\fchart\shohin\base\5010000東京大豆.csv","5010000東京大豆.csv",".csv","File","設定・定義候補",,"ファイル名・拡張子・配置のみ","メタ情報候補","個別承認後に評価"
"C:\fchart\shohin\base\5120000東京小豆.csv","5120000東京小豆.csv",".csv","File","設定・定義候補",,"ファイル名・拡張子・配置のみ","メタ情報候補","個別承認後に評価"
"C:\fchart\shohin\base\5210000東京粗糖.csv","5210000東京粗糖.csv",".csv","File","設定・定義候補",,"ファイル名・拡張子・配置のみ","メタ情報候補","個別承認後に評価"
"C:\fchart\shohin\base\5330000東京綿糸.csv","5330000東京綿糸.csv",".csv","File","設定・定義候補",,"ファイル名・拡張子・配置のみ","メタ情報候補","個別承認後に評価"
"C:\fchart\shohin\base\5410000前橋乾繭.csv","5410000前橋乾繭.csv",".csv","File","設定・定義候補",,"ファイル名・拡張子・配置のみ","メタ情報候補","個別承認後に評価"
"C:\fchart\shohin\base\5430000横浜生糸.csv","5430000横浜生糸.csv",".csv","File","設定・定義候補",,"ファイル名・拡張子・配置のみ","メタ情報候補","個別承認後に評価"
"C:\fchart\shohin\base\5710000東京ゴム.csv","5710000東京ゴム.csv",".csv","File","設定・定義候補",,"ファイル名・拡張子・配置のみ","メタ情報候補","個別承認後に評価"
"C:\fchart\shohin\base\5730000神戸ゴム指数.csv","5730000神戸ゴム指数.csv",".csv","File","設定・定義候補",,"ファイル名・拡張子・配置のみ","メタ情報候補","個別承認後に評価"
"C:\fchart\shohin\base\5810000東京金.csv","5810000東京金.csv",".csv","File","設定・定義候補",,"ファイル名・拡張子・配置のみ","メタ情報候補","個別承認後に評価"
"C:\fchart\shohin\base\5820000東京銀.csv","5820000東京銀.csv",".csv","File","設定・定義候補",,"ファイル名・拡張子・配置のみ","メタ情報候補","個別承認後に評価"
"C:\fchart\shohin\base\5830000東京白金.csv","5830000東京白金.csv",".csv","File","設定・定義候補",,"ファイル名・拡張子・配置のみ","メタ情報候補","個別承認後に評価"
"C:\fchart\shohin\base\5850000東京ｱﾙﾐﾆｳﾑ.csv","5850000東京ｱﾙﾐﾆｳﾑ.csv",".csv","File","設定・定義候補",,"ファイル名・拡張子・配置のみ","メタ情報候補","個別承認後に評価"
"C:\fchart\shohin\base\6050000東京コーン.csv","6050000東京コーン.csv",".csv","File","設定・定義候補",,"ファイル名・拡張子・配置のみ","メタ情報候補","個別承認後に評価"
"C:\fchart\shohin\base\6120000東京パラジウム.csv","6120000東京パラジウム.csv",".csv","File","設定・定義候補",,"ファイル名・拡張子・配置のみ","メタ情報候補","個別承認後に評価"
"C:\fchart\shohin\base\FUGO.CFG","FUGO.CFG",".CFG","File","設定・定義候補",,"ファイル名・拡張子・配置のみ","メタ情報候補","個別承認後に評価"
"C:\fchart\shohin\base\OOSAKA.CFG","OOSAKA.CFG",".CFG","File","設定・定義候補",,"ファイル名・拡張子・配置のみ","メタ情報候補","個別承認後に評価"
"C:\fchart\shohin\base\PAN.CFG","PAN.CFG",".CFG","File","設定・定義候補",,"ファイル名・拡張子・配置のみ","メタ情報候補","個別承認後に評価"
"C:\fchart\shohin\base\RITC.CFG","RITC.CFG",".CFG","File","設定・定義候補",,"ファイル名・拡張子・配置のみ","メタ情報候補","個別承認後に評価"
"C:\fchart\shohin\base\SHOHIN.CFG","SHOHIN.CFG",".CFG","File","設定・定義候補",,"ファイル名・拡張子・配置のみ","メタ情報候補","個別承認後に評価"
"C:\fchart\shohin\base\SHOHIN.LST","SHOHIN.LST",".LST","File","設定・定義候補",,"ファイル名・拡張子・配置のみ","メタ情報候補","個別承認後に評価"
"C:\fchart\shohin\base\日付チェック.txt","日付チェック.txt",".txt","File","設定・定義候補",,"ファイル名・拡張子・配置のみ","メタ情報候補","個別承認後に評価"
"C:\fchart\変換\1000\1919.txt","1919.txt",".txt","File","設定・定義候補",,"ファイル名・拡張子・配置のみ","メタ情報候補","個別承認後に評価"
